event,site,date,white,black,result,eco,total_moves,sacrifices,king_attacks,open_files_to_king,queen_attack_participation,rook_attack_participation,attacking_piece_concentration,center_control,extended_center_control,space_advantage,piece_activity,coordination,outposts,protected_pieces,rook_on_open_file,queen_on_open_file,tactical_captures,hanging_captures,winning_exchanges,discovered_checks,double_checks,material_winning_combinations,tactical_capture_rate,hanging_capture_rate,winning_exchange_rate,double_check_rate,discovered_check_rate,AggressiveScore,PositionalScore,Label
January 27 2026,?,2026.01.27,"Carlsen, Magnus","Rusu, Lucas",1-0,,63,0.0,0.5873015873015873,0.09523809523809523,3.5873015873015874,2.2698412698412698,0.42857142857142855,2.6984126984126986,9.444444444444445,9.873015873015873,12.33480386456577,9.0,0.0,9.0,0.3492063492063492,0.20634920634920634,28,10,8,0,0,2,0.4444,0.1587,0.127,0.0,0.0,62.37,37.63,Aggressive
January 29 First 2026,?,2026.01.29,"Carlsen, Magnus","Tulendinov, Dinmukhammed",1-0,,99,0.0,0.6363636363636364,0.010101010101010102,0.13131313131313133,2.8585858585858586,0.5252525252525253,2.5454545454545454,10.343434343434344,9.05050505050505,12.32167086561026,9.484848484848484,0.12121212121212122,9.484848484848484,0.16161616161616163,0.0,30,18,6,0,0,2,0.303,0.1818,0.0606,0.0,0.0,63.53,36.47,Aggressive
January 29 Second 2026,?,2026.01.29,"Carlsen, Magnus","Zhigalko, Sergei",1-0,,91,0.0,0.5824175824175825,0.14285714285714285,2.6923076923076925,1.2417582417582418,0.46153846153846156,2.791208791208791,9.692307692307692,8.934065934065934,12.981456242170527,10.43956043956044,0.1978021978021978,10.43956043956044,0.5824175824175825,0.12087912087912088,18,18,6,0,0,0,0.1978,0.1978,0.0659,0.0,0.0,56.12,43.88,Aggressive
January 29 Second 2026,?,2026.01.29,"Carlsen, Magnus","Fiorito, Joaquin",1-0,,57,0.0,0.2982456140350877,0.0,1.1929824561403508,0.6666666666666666,0.2982456140350877,3.2982456140350878,10.228070175438596,7.5964912280701755,15.346102046102049,12.894736842105264,0.0,12.894736842105264,0.05263157894736842,0.05263157894736842,18,4,2,0,0,0,0.3158,0.0702,0.0351,0.0,0.0,42.52,57.48,Positional
January 29 Second 2026,?,2026.01.29,"Carlsen, Magnus","Drygalov, Andrey",1-0,,161,0.0,1.1801242236024845,0.7515527950310559,0.6086956521739131,1.7763975155279503,0.6086956521739131,2.4037267080745344,8.993788819875776,8.24223602484472,9.952309422806323,6.857142857142857,0.006211180124223602,6.857142857142857,0.36645962732919257,0.024844720496894408,32,28,8,0,0,2,0.1988,0.1739,0.0497,0.0,0.0,71.7,28.3,Aggressive
January 29 Second 2026,?,2026.01.29,"Carlsen, Magnus","Bortnyk, Olexandr",1-0,,117,0.0,0.7948717948717948,0.15384615384615385,0.6068376068376068,4.222222222222222,0.5897435897435898,2.752136752136752,9.034188034188034,9.547008547008547,10.234982183059097,7.128205128205129,0.1452991452991453,7.128205128205129,0.18803418803418803,0.0,28,28,6,0,0,2,0.2393,0.2393,0.0513,0.0,0.0,68.81,31.19,Aggressive
January 29 Second 2026,?,2026.01.29,"Carlsen, Magnus","Zhukovskyi, Myhaylo",1-0,,43,0.0,0.37209302325581395,0.0,1.627906976744186,0.6511627906976745,0.37209302325581395,3.0232558139534884,9.581395348837209,6.534883720930233,14.188504131527392,11.604651162790697,0.046511627906976744,11.604651162790697,0.0,0.0,10,4,2,0,0,0,0.2326,0.093,0.0465,0.0,0.0,35.73,64.27,Positional
January 29 First 2026,?,2026.01.29,"Carlsen, Magnus","Nakamura, Hikaru",1-0,,65,0.0,0.49230769230769234,0.18461538461538463,2.3076923076923075,1.3076923076923077,0.4,3.0,11.307692307692308,9.523076923076923,14.429821844821843,11.338461538461539,0.0,11.338461538461539,0.07692307692307693,0.0,10,16,0,0,0,0,0.1538,0.2462,0.0,0.0,0.0,41.75,58.25,Positional
January 29 First 2026,?,2026.01.29,"Carlsen, Magnus","Kollars, Dmitrij",1-0,,89,0.0,0.5842696629213483,0.5280898876404494,0.5617977528089888,1.0449438202247192,0.48314606741573035,2.730337078651685,9.606741573033707,8.280898876404494,11.706729724707255,9.101123595505618,0.10112359550561797,9.101123595505618,0.23595505617977527,0.0,22,20,4,0,0,2,0.2472,0.2247,0.0449,0.0,0.0,59.88,40.12,Aggressive
January 29 First 2026,?,2026.01.29,"Carlsen, Magnus","Tabatabaei, M. Amin",1-0,,117,0.0,0.8974358974358975,0.5982905982905983,0.09401709401709402,4.239316239316239,0.6837606837606838,2.1025641025641026,8.623931623931623,9.401709401709402,10.558143755579652,7.6752136752136755,0.0,7.6752136752136755,0.41025641025641024,0.02564102564102564,26,30,4,0,0,2,0.2222,0.2564,0.0342,0.0,0.0,67.82,32.18,Aggressive
January 29 First 2026,?,2026.01.29,"Carlsen, Magnus","Nguyen, Ngoc Truong Son",1-0,,161,0.0,1.453416149068323,0.4658385093167702,0.782608695652174,1.6149068322981366,0.5714285714285714,2.559006211180124,9.937888198757763,8.565217391304348,10.566144138814945,7.788819875776397,0.037267080745341616,7.788819875776397,0.35403726708074534,0.018633540372670808,36,24,6,0,0,4,0.2236,0.1491,0.0373,0.0,0.0,70.41,29.59,Aggressive
February 03 2026,?,2026.02.03,"Carlsen, Magnus","Kourkoulos-Arditis, Stamatis",1-0,,97,0.0,0.9896907216494846,0.07216494845360824,0.7319587628865979,1.6288659793814433,0.7422680412371134,2.7731958762886597,9.185567010309278,8.164948453608247,10.547380883721091,7.927835051546392,0.030927835051546393,7.927835051546392,0.23711340206185566,0.041237113402061855,30,18,10,0,0,2,0.3093,0.1856,0.1031,0.0,0.0,67.95,32.05,Aggressive
February 03 2026,?,2026.02.03,"Carlsen, Magnus","Terry, Renato",1-0,,85,0.0,0.4117647058823529,0.8588235294117647,2.5647058823529414,3.364705882352941,0.4117647058823529,2.4941176470588236,8.68235294117647,8.352941176470589,10.419386626445448,7.341176470588235,0.0,7.341176470588235,0.38823529411764707,0.23529411764705882,28,26,8,0,0,2,0.3294,0.3059,0.0941,0.0,0.0,69.85,30.15,Aggressive
February 03 2026,?,2026.02.03,"Carlsen, Magnus",Nitish Belurkar,1-0,,57,0.0,0.2982456140350877,0.0,2.5964912280701755,0.5964912280701754,0.2982456140350877,2.8421052631578947,9.842105263157896,7.649122807017544,13.678542412752938,10.631578947368421,0.07017543859649122,10.631578947368421,0.0,0.0,16,18,8,0,0,4,0.2807,0.3158,0.1404,0.0,0.0,56.58,43.42,Aggressive
Speed Chess Championship 2025,?,2026.02.07,"Carlsen, Magnus","Lazavik, Denis",1-0,,103,0.0,0.36893203883495146,0.1941747572815534,0.6407766990291263,1.3980582524271845,0.24271844660194175,2.7766990291262137,9.20388349514563,6.941747572815534,11.820650169679293,9.281553398058252,0.07766990291262135,9.281553398058252,0.2815533980582524,0.0,30,24,4,0,0,2,0.2913,0.233,0.0388,0.0,0.0,65.94,34.06,Aggressive
Speed Chess Championship 2025,?,2026.02.07,"Carlsen, Magnus","Lazavik, Denis",1-0,,109,0.0,0.5045871559633027,0.7981651376146789,1.073394495412844,2.1009174311926606,0.43119266055045874,2.6513761467889907,9.935779816513762,8.724770642201834,12.120216760813095,9.522935779816514,0.10091743119266056,9.522935779816514,0.1834862385321101,0.0,24,24,8,0,0,4,0.2202,0.2202,0.0734,0.0,0.0,63.97,36.03,Aggressive
Speed Chess Championship 2025,?,2026.02.07,"Carlsen, Magnus","Lazavik, Denis",1-0,,117,0.0,0.3247863247863248,0.39316239316239315,0.7264957264957265,2.9572649572649574,0.24786324786324787,2.7094017094017095,8.820512820512821,8.350427350427351,11.365035297086578,8.188034188034187,0.08547008547008547,8.188034188034187,0.13675213675213677,0.0,34,24,6,0,0,2,0.2906,0.2051,0.0513,0.0,0.0,69.14,30.86,Aggressive
Speed Chess Championship 2025,?,2026.02.07,"Carlsen, Magnus","Lazavik, Denis",1-0,,143,0.0,1.132867132867133,0.15384615384615385,0.8181818181818182,2.5874125874125875,0.6783216783216783,3.020979020979021,9.608391608391608,8.468531468531468,10.288600113949764,7.461538461538462,0.027972027972027972,7.461538461538462,0.5034965034965035,0.0,34,28,6,0,0,2,0.2378,0.1958,0.042,0.0,0.0,70.71,29.29,Aggressive
Speed Chess Championship 2025,?,2026.02.07,"Carlsen, Magnus","Lazavik, Denis",1-0,,85,0.0,0.5647058823529412,0.011764705882352941,0.7529411764705882,1.2117647058823529,0.3764705882352941,2.5647058823529414,9.776470588235295,7.176470588235294,12.81578049401579,10.152941176470588,0.11764705882352941,10.152941176470588,0.23529411764705882,0.0,22,24,0,0,0,0,0.2588,0.2824,0.0,0.0,0.0,58.24,41.76,Aggressive
Speed Chess Championship 2025,?,2026.02.07,"Carlsen, Magnus","Lazavik, Denis",1-0,,69,0.0,0.9710144927536232,0.2028985507246377,1.2608695652173914,1.463768115942029,0.8115942028985508,2.1884057971014492,8.985507246376812,6.956521739130435,12.368715624150402,9.826086956521738,0.11594202898550725,9.826086956521738,0.15942028985507245,0.0,20,12,10,0,0,2,0.2899,0.1739,0.1449,0.0,0.0,59.99,40.01,Aggressive
Speed Chess Championship 2025,?,2026.02.07,"Carlsen, Magnus","Lazavik, Denis",1-0,,133,0.0,0.9323308270676691,0.8421052631578947,0.5112781954887218,3.2781954887218046,0.7744360902255639,2.887218045112782,9.75187969924812,8.330827067669173,11.098425905756736,7.203007518796992,0.05263157894736842,7.203007518796992,0.5037593984962406,0.03759398496240601,30,20,4,0,0,2,0.2256,0.1504,0.0301,0.0,0.0,66.45,33.55,Aggressive
Speed Chess Championship 2025,?,2026.02.07,"Carlsen, Magnus","Lazavik, Denis",1-0,,121,0.0,0.8181818181818182,0.09090909090909091,4.900826446280992,1.628099173553719,0.8181818181818182,2.768595041322314,10.28099173553719,10.652892561983471,12.699362597916322,8.75206611570248,0.04132231404958678,8.75206611570248,0.21487603305785125,0.14049586776859505,26,26,2,0,0,0,0.2149,0.2149,0.0165,0.0,0.0,63.07,36.93,Aggressive
Speed Chess Championship 2025,?,2026.02.07,"Carlsen, Magnus","Lazavik, Denis",1-0,,123,0.0,0.991869918699187,0.0,2.4715447154471546,2.821138211382114,0.8780487804878049,3.097560975609756,10.333333333333334,9.845528455284553,12.157119393704761,8.959349593495935,0.2764227642276423,8.959349593495935,0.3983739837398374,0.3089430894308943,20,16,4,0,0,2,0.1626,0.1301,0.0325,0.0,0.0,57.49,42.51,Aggressive
Speed Chess Championship 2025,?,2026.02.08,"Carlsen, Magnus","Firouzja, Alireza",1-0,,111,0.0,1.1081081081081081,0.04504504504504504,0.05405405405405406,3.7387387387387387,0.5225225225225225,2.189189189189189,9.09009009009009,9.27027027027027,10.498943523943522,7.5675675675675675,0.02702702702702703,7.5675675675675675,0.7387387387387387,0.009009009009009009,30,26,6,0,0,2,0.2703,0.2342,0.0541,0.0,0.0,68.85,31.15,Aggressive
Speed Chess Championship 2025,?,2026.02.08,"Carlsen, Magnus","Firouzja, Alireza",1-0,,81,0.0,0.4444444444444444,0.37037037037037035,3.654320987654321,0.9012345679012346,0.30864197530864196,2.8395061728395063,11.567901234567902,10.518518518518519,13.005466755466754,10.148148148148149,0.0,10.148148148148149,0.2345679012345679,0.06172839506172839,18,14,2,0,0,0,0.2222,0.1728,0.0247,0.0,0.0,50.92,49.08,Aggressive
Speed Chess Championship 2025,?,2026.02.07,"Firouzja, Alireza","Nakamura, Hikaru",1-0,,107,0.0,0.5794392523364486,0.102803738317757,1.5233644859813085,3.3457943925233646,0.5046728971962616,2.364485981308411,8.841121495327103,9.785046728971963,10.876012123909321,6.906542056074766,0.0,6.906542056074766,0.45794392523364486,0.24299065420560748,30,24,4,0,0,2,0.2804,0.2243,0.0374,0.0,0.0,67.93,32.07,Aggressive
Speed Chess Championship 2025,?,2026.02.07,"Firouzja, Alireza","Nakamura, Hikaru",1-0,,75,0.0,0.30666666666666664,0.0,1.2266666666666666,1.2533333333333334,0.29333333333333333,2.8133333333333335,10.413333333333334,8.506666666666666,13.039226995226993,10.173333333333334,0.12,10.173333333333334,0.5333333333333333,0.0,20,12,2,0,0,2,0.2667,0.16,0.0267,0.0,0.0,52.18,47.82,Aggressive
Speed Chess Championship 2025,?,2026.02.07,"Firouzja, Alireza","Nakamura, Hikaru",1-0,,113,0.0,0.3185840707964602,0.0,1.079646017699115,1.3628318584070795,0.3185840707964602,2.752212389380531,10.43362831858407,9.256637168141593,13.210469962682351,9.876106194690266,0.04424778761061947,9.876106194690266,0.34513274336283184,0.0,16,18,2,0,0,2,0.1416,0.1593,0.0177,0.0,0.0,51.66,48.34,Aggressive
Speed Chess Championship 2025,?,2026.02.07,"Firouzja, Alireza","Nakamura, Hikaru",1-0,,59,0.0,0.15254237288135594,0.0,1.423728813559322,1.1864406779661016,0.15254237288135594,2.7288135593220337,10.305084745762711,8.254237288135593,14.147580197580195,10.932203389830509,0.13559322033898305,10.932203389830509,0.0,0.0,12,20,2,0,0,0,0.2034,0.339,0.0339,0.0,0.0,47.95,52.05,Positional
Speed Chess Championship 2025,?,2026.02.07,"Firouzja, Alireza","Nakamura, Hikaru",1-0,,131,0.0,0.7938931297709924,1.1068702290076335,0.2900763358778626,2.4580152671755724,0.6717557251908397,1.8473282442748091,7.984732824427481,7.190839694656488,8.298491076353672,5.00763358778626,0.030534351145038167,5.00763358778626,0.5038167938931297,0.0,28,36,10,0,0,4,0.2137,0.2748,0.0763,0.0,0.0,76.28,23.72,Aggressive
Speed Chess Championship 2025,?,2026.02.07,"Firouzja, Alireza","Nakamura, Hikaru",1-0,,95,0.0,1.1894736842105262,0.5263157894736842,0.6736842105263158,2.4526315789473685,0.9894736842105263,2.8105263157894735,9.336842105263157,10.136842105263158,11.105395043552935,8.547368421052632,0.06315789473684211,8.547368421052632,0.2,0.0,26,24,8,2,2,4,0.2737,0.2526,0.0842,0.0211,0.0211,66.96,33.04,Aggressive
Speed Chess Championship 2025,?,2026.02.08,"Firouzja, Alireza","Carlsen, Magnus",1-0,,75,0.0,0.24,0.0,2.973333333333333,1.76,0.24,3.08,10.76,8.946666666666667,14.021111777111782,10.813333333333333,0.04,10.813333333333333,0.21333333333333335,0.05333333333333334,18,16,4,0,0,2,0.24,0.2133,0.0533,0.0,0.0,53.48,46.52,Aggressive
Speed Chess Championship 2025,?,2026.02.08,"Firouzja, Alireza","Carlsen, Magnus",1-0,,59,0.0,0.4745762711864407,0.01694915254237288,2.6440677966101696,0.864406779661017,0.4745762711864407,2.7457627118644066,9.59322033898305,8.288135593220339,14.464671204501714,11.23728813559322,0.03389830508474576,11.23728813559322,0.1864406779661017,0.3050847457627119,18,8,0,0,0,0,0.3051,0.1356,0.0,0.0,0.0,46.48,53.52,Positional
Speed Chess Championship 2025,?,2026.02.08,"Firouzja, Alireza","Carlsen, Magnus",1-0,,109,0.0,0.7155963302752294,0.12844036697247707,4.027522935779817,0.8165137614678899,0.5779816513761468,2.5688073394495414,10.100917431192661,9.908256880733944,12.043006051033577,9.174311926605505,0.09174311926605505,9.174311926605505,0.21100917431192662,0.1559633027522936,24,18,10,0,0,2,0.2202,0.1651,0.0917,0.0,0.0,63.15,36.85,Aggressive
Speed Chess Championship 2025,?,2026.02.08,"Firouzja, Alireza","Carlsen, Magnus",1-0,,97,0.0,0.3711340206185567,0.0,1.9690721649484537,1.597938144329897,0.31958762886597936,2.845360824742268,9.360824742268042,6.927835051546392,12.0412408896945,8.938144329896907,0.020618556701030927,8.938144329896907,0.16494845360824742,0.020618556701030927,32,14,6,0,0,2,0.3299,0.1443,0.0619,0.0,0.0,65.46,34.54,Aggressive
Grand Chess Tour: Super Rapid & Blitz Poland 2026,?,2026.05.08,"Firouzja, Alireza","Niemann, Hans Moke",1-0,,183,0.0,1.0491803278688525,1.005464480874317,0.907103825136612,5.278688524590164,0.9016393442622951,2.4262295081967213,9.21311475409836,10.617486338797814,11.024887999068325,6.2349726775956285,0.03825136612021858,6.2349726775956285,0.4426229508196721,0.07103825136612021,28,30,4,0,0,2,0.153,0.1639,0.0219,0.0,0.0,68.87,31.13,Aggressive
Norway Chess,?,2026.05.25,"Firouzja, Alireza","Carlsen, Magnus",1-0,,75,0.0,0.3333333333333333,0.0,0.96,1.08,0.29333333333333333,3.2533333333333334,10.56,8.88,13.510525363525367,10.333333333333334,0.21333333333333335,10.333333333333334,0.21333333333333335,0.0,20,14,4,0,0,0,0.2667,0.1867,0.0533,0.0,0.0,52.68,47.32,Aggressive
Norway Chess,?,2026.05.26,"Firouzja, Alireza",Praggnanandhaa R,1-0,,119,0.0,0.6386554621848739,0.15126050420168066,0.4789915966386555,2.3445378151260505,0.42016806722689076,3.008403361344538,9.92436974789916,7.378151260504202,10.838361848235794,8.016806722689076,0.03361344537815126,8.016806722689076,0.15966386554621848,0.0,32,18,6,0,0,4,0.2689,0.1513,0.0504,0.0,0.0,67.35,32.65,Aggressive
Norway Chess,?,2026.05.30,"Firouzja, Alireza","Keymer, Vincent",1-0,,101,0.0,0.8910891089108911,0.31683168316831684,0.7128712871287128,5.227722772277228,0.801980198019802,2.396039603960396,8.762376237623762,10.445544554455445,11.42897537006448,7.683168316831683,0.1188118811881188,7.683168316831683,0.7029702970297029,0.0,32,20,4,0,0,2,0.3168,0.198,0.0396,0.0,0.0,66.99,33.01,Aggressive
Norway Chess,?,2026.06.02,"Firouzja, Alireza",Gukesh D,1-0,,121,0.0,0.7520661157024794,0.9669421487603306,0.2396694214876033,2.8595041322314048,0.5619834710743802,1.9834710743801653,8.066115702479339,8.272727272727273,8.71762243725054,5.925619834710743,0.10743801652892562,5.925619834710743,0.4793388429752066,0.008264462809917356,34,22,8,0,0,2,0.281,0.1818,0.0661,0.0,0.0,73.12,26.88,Aggressive
June 09 2026,?,2026.06.09,"Firouzja, Alireza","Wang, Shixu B",1-0,,83,0.0,0.7349397590361446,0.0,3.746987951807229,1.3012048192771084,0.6987951807228916,2.9879518072289155,11.024096385542169,9.373493975903614,13.877133642796288,10.566265060240964,0.024096385542168676,10.566265060240964,0.30120481927710846,0.10843373493975904,14,20,0,0,0,0,0.1687,0.241,0.0,0.0,0.0,50.02,49.98,Aggressive
June 09 2026,?,2026.06.09,"Firouzja, Alireza","Nurgaliyev, Sauat",1-0,,69,0.0,0.3333333333333333,0.14492753623188406,1.6376811594202898,0.9420289855072463,0.2753623188405797,2.8115942028985508,9.028985507246377,6.449275362318841,12.627666817884213,10.202898550724637,0.014492753623188406,10.202898550724637,0.2318840579710145,0.0,22,14,6,0,0,2,0.3188,0.2029,0.087,0.0,0.0,58.91,41.09,Aggressive
June 09 2026,?,2026.06.09,"Firouzja, Alireza","Ghoreishi Amiri, Seyed Kian",1-0,,147,0.0,0.7687074829931972,0.3673469387755102,0.54421768707483,4.244897959183674,0.6394557823129252,1.9319727891156462,7.285714285714286,9.231292517006803,9.750605422544202,6.129251700680272,0.11564625850340136,6.129251700680272,0.4965986394557823,0.0,36,32,12,0,0,6,0.2449,0.2177,0.0816,0.0,0.0,76.45,23.55,Aggressive
June 16 2026,?,2026.06.16,"Firouzja, Alireza","Hasanov, Zaur",1-0,,79,0.0,0.4810126582278481,0.0,1.8481012658227849,0.3924050632911392,0.4810126582278481,3.1772151898734178,10.316455696202532,7.658227848101266,14.579614689108352,12.20253164556962,0.24050632911392406,12.20253164556962,0.012658227848101266,0.0379746835443038,12,6,4,0,0,0,0.1519,0.0759,0.0506,0.0,0.0,40.47,59.53,Positional
Rapid,?,2026.06.17,"Firouzja, Alireza","Xu, Xiangyu",1-0,,127,0.0,0.7795275590551181,0.6062992125984252,0.4330708661417323,5.480314960629921,0.6299212598425197,2.84251968503937,9.84251968503937,12.433070866141732,10.487709643812007,7.188976377952756,0.25984251968503935,7.188976377952756,0.6377952755905512,0.0,26,22,10,0,0,2,0.2047,0.1732,0.0787,0.0,0.0,65.88,34.12,Aggressive
Rapid,?,2026.06.18,"Firouzja, Alireza","Suleymanli, Aydin",1-0,,115,0.0,0.7478260869565218,0.40869565217391307,0.808695652173913,2.9130434782608696,0.5739130434782609,2.5565217391304347,8.904347826086957,8.869565217391305,10.668433378215987,7.747826086956522,0.0,7.747826086956522,0.1391304347826087,0.034782608695652174,18,32,8,0,0,2,0.1565,0.2783,0.0696,0.0,0.0,65.85,34.15,Aggressive
Rapid,?,2026.06.18,"Firouzja, Alireza","Zhao, Jun",1-0,,75,0.0,0.32,0.0,1.6,1.0533333333333332,0.29333333333333333,3.066666666666667,10.48,7.613333333333333,14.066478484478484,11.746666666666666,0.04,11.746666666666666,0.02666666666666667,0.0,18,10,4,0,0,2,0.24,0.1333,0.0533,0.0,0.0,49.88,50.12,Positional
Rapid,?,2026.06.19,"Firouzja, Alireza","Andreikin, Dmitry",1-0,,81,0.0,0.7530864197530864,0.037037037037037035,3.7037037037037037,0.8395061728395061,0.7530864197530864,2.7777777777777777,10.777777777777779,9.901234567901234,13.46390882779772,9.728395061728396,0.024691358024691357,9.728395061728396,0.06172839506172839,0.16049382716049382,10,20,4,0,0,0,0.1235,0.2469,0.0494,0.0,0.0,49.9,50.1,Positional
Rapid,?,2026.06.19,"Firouzja, Alireza","Artemiev, Vladislav",1-0,,68,0.0,0.6911764705882353,0.0,2.7205882352941178,0.8529411764705882,0.6911764705882353,2.9558823529411766,10.852941176470589,9.955882352941176,14.596708887517714,11.338235294117647,0.04411764705882353,11.338235294117647,0.27941176470588236,0.19117647058823528,16,8,4,0,0,0,0.2353,0.1176,0.0588,0.0,0.0,46.33,53.67,Positional
Blitz | Pool C,?,2026.06.20,"Firouzja, Alireza","Hurtado, Felipe",1-0,,43,0.0,0.3488372093023256,0.046511627906976744,0.6976744186046512,1.3953488372093024,0.3023255813953488,2.488372093023256,10.44186046511628,8.651162790697674,14.937677826049919,12.418604651162791,0.0,12.418604651162791,0.3488372093023256,0.0,18,8,4,0,0,2,0.4186,0.186,0.093,0.0,0.0,47.37,52.63,Positional
Speed Chess Championship 2025,?,2026.02.07,"Firouzja, Alireza","Nakamura, Hikaru",0-1,,174,0.0,1.2183908045977012,0.6264367816091954,1.0057471264367817,3.632183908045977,0.8908045977011494,2.8275862068965516,9.793103448275861,9.71264367816092,11.44703586643241,7.086206896551724,0.1206896551724138,7.086206896551724,0.6436781609195402,0.07471264367816093,28,30,2,0,0,2,0.1609,0.1724,0.0115,0.0,0.0,67.04,32.96,Aggressive
Speed Chess Championship 2025,?,2026.02.07,"Firouzja, Alireza","Nakamura, Hikaru",0-1,,146,0.0,1.1986301369863013,0.3356164383561644,1.4109589041095891,3.684931506849315,0.9041095890410958,2.7054794520547945,9.808219178082192,11.623287671232877,11.698965418143501,8.219178082191782,0.3287671232876712,8.219178082191782,0.4520547945205479,0.0273972602739726,32,22,8,0,0,2,0.2192,0.1507,0.0548,0.0,0.0,67.01,32.99,Aggressive
Speed Chess Championship 2025,?,2026.02.07,"Firouzja, Alireza","Nakamura, Hikaru",0-1,,72,0.0,0.3611111111111111,0.0,2.861111111111111,2.486111111111111,0.3611111111111111,2.75,10.222222222222221,9.222222222222221,13.052459423292756,9.569444444444445,0.0,9.569444444444445,0.2361111111111111,0.16666666666666666,14,22,4,0,0,2,0.1944,0.3056,0.0556,0.0,0.0,55.18,44.82,Aggressive
Speed Chess Championship 2025,?,2026.02.07,"Firouzja, Alireza","Nakamura, Hikaru",0-1,,94,0.0,0.6702127659574468,0.2765957446808511,0.19148936170212766,1.7659574468085106,0.6170212765957447,2.4680851063829787,9.542553191489361,9.425531914893616,11.733898784430693,8.319148936170214,0.0,8.319148936170214,0.8404255319148937,0.010638297872340425,20,26,8,0,0,0,0.2128,0.2766,0.0851,0.0,0.0,62.35,37.65,Aggressive
Speed Chess Championship 2025,?,2026.02.07,"Firouzja, Alireza","Nakamura, Hikaru",0-1,,80,0.0,0.625,0.0,3.2,1.925,0.625,2.6125,10.85,10.0125,14.108287927350426,10.7375,0.025,10.7375,0.3125,0.075,14,22,2,0,0,0,0.175,0.275,0.025,0.0,0.0,51.77,48.23,Aggressive
Speed Chess Championship 2025,?,2026.02.08,"Firouzja, Alireza","Carlsen, Magnus",0-1,,124,0.0,0.9112903225806451,0.4435483870967742,0.717741935483871,0.20161290322580644,0.5241935483870968,2.7903225806451615,9.661290322580646,8.040322580645162,9.75717700758023,7.241935483870968,0.04838709677419355,7.241935483870968,0.08870967741935484,0.06451612903225806,34,24,6,0,0,2,0.2742,0.1935,0.0484,0.0,0.0,69.98,30.02,Aggressive
Speed Chess Championship 2025,?,2026.02.08,"Firouzja, Alireza","Carlsen, Magnus",0-1,,76,0.0,0.15789473684210525,0.0,1.4473684210526316,1.236842105263158,0.10526315789473684,3.223684210526316,10.407894736842104,8.06578947368421,13.701171160710636,11.210526315789474,0.18421052631578946,11.210526315789474,0.3684210526315789,0.02631578947368421,14,10,2,0,0,0,0.1842,0.1316,0.0263,0.0,0.0,43.86,56.14,Positional
Speed Chess Championship 2025,?,2026.02.08,"Firouzja, Alireza","Carlsen, Magnus",0-1,,100,0.0,0.96,0.48,2.33,0.63,0.68,2.75,10.33,9.28,10.5149971972472,8.06,0.25,8.06,0.11,0.04,20,22,8,2,2,4,0.2,0.22,0.08,0.02,0.02,64.22,35.78,Aggressive
Speed Chess Championship 2025,?,2026.02.08,"Firouzja, Alireza","Carlsen, Magnus",0-1,,140,0.0,0.5857142857142857,0.5714285714285714,1.6428571428571428,1.4285714285714286,0.42142857142857143,2.607142857142857,9.335714285714285,8.65,10.610207788243503,7.935714285714286,0.014285714285714285,7.935714285714286,0.15,0.02857142857142857,28,32,8,0,0,2,0.2,0.2286,0.0571,0.0,0.0,69.57,30.43,Aggressive
Speed Chess Championship 2025,?,2026.02.08,"Firouzja, Alireza","Carlsen, Magnus",0-1,,92,0.0,1.0326086956521738,0.13043478260869565,0.4891304347826087,1.0869565217391304,0.7717391304347826,3.010869565217391,10.41304347826087,8.434782608695652,12.422775624134323,9.369565217391305,0.13043478260869565,9.369565217391305,0.5434782608695652,0.021739130434782608,26,14,8,0,0,4,0.2826,0.1522,0.087,0.0,0.0,61.42,38.58,Aggressive
Grand Chess Tour: Super Rapid & Blitz Poland 2026,?,2026.05.05,"Firouzja, Alireza","Fedoseev, Vladimir",0-1,,122,0.0,0.9262295081967213,0.48360655737704916,0.45901639344262296,4.942622950819672,0.7131147540983607,1.8278688524590163,7.991803278688525,9.270491803278688,8.651390299136203,5.557377049180328,0.07377049180327869,5.557377049180328,0.36065573770491804,0.13934426229508196,28,34,10,0,0,4,0.2295,0.2787,0.082,0.0,0.0,74.71,25.29,Aggressive
Grand Chess Tour: Super Rapid & Blitz Poland 2026,?,2026.05.06,"Firouzja, Alireza","So, Wesley",0-1,,56,0.0,0.6428571428571429,0.14285714285714285,2.4107142857142856,1.2321428571428572,0.6428571428571429,3.017857142857143,10.392857142857142,9.785714285714286,13.94396674753818,11.321428571428571,0.16071428571428573,11.321428571428571,0.39285714285714285,0.0,14,6,2,0,0,0,0.25,0.1071,0.0357,0.0,0.0,42.1,57.9,Positional
Grand Chess Tour: Super Rapid & Blitz Poland 2026,?,2026.05.06,"Firouzja, Alireza","Niemann, Hans Moke",0-1,,88,0.0,0.8636363636363636,0.17045454545454544,1.0568181818181819,5.409090909090909,0.6931818181818182,2.4318181818181817,8.818181818181818,8.522727272727273,11.013077988930265,8.022727272727273,0.011363636363636364,8.022727272727273,0.5454545454545454,0.07954545454545454,28,16,4,0,0,2,0.3182,0.1818,0.0455,0.0,0.0,65.25,34.75,Aggressive
Grand Chess Tour: Super Rapid & Blitz Poland 2026,?,2026.05.08,"Firouzja, Alireza","Caruana, Fabiano",0-1,,79,0.0,1.6455696202531647,0.012658227848101266,0.25316455696202533,0.1518987341772152,0.7341772151898734,2.7468354430379747,10.405063291139241,7.772151898734177,12.534374275513514,10.189873417721518,0.16455696202531644,10.189873417721518,0.0,0.0,16,6,8,0,0,2,0.2025,0.0759,0.1013,0.0,0.0,50.77,49.23,Aggressive
Grand Chess Tour: Super Chess Classic Romania 2026,?,2026.05.15,"Firouzja, Alireza","Vachier-Lagrave, Maxime",0-1,,118,0.0,0.5677966101694916,0.6694915254237288,6.279661016949152,0.3389830508474576,0.559322033898305,2.8813559322033897,10.067796610169491,11.661016949152541,11.169950365077481,7.262711864406779,0.1694915254237288,7.262711864406779,0.03389830508474576,0.2711864406779661,26,24,8,0,0,4,0.2203,0.2034,0.0678,0.0,0.0,66.55,33.45,Aggressive
June 09 2026,?,2026.06.09,"Firouzja, Alireza","Svane, Rasmus",0-1,,130,0.0,0.4076923076923077,0.11538461538461539,1.4615384615384615,2.3692307692307693,0.27692307692307694,2.9461538461538463,10.307692307692308,9.207692307692307,12.686526849219156,9.392307692307693,0.25384615384615383,9.392307692307693,0.23846153846153847,0.08461538461538462,22,24,4,0,0,2,0.1692,0.1846,0.0308,0.0,0.0,60.23,39.77,Aggressive
September 22 2026,?,2026.09.22,"Firouzja, Alireza","Karttunen, Mika",1-0,,59,0.0,0.3220338983050847,0.0,2.0847457627118646,0.3728813559322034,0.3220338983050847,2.847457627118644,11.0,8.254237288135593,14.685349396366341,12.11864406779661,0.03389830508474576,12.11864406779661,0.2033898305084746,0.01694915254237288,10,12,2,0,0,0,0.1695,0.2034,0.0339,0.0,0.0,39.99,60.01,Positional
September 22 2026,?,2026.09.22,"Firouzja, Alireza","Woodward, Andy",1-0,,135,0.0,0.5037037037037037,0.6444444444444445,3.0592592592592593,0.4888888888888889,0.43703703703703706,3.0444444444444443,10.118518518518519,8.844444444444445,10.909586195697308,7.703703703703703,0.2,7.703703703703703,0.28888888888888886,0.2074074074074074,28,24,4,0,0,0,0.2074,0.1778,0.0296,0.0,0.0,65.3,34.7,Aggressive
September 22 2026,?,2026.09.22,"Firouzja, Alireza","Piliposyan, Robert",1-0,,53,0.0,0.8301886792452831,0.09433962264150944,3.3207547169811322,0.8301886792452831,0.6226415094339622,3.339622641509434,11.150943396226415,10.69811320754717,14.372202640127167,11.679245283018869,0.1509433962264151,11.679245283018869,0.018867924528301886,0.018867924528301886,14,12,6,0,0,4,0.2642,0.2264,0.1132,0.0,0.0,49.09,50.91,Positional
September 22 2026,?,2026.09.22,"Firouzja, Alireza","Nepomniachtchi, Ian",1-0,,65,0.0,0.24615384615384617,0.18461538461538463,3.3846153846153846,0.9538461538461539,0.24615384615384617,2.7384615384615385,9.415384615384616,7.538461538461538,12.561899596130363,9.415384615384616,0.0,9.415384615384616,0.4153846153846154,0.09230769230769231,24,20,8,0,0,2,0.3692,0.3077,0.1231,0.0,0.0,63.46,36.54,Aggressive
September 22 2026,?,2026.09.22,"Firouzja, Alireza","Aravindh, Chithambaram VR.",1-0,,41,0.0,0.24390243902439024,0.0,1.0975609756097562,0.4146341463414634,0.24390243902439024,2.6097560975609757,9.634146341463415,6.463414634146342,14.387542944860021,12.121951219512194,0.024390243902439025,12.121951219512194,0.0,0.0,8,4,0,0,0,0,0.1951,0.0976,0.0,0.0,0.0,28.73,71.27,Positional
September 22 2026,?,2026.09.22,"Firouzja, Alireza","Kozak, Antoni",1-0,,117,0.0,1.2478632478632479,1.0427350427350428,0.8461538461538461,3.8034188034188032,0.7692307692307693,2.675213675213675,9.188034188034187,8.034188034188034,9.852456541559103,5.9914529914529915,0.0,5.9914529914529915,0.5470085470085471,0.02564102564102564,30,30,4,0,0,2,0.2564,0.2564,0.0342,0.0,0.0,71.35,28.65,Aggressive
September 29 2026,?,2026.09.29,"Firouzja, Alireza","Rosen, Eric",1-0,,117,0.0,1.0769230769230769,0.07692307692307693,4.094017094017094,2.1452991452991452,0.905982905982906,3.2735042735042734,11.034188034188034,12.803418803418804,12.62664012151192,9.735042735042734,0.3076923076923077,9.735042735042734,0.11965811965811966,0.09401709401709402,24,14,2,0,0,0,0.2051,0.1197,0.0171,0.0,0.0,55.83,44.17,Aggressive
September 29 2026,?,2026.09.29,"Firouzja, Alireza","Galchenko, Matvey",1-0,,95,0.0,0.9157894736842105,0.4421052631578947,2.8526315789473684,2.7157894736842105,0.8526315789473684,2.4947368421052634,9.736842105263158,11.031578947368422,11.765701549912073,8.547368421052632,0.10526315789473684,8.547368421052632,0.42105263157894735,0.16842105263157894,20,24,4,0,0,0,0.2105,0.2526,0.0421,0.0,0.0,60.52,39.48,Aggressive
September 29 2026,?,2026.09.29,"Firouzja, Alireza","Novikau, Mikita",1-0,,125,0.0,0.56,0.072,1.72,4.104,0.48,2.464,9.656,10.872,10.741469974469975,7.52,0.36,7.52,0.456,0.032,24,14,6,0,0,4,0.192,0.112,0.048,0.0,0.0,62.14,37.86,Aggressive
Speed Chess Championship 2025,?,2026.02.07,"Firouzja, Alireza","Nakamura, Hikaru",1/2-1/2,,118,0.0,0.9745762711864406,0.4322033898305085,1.2033898305084745,3.406779661016949,0.8220338983050848,2.652542372881356,9.694915254237289,9.5,11.17274251172556,8.211864406779661,0.0847457627118644,8.211864406779661,0.5423728813559322,0.1694915254237288,26,20,2,0,0,2,0.2203,0.1695,0.0169,0.0,0.0,62.82,37.18,Aggressive
Speed Chess Championship 2025,?,2026.02.07,"Firouzja, Alireza","Nakamura, Hikaru",1/2-1/2,,271,0.0,1.022140221402214,1.7416974169741697,0.04797047970479705,6.77859778597786,0.8745387453874539,1.970479704797048,7.217712177121771,9.6309963099631,9.699913913474798,3.1549815498154983,0.014760147601476014,3.1549815498154983,0.8339483394833949,0.0036900369003690036,28,30,4,0,0,0,0.1033,0.1107,0.0148,0.0,0.0,73.47,26.53,Aggressive
Speed Chess Championship 2025,?,2026.02.07,"Firouzja, Alireza","Nakamura, Hikaru",1/2-1/2,,139,0.0,0.7913669064748201,0.8848920863309353,0.6115107913669064,3.8776978417266186,0.6618705035971223,2.618705035971223,8.611510791366907,8.0,10.314657245232791,6.323741007194244,0.0,6.323741007194244,0.7122302158273381,0.0,36,32,6,0,0,4,0.259,0.2302,0.0432,0.0,0.0,74.1,25.9,Aggressive
Speed Chess Championship 2025,?,2026.02.08,"Firouzja, Alireza","Carlsen, Magnus",1/2-1/2,,53,0.0,0.18867924528301888,0.0,2.339622641509434,0.2641509433962264,0.18867924528301888,2.830188679245283,9.79245283018868,7.415094339622642,14.107448945184792,10.981132075471699,0.0,10.981132075471699,0.11320754716981132,0.1320754716981132,20,6,2,0,0,0,0.3774,0.1132,0.0377,0.0,0.0,48.43,51.57,Positional
Speed Chess Championship 2025,?,2026.02.08,"Firouzja, Alireza","Carlsen, Magnus",1/2-1/2,,162,0.0,0.9444444444444444,0.8827160493827161,0.5555555555555556,0.5432098765432098,0.6111111111111112,2.925925925925926,9.67283950617284,8.203703703703704,10.13607327172143,7.37037037037037,0.09876543209876543,7.37037037037037,0.24074074074074073,0.08641975308641975,34,22,6,0,0,2,0.2099,0.1358,0.037,0.0,0.0,69.08,30.92,Aggressive
Speed Chess Championship 2025,?,2026.02.08,"Firouzja, Alireza","Carlsen, Magnus",1/2-1/2,,87,0.0,0.4367816091954023,0.25287356321839083,3.7126436781609193,2.160919540229885,0.4367816091954023,3.1724137931034484,10.206896551724139,8.632183908045977,13.550713111920002,10.620689655172415,0.0,10.620689655172415,0.5402298850574713,0.06896551724137931,16,12,4,0,0,2,0.1839,0.1379,0.046,0.0,0.0,51.78,48.22,Aggressive
Speed Chess Championship 2025,?,2026.02.08,"Firouzja, Alireza","Carlsen, Magnus",1/2-1/2,,90,0.0,0.5222222222222223,0.24444444444444444,0.7222222222222222,1.1666666666666667,0.36666666666666664,2.933333333333333,10.177777777777777,6.2555555555555555,13.935567272233937,11.422222222222222,0.07777777777777778,11.422222222222222,0.14444444444444443,0.0,18,8,2,0,0,2,0.2,0.0889,0.0222,0.0,0.0,48.26,51.74,Positional
Grand Chess Tour: Super Rapid & Blitz Poland 2026,?,2026.05.05,"Firouzja, Alireza",Gukesh D,1/2-1/2,,175,0.0,1.2457142857142858,0.4514285714285714,1.0,1.6742857142857144,0.9257142857142857,2.474285714285714,8.788571428571428,8.257142857142858,8.98387033601319,5.445714285714286,0.17714285714285713,5.445714285714286,0.4114285714285714,0.04,32,32,12,0,0,4,0.1829,0.1829,0.0686,0.0,0.0,75.33,24.67,Aggressive
Grand Chess Tour: Super Rapid & Blitz Poland 2026,?,2026.05.07,"Firouzja, Alireza","Wojtaszek, Radoslaw",1/2-1/2,,184,0.0,0.9456521739130435,0.6630434782608695,0.5380434782608695,0.22826086956521738,0.5815217391304348,2.657608695652174,8.98913043478261,7.793478260869565,10.033499139749127,7.875,0.4076086956521739,7.875,0.059782608695652176,0.14130434782608695,28,14,4,0,0,2,0.1522,0.0761,0.0217,0.0,0.0,63.6,36.4,Aggressive
Grand Chess Tour: Super Rapid & Blitz Poland 2026,?,2026.05.08,"Firouzja, Alireza","Duda, Jan-Krzysztof",1/2-1/2,,82,0.0,0.5975609756097561,0.1951219512195122,0.8780487804878049,0.23170731707317074,0.25609756097560976,2.8902439024390243,9.975609756097562,5.987804878048781,12.907707367158578,10.914634146341463,0.0975609756097561,10.914634146341463,0.06097560975609756,0.012195121951219513,26,12,6,0,0,2,0.3171,0.1463,0.0732,0.0,0.0,59.2,40.8,Aggressive
Grand Chess Tour: Super Rapid & Blitz Poland 2026,?,2026.05.08,"Firouzja, Alireza","Sindarov, Javokhir",1/2-1/2,,108,0.0,0.5462962962962963,0.23148148148148148,1.9537037037037037,2.314814814814815,0.46296296296296297,2.6203703703703702,9.675925925925926,8.296296296296296,12.300737662543215,9.453703703703704,0.009259259259259259,9.453703703703704,0.4166666666666667,0.1111111111111111,30,22,8,0,0,4,0.2778,0.2037,0.0741,0.0,0.0,66.73,33.27,Aggressive
Blitz knockout,?,2026.06.21,"Firouzja, Alireza",Praggnanandhaa R,0-1,,164,0.0,0.7621951219512195,0.35365853658536583,0.6341463414634146,0.14634146341463414,0.7317073170731707,2.7621951219512195,9.707317073170731,8.170731707317072,10.47124834853493,7.646341463414634,0.03048780487804878,7.646341463414634,0.10365853658536585,0.0975609756097561,26,16,4,0,0,2,0.1585,0.0976,0.0244,0.0,0.0,62.5,37.5,Aggressive
Blitz knockout,?,2026.06.21,"Firouzja, Alireza","Niemann, Hans Moke",0-1,,68,0.0,0.7647058823529411,0.39705882352941174,1.6323529411764706,2.8676470588235294,0.5441176470588235,2.9705882352941178,10.426470588235293,8.470588235294118,12.202039422995304,9.573529411764707,0.10294117647058823,9.573529411764707,0.11764705882352941,0.08823529411764706,20,12,6,0,0,0,0.2941,0.1765,0.0882,0.0,0.0,56.17,43.83,Aggressive
Blitz knockout,?,2026.06.21,"Firouzja, Alireza","Abdusattorov, Nodirbek",0-1,,114,0.0,0.8859649122807017,0.5964912280701754,5.824561403508772,2.543859649122807,0.7105263157894737,3.1140350877192984,10.728070175438596,12.12280701754386,11.354225866725873,8.473684210526315,0.2982456140350877,8.473684210526315,0.34210526315789475,0.3508771929824561,26,20,10,0,0,4,0.2281,0.1754,0.0877,0.0,0.0,65.18,34.82,Aggressive
Main Event,?,2026.06.24,"Firouzja, Alireza","Gurel, Ediz",0-1,,134,0.0,0.917910447761194,0.6343283582089553,1.8656716417910448,2.485074626865672,0.8731343283582089,2.388059701492537,8.947761194029852,10.537313432835822,10.437992148813048,6.365671641791045,0.03731343283582089,6.365671641791045,0.3880597014925373,0.08955223880597014,18,34,6,0,0,0,0.1343,0.2537,0.0448,0.0,0.0,65.95,34.05,Aggressive
Main Event,?,2026.06.24,"Firouzja, Alireza","Gurel, Ediz",0-1,,132,0.0,0.7348484848484849,0.9848484848484849,0.5606060606060606,1.7651515151515151,0.6212121212121212,2.2954545454545454,8.68939393939394,7.234848484848484,9.921801956461051,6.818181818181818,0.11363636363636363,6.818181818181818,0.29545454545454547,0.0,32,20,8,0,0,4,0.2424,0.1515,0.0606,0.0,0.0,70.87,29.13,Aggressive
Main Event,?,2026.06.24,"Firouzja, Alireza","Gurel, Ediz",0-1,,124,0.0,1.1693548387096775,0.08870967741935484,0.11290322580645161,1.0564516129032258,0.3951612903225806,2.7419354838709675,9.709677419354838,6.669354838709677,9.490368010126074,7.241935483870968,0.008064516129032258,7.241935483870968,0.1774193548387097,0.0,38,16,8,0,0,2,0.3065,0.129,0.0645,0.0,0.0,71.23,28.77,Aggressive
Main Event,?,2026.06.25,"Firouzja, Alireza",Nihal Sarin,0-1,,186,0.0,1.0053763440860215,1.3225806451612903,1.2688172043010753,1.032258064516129,0.8978494623655914,2.360215053763441,8.306451612903226,8.806451612903226,9.646328910038585,5.752688172043011,0.1774193548387097,5.752688172043011,0.10752688172043011,0.03225806451612903,24,26,14,0,0,4,0.129,0.1398,0.0753,0.0,0.0,71.48,28.52,Aggressive
Main Event,?,2026.06.25,"Firouzja, Alireza",Nihal Sarin,0-1,,64,0.0,0.65625,0.109375,1.5,0.53125,0.46875,2.75,10.828125,8.1875,14.06377381299257,11.75,0.015625,11.75,0.078125,0.0,10,10,0,0,0,0,0.1562,0.1562,0.0,0.0,0.0,37.38,62.62,Positional
Main Event,?,2026.06.25,"Firouzja, Alireza",Nihal Sarin,0-1,,100,0.0,0.66,0.11,2.48,3.56,0.64,2.32,9.31,8.55,11.090733766233763,7.97,0.08,7.97,0.14,0.04,28,30,8,0,0,4,0.28,0.3,0.08,0.0,0.0,70.12,29.88,Aggressive
July 28 2026,?,2026.07.28,"Firouzja, Alireza","Pidluznij, Gleb",0-1,,144,0.0,0.8333333333333334,0.9166666666666666,0.8819444444444444,0.1736111111111111,0.5138888888888888,2.423611111111111,8.166666666666666,6.847222222222222,8.220039566914565,5.944444444444445,0.06944444444444445,5.944444444444445,0.041666666666666664,0.034722222222222224,36,32,8,0,0,4,0.25,0.2222,0.0556,0.0,0.0,76.34,23.66,Aggressive
Main Event,?,2026.09.10,"Firouzja, Alireza","Vachier-Lagrave, Maxime",0-1,,120,0.0,0.3416666666666667,0.008333333333333333,0.5833333333333334,1.45,0.3,2.325,9.008333333333333,7.508333333333334,11.056210525585525,7.925,0.15833333333333333,7.925,0.20833333333333334,0.0,22,22,2,0,0,2,0.1833,0.1833,0.0167,0.0,0.0,61.81,38.19,Aggressive
September 15 2026,?,2026.09.15,"Firouzja, Alireza","Keymer, Vincent",0-1,,130,0.0,1.4846153846153847,0.7923076923076923,1.5692307692307692,1.7692307692307692,0.8846153846153846,2.6384615384615384,8.792307692307693,9.238461538461538,10.188901931401928,7.476923076923077,0.11538461538461539,7.476923076923077,0.24615384615384617,0.08461538461538462,24,22,6,0,0,2,0.1846,0.1692,0.0462,0.0,0.0,65.7,34.3,Aggressive
September 29 2026,?,2026.09.29,"Firouzja, Alireza","Theodorou, Nikolas",0-1,,152,0.0,0.9671052631578947,0.3355263157894737,8.171052631578947,0.15789473684210525,0.75,2.5328947368421053,10.092105263157896,12.30921052631579,9.99745105041158,6.9868421052631575,0.06578947368421052,6.9868421052631575,0.03289473684210526,0.16447368421052633,30,28,8,0,0,0,0.1974,0.1842,0.0526,0.0,0.0,69.71,30.29,Aggressive
September 29 2026,?,2026.09.29,"Firouzja, Alireza","Ibarra Jerez, Jose Carlos",0-1,,182,0.0,1.1593406593406594,1.164835164835165,0.6208791208791209,5.010989010989011,1.0164835164835164,2.489010989010989,9.203296703296703,11.192307692307692,9.744450650082516,5.302197802197802,0.14285714285714285,5.302197802197802,0.5604395604395604,0.0,24,32,2,0,0,2,0.1319,0.1758,0.011,0.0,0.0,67.96,32.04,Aggressive
Grand Chess Tour: Super Rapid & Blitz Poland 2026,?,2026.05.08,"Firouzja, Alireza","Fedoseev, Vladimir",1/2-1/2,,112,0.0,0.6607142857142857,0.5089285714285714,0.044642857142857144,2.9285714285714284,0.5803571428571429,2.205357142857143,8.464285714285714,8.196428571428571,10.571290564594134,7.910714285714286,0.23214285714285715,7.910714285714286,0.3125,0.008928571428571428,26,28,4,0,0,2,0.2321,0.25,0.0357,0.0,0.0,67.26,32.74,Aggressive
Grand Chess Tour: Super Chess Classic Romania 2026,?,2026.05.18,"Firouzja, Alireza","Sindarov, Javokhir",1/2-1/2,,116,0.0,1.0258620689655173,0.3103448275862069,0.4827586206896552,3.543103448275862,0.7413793103448276,2.6293103448275863,9.913793103448276,9.370689655172415,10.768838824011238,8.112068965517242,0.0,8.112068965517242,0.1810344827586207,0.0,26,22,6,0,0,2,0.2241,0.1897,0.0517,0.0,0.0,65.11,34.89,Aggressive
Norway Chess,?,2026.05.30,"Firouzja, Alireza","Keymer, Vincent",1/2-1/2,,61,0.0,0.13114754098360656,0.09836065573770492,1.0819672131147542,0.06557377049180328,0.13114754098360656,3.0,10.032786885245901,7.032786885245901,14.352789014264427,11.885245901639344,0.08196721311475409,11.885245901639344,0.01639344262295082,0.0,18,10,4,0,0,2,0.2951,0.1639,0.0656,0.0,0.0,49.09,50.91,Positional
June 09 2026,?,2026.06.09,"Firouzja, Alireza","Klukin, Kirill",1/2-1/2,,64,0.0,0.59375,0.0,2.6875,2.71875,0.375,3.015625,10.09375,9.0625,13.511160931082806,10.359375,0.078125,10.359375,0.375,0.234375,20,14,4,0,0,0,0.3125,0.2188,0.0625,0.0,0.0,54.81,45.19,Aggressive
Rapid,?,2026.06.17,"Firouzja, Alireza","Sargsyan, Shant",1/2-1/2,,74,0.0,0.8513513513513513,0.02702702702702703,2.6486486486486487,1.5675675675675675,0.8513513513513513,2.7972972972972974,10.364864864864865,8.337837837837839,13.5080038955039,10.662162162162161,0.02702702702702703,10.662162162162161,0.4594594594594595,0.0,16,14,4,0,0,0,0.2162,0.1892,0.0541,0.0,0.0,51.93,48.07,Aggressive
Blitz knockout,?,2026.06.21,"Firouzja, Alireza","Abdusattorov, Nodirbek",1/2-1/2,,86,0.0,0.6395348837209303,0.47674418604651164,3.86046511627907,1.0813953488372092,0.627906976744186,2.686046511627907,10.674418604651162,9.732558139534884,12.608199391048233,8.546511627906977,0.3023255813953488,8.546511627906977,0.27906976744186046,0.12790697674418605,24,16,4,0,0,2,0.2791,0.186,0.0465,0.0,0.0,59.81,40.19,Aggressive
Main Event,?,2026.06.24,"Firouzja, Alireza","Gurel, Ediz",1/2-1/2,,107,0.0,0.6074766355140186,0.102803738317757,4.074766355140187,0.5887850467289719,0.514018691588785,3.205607476635514,10.813084112149532,10.766355140186915,12.38307650293631,9.644859813084112,0.27102803738317754,9.644859813084112,0.12149532710280374,0.34579439252336447,22,20,4,0,0,0,0.2056,0.1869,0.0374,0.0,0.0,58.0,42.0,Aggressive
Main Event,?,2026.06.24,"Firouzja, Alireza","Gurel, Ediz",1/2-1/2,,191,0.0,1.1675392670157068,0.675392670157068,0.3089005235602094,1.256544502617801,0.7905759162303665,2.481675392670157,8.052356020942408,7.12041884816754,9.228192924004446,6.9267015706806285,0.08900523560209424,6.9267015706806285,0.5130890052356021,0.0,30,34,4,0,0,2,0.1571,0.178,0.0209,0.0,0.0,72.34,27.66,Aggressive
Main Event,?,2026.06.24,"Firouzja, Alireza","Xue, Haowen",1/2-1/2,,119,0.0,1.2605042016806722,1.0168067226890756,0.37815126050420167,2.4285714285714284,0.8823529411764706,2.4285714285714284,7.983193277310924,7.65546218487395,8.416370744101838,5.7899159663865545,0.025210084033613446,5.7899159663865545,0.226890756302521,0.04201680672268908,36,26,8,0,0,2,0.3025,0.2185,0.0672,0.0,0.0,75.18,24.82,Aggressive
Main Event,?,2026.06.24,"Firouzja, Alireza","Xue, Haowen",1/2-1/2,,96,0.0,0.71875,0.75,0.9375,2.75,0.71875,2.3541666666666665,9.4375,9.0625,10.577818911412662,7.375,0.03125,7.375,0.34375,0.052083333333333336,26,22,6,0,0,2,0.2708,0.2292,0.0625,0.0,0.0,66.05,33.95,Aggressive
Main Event,?,2026.06.25,"Firouzja, Alireza",Nihal Sarin,1/2-1/2,,91,0.0,0.7582417582417582,0.5494505494505495,0.5054945054945055,0.6483516483516484,0.4945054945054945,2.6263736263736264,9.12087912087912,6.835164835164835,10.764405710284834,8.395604395604396,0.0,8.395604395604396,0.32967032967032966,0.01098901098901099,32,14,6,0,0,2,0.3516,0.1538,0.0659,0.0,0.0,66.23,33.77,Aggressive
Grand Chess Tour: Super Rapid & Blitz Croatia 2026,?,2026.07.01,"Firouzja, Alireza","Giri, Anish",1/2-1/2,,90,0.0,0.4666666666666667,0.3333333333333333,1.3222222222222222,2.2111111111111112,0.43333333333333335,2.7333333333333334,9.088888888888889,8.21111111111111,11.562007776174445,8.811111111111112,0.05555555555555555,8.811111111111112,0.2777777777777778,0.0,28,16,4,0,0,2,0.3111,0.1778,0.0444,0.0,0.0,63.16,36.84,Aggressive
Grand Chess Tour: Super Rapid & Blitz Croatia 2026,?,2026.07.03,"Firouzja, Alireza","Van Foreest, Jorden",1/2-1/2,,67,0.0,0.8955223880597015,0.5970149253731343,0.1791044776119403,0.5671641791044776,0.4925373134328358,2.8358208955223883,10.08955223880597,7.2835820895522385,11.934819409446277,9.761194029850746,0.16417910447761194,9.761194029850746,0.23880597014925373,0.014925373134328358,18,10,4,0,0,2,0.2687,0.1493,0.0597,0.0,0.0,52.16,47.84,Aggressive
Grand Chess Tour: Super Rapid & Blitz Croatia 2026,?,2026.07.03,"Firouzja, Alireza",Gukesh D,1/2-1/2,,114,0.0,1.1578947368421053,0.7982456140350878,1.412280701754386,1.0175438596491229,0.7894736842105263,2.289473684210526,8.43859649122807,8.87719298245614,9.240941904099797,5.535087719298246,0.17543859649122806,5.535087719298246,0.09649122807017543,0.07017543859649122,34,26,6,2,2,4,0.2982,0.2281,0.0526,0.0175,0.0175,73.88,26.12,Aggressive
Grand Chess Tour: Super Rapid & Blitz Croatia 2026,?,2026.07.04,"Firouzja, Alireza","Vachier-Lagrave, Maxime",1/2-1/2,,110,0.0,1.009090909090909,0.7272727272727273,0.10909090909090909,5.218181818181818,0.5727272727272728,2.5636363636363635,8.845454545454546,8.118181818181819,8.805845593800138,6.254545454545455,0.00909090909090909,6.254545454545455,0.4818181818181818,0.01818181818181818,26,18,2,0,0,2,0.2364,0.1636,0.0182,0.0,0.0,66.44,33.56,Aggressive
Quantbox Chennai Grand Masters 2026,?,2026.07.20,"Firouzja, Alireza","Andreikin, Dmitry",1/2-1/2,,81,0.0,0.49382716049382713,0.345679012345679,0.5555555555555556,0.7407407407407407,0.49382716049382713,2.925925925925926,9.88888888888889,9.407407407407407,12.338093011241158,9.345679012345679,0.08641975308641975,9.345679012345679,0.2222222222222222,0.037037037037037035,24,16,8,0,0,2,0.2963,0.1975,0.0988,0.0,0.0,60.02,39.98,Aggressive
July 28 2026,?,2026.07.28,"Firouzja, Alireza","Pranav, V",1/2-1/2,,61,0.0,0.5737704918032787,0.29508196721311475,0.32786885245901637,0.2786885245901639,0.4918032786885246,2.262295081967213,8.295081967213115,6.229508196721311,10.9070894497124,8.39344262295082,0.0,8.39344262295082,0.04918032786885246,0.0,26,10,4,0,0,2,0.4262,0.1639,0.0656,0.0,0.0,61.51,38.49,Aggressive
Playoffs,?,2026.08.14,"Firouzja, Alireza","Niemann, Hans Moke",1/2-1/2,,180,0.0,0.8888888888888888,1.2222222222222223,0.5166666666666667,4.233333333333333,0.6277777777777778,2.433333333333333,8.972222222222221,9.233333333333333,9.985634797301467,6.283333333333333,0.05,6.283333333333333,0.4777777777777778,0.011111111111111112,30,30,6,0,0,2,0.1667,0.1667,0.0333,0.0,0.0,71.08,28.92,Aggressive
Playoffs,?,2026.08.14,"Firouzja, Alireza","Carlsen, Magnus",1/2-1/2,,115,0.0,0.3739130434782609,0.5565217391304348,0.8695652173913043,3.9478260869565216,0.3217391304347826,2.0695652173913044,8.043478260869565,8.469565217391304,10.29272715207498,6.765217391304348,0.02608695652173913,6.765217391304348,0.4782608695652174,0.0,26,32,8,0,0,4,0.2261,0.2783,0.0696,0.0,0.0,71.33,28.67,Aggressive
Masters Online,?,2026.08.19,"Firouzja, Alireza","Suleymanli, Aydin",1/2-1/2,,185,0.0,1.4108108108108108,0.8054054054054054,0.3027027027027027,4.486486486486487,1.0216216216216216,2.924324324324324,9.67027027027027,12.654054054054054,9.584754824754839,6.8108108108108105,0.25405405405405407,6.8108108108108105,0.32432432432432434,0.0,30,14,8,0,0,2,0.1622,0.0757,0.0432,0.0,0.0,65.6,34.4,Aggressive
Masters Online,?,2026.08.19,"Firouzja, Alireza","Tin, Jingyao",1/2-1/2,,186,0.0,1.553763440860215,1.0161290322580645,0.8924731182795699,0.1935483870967742,0.7204301075268817,2.274193548387097,8.548387096774194,8.370967741935484,7.844090243687017,6.021505376344086,0.16129032258064516,6.021505376344086,0.10215053763440861,0.03225806451612903,22,20,8,0,0,2,0.1183,0.1075,0.043,0.0,0.0,67.56,32.44,Aggressive
Masters Online,?,2026.08.19,"Firouzja, Alireza","Novozhilov, Semen",1/2-1/2,,170,0.0,1.0705882352941176,1.0941176470588236,1.1352941176470588,1.4411764705882353,1.0176470588235293,1.9058823529411764,7.852941176470588,9.952941176470588,8.607850564468212,5.258823529411765,0.10588235294117647,5.258823529411765,0.3,0.07058823529411765,32,26,12,0,0,4,0.1882,0.1529,0.0706,0.0,0.0,74.49,25.51,Aggressive
August 25 2026,?,2026.08.25,"Firouzja, Alireza","Shimanov, Aleksandr",1/2-1/2,,94,0.0,0.8404255319148937,0.0,5.0,1.5638297872340425,0.6170212765957447,2.765957446808511,10.712765957446809,11.72340425531915,13.08581129272618,10.75531914893617,0.20212765957446807,10.75531914893617,0.39361702127659576,0.0,16,12,4,0,0,0,0.1702,0.1277,0.0426,0.0,0.0,50.63,49.37,Aggressive
Rapid,?,2026.08.29,"Firouzja, Alireza","Petkov, Momchil",1/2-1/2,,116,0.0,0.75,0.6379310344827587,0.6293103448275862,4.431034482758621,0.6206896551724138,2.3275862068965516,8.508620689655173,9.327586206896552,10.712918523047833,7.2844827586206895,0.0,7.2844827586206895,0.5775862068965517,0.034482758620689655,32,28,10,0,0,4,0.2759,0.2414,0.0862,0.0,0.0,71.92,28.08,Aggressive
Rapid,?,2026.08.29,"Firouzja, Alireza","Mamedov, Rauf",1/2-1/2,,101,0.0,0.5148514851485149,0.3564356435643564,2.089108910891089,4.514851485148514,0.5148514851485149,2.227722772277228,8.811881188118813,8.554455445544555,11.265151954755911,7.861386138613861,0.039603960396039604,7.861386138613861,0.7524752475247525,0.0297029702970297,20,14,6,0,0,2,0.198,0.1386,0.0594,0.0,0.0,61.08,38.92,Aggressive
Speed Chess Championship 2025,?,2026.02.07,"Nakamura, Hikaru","Firouzja, Alireza",1-0,,77,0.0,0.37662337662337664,0.0,1.8051948051948052,1.4155844155844155,0.3246753246753247,3.324675324675325,11.324675324675324,9.38961038961039,14.356307076761626,11.311688311688311,0.025974025974025976,11.311688311688311,0.33766233766233766,0.0,16,12,2,0,0,0,0.2078,0.1558,0.026,0.0,0.0,46.24,53.76,Positional
Speed Chess Championship 2025,?,2026.02.07,"Nakamura, Hikaru","Firouzja, Alireza",1-0,,197,0.0,1.0355329949238579,0.6395939086294417,4.233502538071066,1.2385786802030456,0.5279187817258884,2.5583756345177666,8.431472081218274,9.532994923857869,8.298971206458516,5.345177664974619,0.01015228426395939,5.345177664974619,0.1065989847715736,0.2182741116751269,42,24,8,0,0,2,0.2132,0.1218,0.0406,0.0,0.0,76.15,23.85,Aggressive
Speed Chess Championship 2025,?,2026.02.07,"Nakamura, Hikaru","Firouzja, Alireza",1-0,,74,0.0,0.28378378378378377,0.02702702702702703,0.7162162162162162,0.5,0.25675675675675674,2.72972972972973,9.22972972972973,6.445945945945946,12.71837040587041,10.378378378378379,0.0,10.378378378378379,0.10810810810810811,0.0,26,14,4,0,0,4,0.3514,0.1892,0.0541,0.0,0.0,60.01,39.99,Aggressive
Speed Chess Championship 2025,?,2026.02.07,"Nakamura, Hikaru","Firouzja, Alireza",1-0,,77,0.0,0.22077922077922077,0.4935064935064935,1.2207792207792207,2.6233766233766236,0.22077922077922077,3.116883116883117,10.168831168831169,8.38961038961039,12.974703579249033,9.844155844155845,0.06493506493506493,9.844155844155845,0.7402597402597403,0.11688311688311688,22,14,6,0,0,2,0.2857,0.1818,0.0779,0.0,0.0,57.41,42.59,Aggressive
Speed Chess Championship 2025,?,2026.02.08,"Carlsen, Magnus","Firouzja, Alireza",1-0,,111,0.0,1.1081081081081081,0.04504504504504504,0.05405405405405406,3.7387387387387387,0.5225225225225225,2.189189189189189,9.09009009009009,9.27027027027027,10.498943523943522,7.5675675675675675,0.02702702702702703,7.5675675675675675,0.7387387387387387,0.009009009009009009,30,26,6,0,0,2,0.2703,0.2342,0.0541,0.0,0.0,68.85,31.15,Aggressive
Speed Chess Championship 2025,?,2026.02.08,"Carlsen, Magnus","Firouzja, Alireza",1-0,,81,0.0,0.4444444444444444,0.37037037037037035,3.654320987654321,0.9012345679012346,0.30864197530864196,2.8395061728395063,11.567901234567902,10.518518518518519,13.005466755466754,10.148148148148149,0.0,10.148148148148149,0.2345679012345679,0.06172839506172839,18,14,2,0,0,0,0.2222,0.1728,0.0247,0.0,0.0,50.92,49.08,Aggressive
Speed Chess Championship 2025,?,2026.02.08,"Carlsen, Magnus","Firouzja, Alireza",1-0,,87,0.0,0.3448275862068966,0.0,1.5632183908045978,2.839080459770115,0.3448275862068966,2.781609195402299,10.275862068965518,8.827586206896552,12.88844613241165,10.25287356321839,0.04597701149425287,10.25287356321839,0.3448275862068966,0.05747126436781609,22,18,6,0,0,4,0.2529,0.2069,0.069,0.0,0.0,59.42,40.58,Aggressive
Speed Chess Championship 2025,?,2026.02.08,"Carlsen, Magnus","Firouzja, Alireza",1-0,,71,0.0,0.39436619718309857,0.08450704225352113,2.591549295774648,1.380281690140845,0.39436619718309857,2.704225352112676,10.169014084507042,8.338028169014084,13.647084214689853,10.71830985915493,0.014084507042253521,10.71830985915493,0.2112676056338028,0.09859154929577464,22,10,4,0,0,2,0.3099,0.1408,0.0563,0.0,0.0,54.59,45.41,Aggressive
Speed Chess Championship 2025,?,2026.02.08,"Carlsen, Magnus","Firouzja, Alireza",1-0,,87,0.0,0.5632183908045977,0.5287356321839081,0.8045977011494253,0.7011494252873564,0.19540229885057472,2.0229885057471266,7.7701149425287355,5.057471264367816,7.812034421517182,5.689655172413793,0.0,5.689655172413793,0.19540229885057472,0.06896551724137931,28,22,4,0,0,2,0.3218,0.2529,0.046,0.0,0.0,72.06,27.94,Aggressive
Speed Chess Championship 2025,?,2026.02.08,"Carlsen, Magnus","Firouzja, Alireza",1-0,,61,0.0,0.3114754098360656,0.01639344262295082,1.8688524590163935,0.3770491803278688,0.3114754098360656,2.9836065573770494,10.163934426229508,7.459016393442623,14.269629914711883,11.475409836065573,0.09836065573770492,11.475409836065573,0.09836065573770492,0.0,18,12,2,0,0,0,0.2951,0.1967,0.0328,0.0,0.0,49.03,50.97,Positional
Grand Chess Tour: Super Rapid & Blitz Poland 2026,?,2026.05.07,"Duda, Jan-Krzysztof","Firouzja, Alireza",1-0,,79,0.0,0.26582278481012656,0.0759493670886076,2.037974683544304,1.6962025316455696,0.24050632911392406,3.050632911392405,10.569620253164556,7.924050632911392,13.869897683188821,11.037974683544304,0.0,11.037974683544304,0.3670886075949367,0.11392405063291139,16,8,4,0,0,0,0.2025,0.1013,0.0506,0.0,0.0,47.28,52.72,Positional
Grand Chess Tour: Super Chess Classic Romania 2026,?,2026.05.16,"Giri, Anish","Firouzja, Alireza",1-0,,144,0.0,1.3402777777777777,0.5763888888888888,0.5972222222222222,2.423611111111111,0.8888888888888888,2.2083333333333335,8.5,8.305555555555555,9.606449048636545,6.854166666666667,0.06944444444444445,6.854166666666667,0.2569444444444444,0.0,30,24,8,0,0,2,0.2083,0.1667,0.0556,0.0,0.0,70.91,29.09,Aggressive
Grand Chess Tour: Super Chess Classic Romania 2026,?,2026.05.19,"Caruana, Fabiano","Firouzja, Alireza",1-0,,107,0.0,0.5794392523364486,0.1308411214953271,2.383177570093458,0.616822429906542,0.27102803738317754,2.7383177570093458,10.205607476635514,9.327102803738319,12.73165764661092,9.757009345794392,0.0,9.757009345794392,0.12149532710280374,0.1308411214953271,22,16,6,0,0,0,0.2056,0.1495,0.0561,0.0,0.0,57.73,42.27,Aggressive
Norway Chess,?,2026.05.28,"So, Wesley","Firouzja, Alireza",1-0,,118,0.0,0.15254237288135594,0.11016949152542373,2.805084745762712,0.5932203389830508,0.15254237288135594,3.652542372881356,10.991525423728813,9.101694915254237,13.275099241624664,10.033898305084746,0.0,10.033898305084746,0.16101694915254236,0.1016949152542373,30,18,8,0,0,2,0.2542,0.1525,0.0678,0.0,0.0,62.67,37.33,Aggressive
Norway Chess,?,2026.05.31,"Carlsen, Magnus","Firouzja, Alireza",1-0,,109,0.0,0.7064220183486238,0.7339449541284404,4.4036697247706424,0.4036697247706422,0.5963302752293578,2.908256880733945,9.770642201834862,9.394495412844037,11.350684712840675,7.954128440366972,0.045871559633027525,7.954128440366972,0.1743119266055046,0.27522935779816515,30,24,6,0,0,0,0.2752,0.2202,0.055,0.0,0.0,67.07,32.93,Aggressive
Norway Chess,?,2026.06.01,Praggnanandhaa R,"Firouzja, Alireza",1-0,,101,0.0,0.6138613861386139,0.10891089108910891,3.762376237623762,2.514851485148515,0.5742574257425742,3.207920792079208,10.504950495049505,10.257425742574258,13.543891422109244,10.425742574257425,0.13861386138613863,10.425742574257425,0.3564356435643564,0.12871287128712872,20,18,2,0,0,0,0.198,0.1782,0.0198,0.0,0.0,54.99,45.01,Aggressive
June 09 2026,?,2026.06.09,"Narayanan, Srinath","Firouzja, Alireza",1-0,,101,0.0,0.9801980198019802,0.693069306930693,0.6831683168316832,5.5049504950495045,0.8118811881188119,2.8217821782178216,9.356435643564357,10.514851485148515,11.46474408429853,7.891089108910891,0.009900990099009901,7.891089108910891,0.6435643564356436,0.0891089108910891,22,20,6,0,0,6,0.2178,0.198,0.0594,0.0,0.0,63.31,36.69,Aggressive
June 09 2026,?,2026.06.09,Bharath Subramaniyam H,"Firouzja, Alireza",1-0,,87,0.0,0.9885057471264368,0.09195402298850575,2.057471264367816,3.5172413793103448,0.7701149425287356,3.2528735632183907,11.126436781609195,10.781609195402298,14.007265276230784,10.908045977011493,0.034482758620689655,10.908045977011493,0.47126436781609193,0.11494252873563218,24,10,6,0,0,4,0.2759,0.1149,0.069,0.0,0.0,56.25,43.75,Aggressive
June 16 2026,?,2026.06.16,"Katsanis, Vasileios Dim","Firouzja, Alireza",1-0,,103,0.0,1.0194174757281553,0.4368932038834951,1.1553398058252426,2.504854368932039,0.9514563106796117,2.7184466019417477,9.87378640776699,9.427184466019417,11.85174361776303,8.893203883495145,0.6310679611650486,8.893203883495145,0.3786407766990291,0.0970873786407767,24,18,8,0,0,4,0.233,0.1748,0.0777,0.0,0.0,62.76,37.24,Aggressive
Rapid,?,2026.08.29,"Firouzja, Alireza","Sjugirov, Sanan",1/2-1/2,,46,0.0,0.1956521739130435,0.0,2.739130434782609,0.6956521739130435,0.1956521739130435,2.608695652173913,10.26086956521739,7.434782608695652,13.668406593406594,11.195652173913043,0.06521739130434782,11.195652173913043,0.13043478260869565,0.0,12,6,4,0,0,0,0.2609,0.1304,0.087,0.0,0.0,42.5,57.5,Positional
September 01 2026,?,2026.09.01,"Firouzja, Alireza","Meshkovs, Nikita",1/2-1/2,,81,0.0,0.8518518518518519,0.19753086419753085,1.5802469135802468,1.8024691358024691,0.5432098765432098,2.7777777777777777,9.925925925925926,8.950617283950617,12.99733633992893,10.222222222222221,0.14814814814814814,10.222222222222221,0.32098765432098764,0.024691358024691357,24,16,6,0,0,0,0.2963,0.1975,0.0741,0.0,0.0,59.03,40.97,Aggressive
Main Event,?,2026.09.05,"Firouzja, Alireza","Sindarov, Javokhir",1/2-1/2,,113,0.0,0.46017699115044247,0.3185840707964602,0.4690265486725664,1.5132743362831858,0.39823008849557523,2.6814159292035398,9.132743362831858,7.68141592920354,11.868381127230679,8.920353982300885,0.2920353982300885,8.920353982300885,0.168141592920354,0.0,38,26,8,0,0,6,0.3363,0.2301,0.0708,0.0,0.0,71.15,28.85,Aggressive
Main Event,?,2026.09.07,"Firouzja, Alireza","Anand, Viswanathan",1/2-1/2,,117,0.0,0.7435897435897436,0.5299145299145299,1.547008547008547,1.7692307692307692,0.4700854700854701,2.5555555555555554,9.717948717948717,9.666666666666666,10.99260184260184,8.35897435897436,0.2564102564102564,8.35897435897436,0.3247863247863248,0.008547008547008548,40,32,6,0,0,4,0.3419,0.2735,0.0513,0.0,0.0,72.14,27.86,Aggressive
Main Event,?,2026.09.08,"Firouzja, Alireza","Carlsen, Magnus",1/2-1/2,,97,0.0,0.6391752577319587,0.4020618556701031,1.0515463917525774,2.7216494845360826,0.38144329896907214,2.515463917525773,9.268041237113403,8.24742268041237,10.43585875750824,8.092783505154639,0.010309278350515464,8.092783505154639,0.18556701030927836,0.0,34,26,6,0,0,2,0.3505,0.268,0.0619,0.0,0.0,70.25,29.75,Aggressive
Main Event,?,2026.09.09,"Firouzja, Alireza","Nepomniachtchi, Ian",1/2-1/2,,98,0.0,0.6122448979591837,0.8061224489795918,1.653061224489796,0.41836734693877553,0.45918367346938777,2.8979591836734695,9.46938775510204,7.010204081632653,10.210704431622801,8.020408163265307,0.0,8.020408163265307,0.25510204081632654,0.09183673469387756,20,18,2,0,0,0,0.2041,0.1837,0.0204,0.0,0.0,58.99,41.01,Aggressive
Speed Chess Championship 2025,?,2026.02.08,"Carlsen, Magnus","Firouzja, Alireza",1-0,,87,0.0,0.3448275862068966,0.0,1.5632183908045978,2.839080459770115,0.3448275862068966,2.781609195402299,10.275862068965518,8.827586206896552,12.88844613241165,10.25287356321839,0.04597701149425287,10.25287356321839,0.3448275862068966,0.05747126436781609,22,18,6,0,0,4,0.2529,0.2069,0.069,0.0,0.0,59.42,40.58,Aggressive
Speed Chess Championship 2025,?,2026.02.08,"Carlsen, Magnus","Firouzja, Alireza",1-0,,71,0.0,0.39436619718309857,0.08450704225352113,2.591549295774648,1.380281690140845,0.39436619718309857,2.704225352112676,10.169014084507042,8.338028169014084,13.647084214689853,10.71830985915493,0.014084507042253521,10.71830985915493,0.2112676056338028,0.09859154929577464,22,10,4,0,0,2,0.3099,0.1408,0.0563,0.0,0.0,54.59,45.41,Aggressive
Speed Chess Championship 2025,?,2026.02.08,"Carlsen, Magnus","Firouzja, Alireza",1-0,,87,0.0,0.5632183908045977,0.5287356321839081,0.8045977011494253,0.7011494252873564,0.19540229885057472,2.0229885057471266,7.7701149425287355,5.057471264367816,7.812034421517182,5.689655172413793,0.0,5.689655172413793,0.19540229885057472,0.06896551724137931,28,22,4,0,0,2,0.3218,0.2529,0.046,0.0,0.0,72.06,27.94,Aggressive
Speed Chess Championship 2025,?,2026.02.08,"Carlsen, Magnus","Firouzja, Alireza",1-0,,61,0.0,0.3114754098360656,0.01639344262295082,1.8688524590163935,0.3770491803278688,0.3114754098360656,2.9836065573770494,10.163934426229508,7.459016393442623,14.269629914711883,11.475409836065573,0.09836065573770492,11.475409836065573,0.09836065573770492,0.0,18,12,2,0,0,0,0.2951,0.1967,0.0328,0.0,0.0,49.03,50.97,Positional
February 17 2026,?,2026.02.17,"Carlsen, Magnus","Tari, Aryan",1-0,,75,0.0,0.7733333333333333,0.3333333333333333,1.3066666666666666,0.9733333333333334,0.49333333333333335,2.8133333333333335,10.453333333333333,8.346666666666666,11.12713212713213,8.933333333333334,0.17333333333333334,8.933333333333334,0.02666666666666667,0.0,18,14,4,0,0,2,0.24,0.1867,0.0533,0.0,0.0,55.2,44.8,Aggressive
February 17 2026,?,2026.02.17,"Carlsen, Magnus","Makarian, Rudik",1-0,,75,0.0,1.12,0.3333333333333333,0.92,2.493333333333333,0.5733333333333334,2.6533333333333333,9.08,6.72,9.476767787767786,7.173333333333333,0.0,7.173333333333333,0.25333333333333335,0.0,28,18,6,0,0,2,0.3733,0.24,0.08,0.0,0.0,68.08,31.92,Aggressive
February 17 2026,?,2026.02.17,"Carlsen, Magnus","Diaz Perez, Michel Alejandro",1-0,,87,0.0,1.1724137931034482,0.9310344827586207,0.16091954022988506,3.1839080459770117,0.7931034482758621,2.8275862068965516,9.64367816091954,9.758620689655173,10.722885224609362,7.632183908045977,0.04597701149425287,7.632183908045977,0.41379310344827586,0.011494252873563218,28,20,6,0,0,2,0.3218,0.2299,0.069,0.0,0.0,65.48,34.52,Aggressive
February 17 2026,?,2026.02.17,"Carlsen, Magnus","Predein, Vladimir",1-0,,79,0.0,0.3924050632911392,0.1518987341772152,2.4683544303797467,0.9746835443037974,0.3924050632911392,2.6455696202531644,9.91139240506329,7.3924050632911396,12.755148332679978,9.443037974683545,0.0,9.443037974683545,0.17721518987341772,0.10126582278481013,22,14,6,0,0,2,0.2785,0.1772,0.0759,0.0,0.0,59.0,41.0,Aggressive
February 17 2026,?,2026.02.17,"Carlsen, Magnus","Savran, Bora",1-0,,63,0.0,0.49206349206349204,0.19047619047619047,2.4126984126984126,0.9047619047619048,0.49206349206349204,2.7142857142857144,10.142857142857142,8.746031746031745,14.004087314801597,11.095238095238095,0.14285714285714285,11.095238095238095,0.25396825396825395,0.047619047619047616,26,10,6,0,0,2,0.4127,0.1587,0.0952,0.0,0.0,57.37,42.63,Aggressive
February 24 2026,?,2026.02.24,"Carlsen, Magnus",Nihal Sarin,1-0,,111,0.0,0.4954954954954955,0.42342342342342343,1.027027027027027,0.7837837837837838,0.2882882882882883,2.324324324324324,8.26126126126126,6.7657657657657655,9.596165771165769,6.954954954954955,0.06306306306306306,6.954954954954955,0.23423423423423423,0.04504504504504504,32,28,8,0,0,2,0.2883,0.2523,0.0721,0.0,0.0,72.66,27.34,Aggressive
February 24 2026,?,2026.02.24,"Carlsen, Magnus","Oparin, Grigoriy",1-0,,65,0.0,0.4307692307692308,0.12307692307692308,1.5846153846153845,0.26153846153846155,0.4,2.9846153846153847,10.538461538461538,7.953846153846154,14.145969585969588,11.169230769230769,0.0,11.169230769230769,0.03076923076923077,0.03076923076923077,22,6,2,0,0,0,0.3385,0.0923,0.0308,0.0,0.0,49.14,50.86,Positional
February 24 2026,?,2026.02.24,"Carlsen, Magnus","Tabatadze, Erekle",1-0,,61,0.0,0.4426229508196721,0.06557377049180328,2.2459016393442623,1.1639344262295082,0.4426229508196721,3.1147540983606556,10.540983606557377,8.114754098360656,13.678993138009531,11.081967213114755,0.11475409836065574,11.081967213114755,0.08196721311475409,0.0,12,12,0,0,0,0,0.1967,0.1967,0.0,0.0,0.0,42.59,57.41,Positional
March 10 2026,?,2026.03.10,"Carlsen, Magnus","Lazavik, Denis",1-0,,145,0.0,0.5310344827586206,0.9379310344827586,4.344827586206897,1.0,0.43448275862068964,2.393103448275862,9.372413793103448,9.489655172413793,10.72609884368505,6.7172413793103445,0.034482758620689655,6.7172413793103445,0.1793103448275862,0.21379310344827587,30,30,10,0,0,2,0.2069,0.2069,0.069,0.0,0.0,71.44,28.56,Aggressive
March 10 2026,?,2026.03.10,"Carlsen, Magnus","Suyarov, Mukhammadzokhid",1-0,,65,0.0,0.8615384615384616,0.26153846153846155,0.16923076923076924,1.3384615384615384,0.6,2.5384615384615383,9.307692307692308,8.046153846153846,11.52314992699608,9.4,0.09230769230769231,9.4,0.18461538461538463,0.0,20,12,10,0,0,2,0.3077,0.1846,0.1538,0.0,0.0,59.07,40.93,Aggressive
March 10 2026,?,2026.03.10,"Carlsen, Magnus","Svane, Rasmus",1-0,,119,0.0,0.37815126050420167,0.21008403361344538,2.5210084033613445,2.7983193277310923,0.3277310924369748,2.319327731092437,8.394957983193278,8.15126050420168,9.750731248210236,6.840336134453781,0.0,6.840336134453781,0.2773109243697479,0.07563025210084033,26,28,4,0,0,2,0.2185,0.2353,0.0336,0.0,0.0,69.22,30.78,Aggressive
March 10 2026,?,2026.03.10,"Carlsen, Magnus","Bozorov, Javohir",1-0,,105,0.0,0.9142857142857143,0.819047619047619,0.6190476190476191,0.6,0.5714285714285714,2.342857142857143,7.79047619047619,5.866666666666666,8.199913631342207,6.085714285714285,0.13333333333333333,6.085714285714285,0.08571428571428572,0.0,32,28,14,0,0,2,0.3048,0.2667,0.1333,0.0,0.0,76.38,23.62,Aggressive
March 26 Third 2026,?,2026.03.27,"Carlsen, Magnus","Aradhya, Garg",1-0,,41,0.0,0.43902439024390244,0.2682926829268293,3.6341463414634148,0.0975609756097561,0.43902439024390244,3.0,10.317073170731707,8.634146341463415,13.104450089206185,10.121951219512194,0.0,10.121951219512194,0.07317073170731707,0.12195121951219512,14,14,6,0,0,0,0.3415,0.3415,0.1463,0.0,0.0,51.41,48.59,Aggressive
March 26 Third 2026,?,2026.03.27,"Carlsen, Magnus","Movahed, Sina",1-0,,97,0.0,0.9484536082474226,0.12371134020618557,0.6391752577319587,1.597938144329897,0.6185567010309279,2.5463917525773194,9.278350515463918,8.206185567010309,10.998368155326917,8.010309278350515,0.08247422680412371,8.010309278350515,0.26804123711340205,0.010309278350515464,20,20,4,0,0,2,0.2062,0.2062,0.0412,0.0,0.0,60.7,39.3,Aggressive
March 26 Third 2026,?,2026.03.27,"Carlsen, Magnus","Indjic, Aleksandar",1-0,,63,0.0,0.19047619047619047,0.23809523809523808,1.492063492063492,0.8095238095238095,0.19047619047619047,3.4285714285714284,10.619047619047619,7.571428571428571,14.255227488560827,11.746031746031745,0.1111111111111111,11.746031746031745,0.4444444444444444,0.14285714285714285,18,10,0,0,0,0,0.2857,0.1587,0.0,0.0,0.0,45.53,54.47,Positional
March 31 2026,?,2026.03.31,"Carlsen, Magnus","Rueda Ahumada, Gabriel Omar",1-0,,85,0.0,0.6705882352941176,0.25882352941176473,1.4941176470588236,1.7529411764705882,0.5764705882352941,2.2941176470588234,9.588235294117647,8.388235294117647,11.640882614117906,8.223529411764705,0.023529411764705882,8.223529411764705,0.3411764705882353,0.03529411764705882,24,24,2,0,0,2,0.2824,0.2824,0.0235,0.0,0.0,63.06,36.94,Aggressive
Playoffs,?,2026.04.23,"Carlsen, Magnus","Keymer, Vincent",1-0,,99,0.0,1.1111111111111112,0.42424242424242425,0.898989898989899,2.484848484848485,0.46464646464646464,2.676767676767677,9.282828282828282,8.494949494949495,9.847869274384427,7.848484848484849,0.0,7.848484848484849,0.1717171717171717,0.010101010101010102,24,20,6,0,0,2,0.2424,0.202,0.0606,0.0,0.0,64.85,35.15,Aggressive
Playoffs,?,2026.04.23,"Carlsen, Magnus","Keymer, Vincent",1-0,,77,0.0,0.5974025974025974,0.07792207792207792,4.675324675324675,2.4675324675324677,0.5714285714285714,2.9220779220779223,10.2987012987013,9.558441558441558,12.839046343267123,9.467532467532468,0.025974025974025976,9.467532467532468,0.4025974025974026,0.12987012987012986,24,14,6,0,0,0,0.3117,0.1818,0.0779,0.0,0.0,59.87,40.13,Aggressive
Playoffs,?,2026.04.23,"Carlsen, Magnus","Sargsyan, Shant",1-0,,113,0.0,0.48672566371681414,0.04424778761061947,2.3805309734513274,2.0265486725663715,0.3185840707964602,2.6548672566371683,9.902654867256636,8.716814159292035,12.141814748673157,9.442477876106194,0.0,9.442477876106194,0.23893805309734514,0.008849557522123894,22,26,8,0,0,6,0.1947,0.2301,0.0708,0.0,0.0,64.48,35.52,Aggressive
Playoffs,?,2026.04.24,"Carlsen, Magnus","Lazavik, Denis",1-0,,75,0.0,0.3333333333333333,0.0,1.76,0.5333333333333333,0.3333333333333333,3.0,9.986666666666666,7.906666666666666,13.852212010212007,11.093333333333334,0.05333333333333334,11.093333333333334,0.04,0.06666666666666667,20,14,4,0,0,2,0.2667,0.1867,0.0533,0.0,0.0,53.8,46.2,Aggressive
Tepe Sigeman 2026,?,2026.05.05,"Carlsen, Magnus","Zhu, Jiner",1-0,,81,0.0,0.6049382716049383,0.43209876543209874,3.037037037037037,1.0246913580246915,0.5925925925925926,3.0617283950617282,10.950617283950617,10.45679012345679,14.732296475814989,11.987654320987655,0.18518518518518517,11.987654320987655,0.19753086419753085,0.07407407407407407,16,12,2,0,0,0,0.1975,0.1481,0.0247,0.0,0.0,46.43,53.57,Positional
Tepe Sigeman 2026,?,2026.05.07,"Carlsen, Magnus","Erdogmus, Yagiz Kaan",1-0,,117,0.0,1.1538461538461537,1.264957264957265,0.017094017094017096,0.18803418803418803,0.6923076923076923,1.9316239316239316,7.871794871794871,6.188034188034188,7.389285571977879,4.615384615384615,0.02564102564102564,4.615384615384615,0.1111111111111111,0.008547008547008548,38,28,4,0,0,2,0.3248,0.2393,0.0342,0.0,0.0,77.31,22.69,Aggressive
May 19 2026,?,2026.05.19,"Carlsen, Magnus",DangDuyLinh,1-0,,59,0.0,0.1016949152542373,0.0,1.0847457627118644,0.2033898305084746,0.1016949152542373,3.3559322033898304,10.745762711864407,7.322033898305085,14.686110405601928,12.0,0.0,12.0,0.2542372881355932,0.03389830508474576,12,10,2,0,0,0,0.2034,0.1695,0.0339,0.0,0.0,39.85,60.15,Positional
May 19 2026,?,2026.05.19,"Carlsen, Magnus","Tsydypov, Zhamsaran",1-0,,63,0.0,0.47619047619047616,0.0,2.634920634920635,0.8888888888888888,0.4603174603174603,2.9682539682539684,10.65079365079365,8.634920634920634,14.919938791367365,12.079365079365079,0.0,12.079365079365079,0.2698412698412698,0.031746031746031744,18,12,6,0,0,2,0.2857,0.1905,0.0952,0.0,0.0,51.64,48.36,Aggressive
May 19 2026,?,2026.05.19,"Carlsen, Magnus","Gadzhiev, Ruslan",1-0,,49,0.0,0.4489795918367347,0.0,1.2244897959183674,1.0204081632653061,0.42857142857142855,3.020408163265306,10.795918367346939,8.0,15.11457352171638,12.591836734693878,0.3469387755102041,12.591836734693878,0.24489795918367346,0.0,12,4,4,0,0,0,0.2449,0.0816,0.0816,0.0,0.0,38.03,61.97,Positional
May 19 2026,?,2026.05.19,"Carlsen, Magnus","Gokerkan, Cem Kaan",1-0,,119,0.0,0.9327731092436975,0.24369747899159663,0.8991596638655462,4.294117647058823,0.7394957983193278,2.1260504201680672,9.201680672268907,9.378151260504202,10.541490535608176,7.19327731092437,0.01680672268907563,7.19327731092437,0.2857142857142857,0.04201680672268908,26,28,6,0,0,2,0.2185,0.2353,0.0504,0.0,0.0,68.35,31.65,Aggressive
Norway Chess,?,2026.05.26,"Carlsen, Magnus","Keymer, Vincent",1-0,,81,0.0,0.2962962962962963,0.024691358024691357,0.5802469135802469,0.38271604938271603,0.20987654320987653,2.432098765432099,9.802469135802468,6.901234567901234,12.748377034488147,10.283950617283951,0.08641975308641975,10.283950617283951,0.13580246913580246,0.0,24,14,4,0,0,2,0.2963,0.1728,0.0494,0.0,0.0,57.77,42.23,Aggressive
Norway Chess,?,2026.05.31,"Carlsen, Magnus","Firouzja, Alireza",1-0,,109,0.0,0.7064220183486238,0.7339449541284404,4.4036697247706424,0.4036697247706422,0.5963302752293578,2.908256880733945,9.770642201834862,9.394495412844037,11.350684712840675,7.954128440366972,0.045871559633027525,7.954128440366972,0.1743119266055046,0.27522935779816515,30,24,6,0,0,0,0.2752,0.2202,0.055,0.0,0.0,67.07,32.93,Aggressive
June 16 2026,?,2026.06.16,"Carlsen, Magnus","Bluebaum, Matthias",1-0,,79,0.0,0.5189873417721519,0.05063291139240506,2.430379746835443,0.4810126582278481,0.3924050632911392,2.5949367088607596,9.987341772151899,7.708860759493671,11.39668994858868,8.759493670886076,0.0,8.759493670886076,0.05063291139240506,0.12658227848101267,30,12,6,0,0,2,0.3797,0.1519,0.0759,0.0,0.0,63.73,36.27,Aggressive
June 16 2026,?,2026.06.16,"Carlsen, Magnus","Yoo, Christopher Woojin",1-0,,111,0.0,0.918918918918919,0.4144144144144144,0.990990990990991,1.7117117117117118,0.5495495495495496,2.324324324324324,8.981981981981981,7.54054054054054,10.111832061832061,7.675675675675675,0.0,7.675675675675675,0.14414414414414414,0.0,26,26,6,0,0,2,0.2342,0.2342,0.0541,0.0,0.0,68.1,31.9,Aggressive
June 16 2026,?,2026.06.16,"Carlsen, Magnus","Gadzhiev, Ruslan",1-0,,77,0.0,0.4935064935064935,0.0,0.6883116883116883,0.5844155844155844,0.4935064935064935,2.727272727272727,10.636363636363637,8.688311688311689,15.028130095013212,12.376623376623376,0.42857142857142855,12.376623376623376,0.5064935064935064,0.012987012987012988,12,8,2,0,0,2,0.1558,0.1039,0.026,0.0,0.0,39.18,60.82,Positional
June 16 2026,?,2026.06.16,"Carlsen, Magnus","Cumpe, Lucas",1-0,,67,0.0,0.5671641791044776,0.0,1.5820895522388059,1.3582089552238805,0.5373134328358209,2.671641791044776,9.64179104477612,7.17910447761194,13.318072640460704,10.164179104477611,0.14925373134328357,10.164179104477611,0.5223880597014925,0.014925373134328358,20,16,4,0,0,2,0.2985,0.2388,0.0597,0.0,0.0,56.65,43.35,Aggressive
Rapid,?,2026.06.17,"Carlsen, Magnus","Ivanchuk, Vasyl",1-0,,93,0.0,0.6236559139784946,0.0,3.236559139784946,2.3763440860215055,0.6236559139784946,2.935483870967742,11.064516129032258,11.096774193548388,15.029960720283302,11.344086021505376,0.1827956989247312,11.344086021505376,0.8279569892473119,0.25806451612903225,18,6,0,0,0,0,0.1935,0.0645,0.0,0.0,0.0,44.31,55.69,Positional
June 18 First 2026,?,2026.06.18,"Carlsen, Magnus","Rosen, Eric",1-0,,99,0.0,0.45454545454545453,0.6767676767676768,1.3535353535353536,1.404040404040404,0.3939393939393939,2.202020202020202,8.737373737373737,7.717171717171717,10.861417762932916,8.171717171717171,0.1414141414141414,8.171717171717171,0.12121212121212122,0.020202020202020204,26,32,8,0,0,2,0.2626,0.3232,0.0808,0.0,0.0,69.33,30.67,Aggressive
June 18 First 2026,?,2026.06.18,"Carlsen, Magnus","Moosavifar, Seyed Abolfazl",1-0,,97,0.0,0.5463917525773195,0.1958762886597938,2.752577319587629,1.6082474226804124,0.4020618556701031,2.917525773195876,10.484536082474227,10.391752577319588,12.715431561565584,9.402061855670103,0.13402061855670103,9.402061855670103,0.4329896907216495,0.27835051546391754,20,16,8,0,0,2,0.2062,0.1649,0.0825,0.0,0.0,57.91,42.09,Aggressive
June 18 First 2026,?,2026.06.18,"Carlsen, Magnus","Pakleza, Zbigniew",1-0,,59,0.0,0.3220338983050847,0.15254237288135594,1.5084745762711864,0.9830508474576272,0.1694915254237288,3.0,10.203389830508474,7.186440677966102,14.451658134708982,11.847457627118644,0.01694915254237288,11.847457627118644,0.3898305084745763,0.0,16,8,0,0,0,0,0.2712,0.1356,0.0,0.0,0.0,43.04,56.96,Positional
Blitz | Pool A,?,2026.06.20,"Carlsen, Magnus","Peng, Hongchi",1-0,,56,0.0,0.48214285714285715,0.44642857142857145,2.25,0.6428571428571429,0.39285714285714285,2.4107142857142856,10.053571428571429,6.767857142857143,13.382918024435883,11.160714285714286,0.10714285714285714,11.160714285714286,0.5178571428571429,0.21428571428571427,24,8,10,0,0,2,0.4286,0.1429,0.1786,0.0,0.0,58.54,41.46,Aggressive
Blitz | Pool A,?,2026.06.20,"Carlsen, Magnus","Theodorou, Nikolas",1-0,,51,0.0,0.2549019607843137,0.0392156862745098,3.4705882352941178,0.8235294117647058,0.2549019607843137,3.0784313725490198,10.176470588235293,8.803921568627452,14.40862590568473,11.313725490196079,0.0,11.313725490196079,0.19607843137254902,0.0,12,8,2,0,0,0,0.2353,0.1569,0.0392,0.0,0.0,41.62,58.38,Positional
Blitz | Pool A,?,2026.06.20,"Carlsen, Magnus","Gao, Rui",1-0,,98,0.0,0.8979591836734694,1.2857142857142858,0.21428571428571427,0.22448979591836735,0.6020408163265306,2.673469387755102,9.112244897959183,6.122448979591836,9.030457042957039,6.836734693877551,0.01020408163265306,6.836734693877551,0.23469387755102042,0.02040816326530612,26,26,6,0,0,2,0.2653,0.2653,0.0612,0.0,0.0,69.22,30.78,Aggressive
Blitz knockout,?,2026.06.20,"Carlsen, Magnus","Megaranto, Susanto",1-0,,55,0.0,0.2909090909090909,0.10909090909090909,0.8181818181818182,0.45454545454545453,0.2909090909090909,2.7818181818181817,9.672727272727272,7.236363636363636,14.595710350255803,12.163636363636364,0.03636363636363636,12.163636363636364,0.05454545454545454,0.0,14,8,4,0,0,0,0.2545,0.1455,0.0727,0.0,0.0,43.54,56.46,Positional
Blitz knockout,?,2026.06.21,"Carlsen, Magnus","Abdusattorov, Nodirbek",1-0,,104,0.0,1.0576923076923077,0.19230769230769232,0.3269230769230769,1.3653846153846154,0.6923076923076923,2.5961538461538463,9.25,7.5,10.154430558757479,7.086538461538462,0.10576923076923077,7.086538461538462,0.23076923076923078,0.0,34,20,10,0,0,4,0.3269,0.1923,0.0962,0.0,0.0,71.26,28.74,Aggressive
Blitz knockout,?,2026.06.21,"Carlsen, Magnus",Erigaisi Arjun,1-0,,61,0.0,0.5409836065573771,0.0,1.8688524590163935,0.36065573770491804,0.5409836065573771,2.5737704918032787,9.59016393442623,7.540983606557377,12.041727580252175,9.245901639344263,0.03278688524590164,9.245901639344263,0.06557377049180328,0.0,18,10,4,0,0,2,0.2951,0.1639,0.0656,0.0,0.0,53.6,46.4,Aggressive
Blitz | Pool A,?,2026.06.20,"Carlsen, Magnus","Nie, Xinyang",1-0,,95,0.0,0.5052631578947369,0.18947368421052632,2.126315789473684,2.1157894736842104,0.35789473684210527,2.5157894736842104,10.010526315789473,9.852631578947369,12.536164245111618,9.210526315789474,0.042105263157894736,9.210526315789474,0.1368421052631579,0.05263157894736842,22,14,8,0,0,2,0.2316,0.1474,0.0842,0.0,0.0,59.27,40.73,Aggressive
Blitz | Pool A,?,2026.06.20,"Carlsen, Magnus","Andreikin, Dmitry",1-0,,73,0.0,0.4931506849315068,0.0136986301369863,0.9315068493150684,4.6438356164383565,0.4246575342465753,2.5753424657534247,9.493150684931507,8.780821917808218,12.442939290542029,9.438356164383562,0.0,9.438356164383562,0.547945205479452,0.0,20,16,2,0,0,2,0.274,0.2192,0.0274,0.0,0.0,56.76,43.24,Aggressive
June 25 First 2026,?,2026.06.25,"Carlsen, Magnus","Klimkowski, Jan",1-0,,51,0.0,0.49019607843137253,0.13725490196078433,0.7647058823529411,0.803921568627451,0.43137254901960786,2.9607843137254903,9.705882352941176,6.490196078431373,14.351527230938995,11.686274509803921,0.0,11.686274509803921,0.13725490196078433,0.0,14,8,0,0,0,0,0.2745,0.1569,0.0,0.0,0.0,41.18,58.82,Positional
June 25 First 2026,?,2026.06.25,"Carlsen, Magnus","Materia, Marco",1-0,,97,0.0,0.7216494845360825,0.17525773195876287,3.0618556701030926,4.762886597938144,0.5876288659793815,2.731958762886598,10.082474226804123,10.917525773195877,12.579130491501626,8.371134020618557,0.0,8.371134020618557,0.8144329896907216,0.08247422680412371,28,24,8,0,0,2,0.2887,0.2474,0.0825,0.0,0.0,66.14,33.86,Aggressive
June 25 First 2026,?,2026.06.25,"Carlsen, Magnus","Pranav, V",1-0,,91,0.0,1.021978021978022,0.5384615384615384,1.4945054945054945,4.351648351648351,0.9120879120879121,2.7362637362637363,10.0,10.483516483516484,11.815347625512453,9.12087912087912,0.0,9.12087912087912,0.38461538461538464,0.0,18,24,6,0,0,2,0.1978,0.2637,0.0659,0.0,0.0,60.44,39.56,Aggressive
June 25 First 2026,?,2026.06.25,"Carlsen, Magnus","Indjic, Aleksandar",1-0,,95,0.0,0.6105263157894737,0.2631578947368421,3.1052631578947367,0.7052631578947368,0.45263157894736844,2.473684210526316,9.4,9.884210526315789,11.311179405389932,8.105263157894736,0.05263157894736842,8.105263157894736,0.29473684210526313,0.24210526315789474,24,28,6,0,0,4,0.2526,0.2947,0.0632,0.0,0.0,65.84,34.16,Aggressive
June 25 First 2026,?,2026.06.25,"Carlsen, Magnus",Pranesh M,1-0,,63,0.0,0.8888888888888888,0.36507936507936506,5.095238095238095,0.25396825396825395,0.5873015873015873,2.0317460317460316,8.920634920634921,7.857142857142857,11.318269120650074,9.317460317460318,0.0,9.317460317460318,0.07936507936507936,0.06349206349206349,10,20,2,0,0,0,0.1587,0.3175,0.0317,0.0,0.0,53.21,46.79,Aggressive
July 02 First 2026,?,2026.07.02,"Carlsen, Magnus","Arabidze, Meri",1-0,,77,0.0,0.24675324675324675,0.012987012987012988,1.6883116883116882,1.4805194805194806,0.24675324675324675,2.935064935064935,10.363636363636363,9.558441558441558,14.008061274944392,11.233766233766234,0.2077922077922078,11.233766233766234,0.22077922077922077,0.16883116883116883,20,12,4,0,0,2,0.2597,0.1558,0.0519,0.0,0.0,51.97,48.03,Aggressive
July 02 First 2026,?,2026.07.02,"Carlsen, Magnus","Movahed, Sina",1-0,,71,0.0,0.323943661971831,0.30985915492957744,1.971830985915493,0.9859154929577465,0.1267605633802817,3.1549295774647885,10.633802816901408,8.28169014084507,15.008497918357072,12.577464788732394,0.014084507042253521,12.577464788732394,0.4084507042253521,0.22535211267605634,18,10,2,0,0,0,0.2535,0.1408,0.0282,0.0,0.0,46.48,53.52,Positional
July 02 First 2026,?,2026.07.02,"Carlsen, Magnus",Erigaisi Arjun,1-0,,101,0.0,0.7128712871287128,0.21782178217821782,2.217821782178218,2.227722772277228,0.5148514851485149,2.3465346534653464,9.099009900990099,7.366336633663367,10.929469897539203,8.01980198019802,0.0,8.01980198019802,0.22772277227722773,0.07920792079207921,28,26,2,0,0,2,0.2772,0.2574,0.0198,0.0,0.0,67.33,32.67,Aggressive
July 02 First 2026,?,2026.07.02,"Carlsen, Magnus","Sarana, Alexey",1-0,,131,0.0,1.0076335877862594,0.6412213740458015,0.6030534351145038,3.816793893129771,0.6335877862595419,2.4198473282442747,8.587786259541986,8.320610687022901,9.497134777859964,6.198473282442748,0.05343511450381679,6.198473282442748,0.4961832061068702,0.007633587786259542,26,30,6,0,0,2,0.1985,0.229,0.0458,0.0,0.0,70.61,29.39,Aggressive
July 02 First 2026,?,2026.07.02,"Carlsen, Magnus",Kurufzugun,1-0,,55,0.0,0.01818181818181818,0.0,0.8,1.1818181818181819,0.01818181818181818,2.8363636363636364,9.672727272727272,6.8,14.182940796577158,11.745454545454546,0.03636363636363636,11.745454545454546,0.18181818181818182,0.0,18,14,6,0,0,2,0.3273,0.2545,0.1091,0.0,0.0,53.05,46.95,Aggressive
July 02 First 2026,?,2026.07.02,"Carlsen, Magnus","Mendonca, Leon Luke",1-0,,49,0.0,0.10204081632653061,0.0,1.3265306122448979,0.2857142857142857,0.10204081632653061,3.1020408163265305,10.408163265306122,7.489795918367347,14.915370004145515,12.448979591836734,0.061224489795918366,12.448979591836734,0.14285714285714285,0.1836734693877551,18,4,2,0,0,0,0.3673,0.0816,0.0408,0.0,0.0,42.54,57.46,Positional
July 09 First 2026,?,2026.07.09,"Carlsen, Magnus","Henriquez Villagra, Cristobal",1-0,,67,0.0,0.7014925373134329,0.08955223880597014,4.8059701492537314,0.582089552238806,0.6417910447761194,3.2388059701492535,10.835820895522389,9.925373134328359,13.684664133544729,10.238805970149254,0.0,10.238805970149254,0.43283582089552236,0.4626865671641791,20,12,6,0,0,0,0.2985,0.1791,0.0896,0.0,0.0,54.61,45.39,Aggressive
July 09 First 2026,?,2026.07.09,"Carlsen, Magnus","Maghsoodloo, Parham",1-0,,69,0.0,0.36231884057971014,0.043478260869565216,1.6956521739130435,1.289855072463768,0.2898550724637681,2.8115942028985508,9.782608695652174,8.63768115942029,13.418425214077384,10.63768115942029,0.08695652173913043,10.63768115942029,0.2318840579710145,0.014492753623188406,26,10,6,0,0,4,0.3768,0.1449,0.087,0.0,0.0,58.29,41.71,Aggressive
July 09 First 2026,?,2026.07.09,"Carlsen, Magnus","Bolourchifard, Farzad",1-0,,49,0.0,0.1836734693877551,0.0,1.8979591836734695,0.8979591836734694,0.1836734693877551,2.979591836734694,10.122448979591837,7.714285714285714,13.780017261649913,10.979591836734693,0.0,10.979591836734693,0.0,0.0,16,6,4,0,0,0,0.3265,0.1224,0.0816,0.0,0.0,45.99,54.01,Positional
July 11 2026,?,2026.07.11,"Carlsen, Magnus",Jaiveer Mahendru,1-0,,63,0.0,0.4603174603174603,0.09523809523809523,3.7301587301587302,1.4444444444444444,0.3968253968253968,3.0793650793650795,10.603174603174603,8.174603174603174,12.755857678476728,9.920634920634921,0.0,9.920634920634921,0.23809523809523808,0.031746031746031744,20,8,10,0,0,2,0.3175,0.127,0.1587,0.0,0.0,57.02,42.98,Aggressive
July 11 2026,?,2026.07.11,"Carlsen, Magnus","Mindlin, Alon",1-0,,63,0.0,0.6190476190476191,0.15873015873015872,2.492063492063492,0.4603174603174603,0.4444444444444444,2.8253968253968256,10.428571428571429,8.920634920634921,13.64810912191865,10.841269841269842,0.0,10.841269841269842,0.20634920634920634,0.09523809523809523,20,12,6,0,0,2,0.3175,0.1905,0.0952,0.0,0.0,54.33,45.67,Aggressive
July 11 2026,?,2026.07.11,"Carlsen, Magnus","Caceres Benitez, Arturo Eduardo",1-0,,43,0.0,0.16279069767441862,0.3953488372093023,0.6976744186046512,1.0232558139534884,0.16279069767441862,2.7906976744186047,9.767441860465116,6.0,15.034140278326326,12.372093023255815,0.0,12.372093023255815,0.3023255813953488,0.11627906976744186,10,10,0,0,0,0,0.2326,0.2326,0.0,0.0,0.0,36.65,63.35,Positional
July 11 2026,?,2026.07.11,"Carlsen, Magnus",Asish Panda,1-0,,77,0.0,0.5454545454545454,0.0,2.2467532467532467,0.5974025974025974,0.12987012987012986,2.9220779220779223,10.285714285714286,6.818181818181818,13.35977723575126,10.844155844155845,0.012987012987012988,10.844155844155845,0.3116883116883117,0.09090909090909091,22,14,4,0,0,0,0.2857,0.1818,0.0519,0.0,0.0,55.82,44.18,Aggressive
July 25 2026,?,2026.07.25,"Carlsen, Magnus","Demchenko, Svitlana",1-0,,65,0.0,0.27692307692307694,0.5538461538461539,1.0153846153846153,1.2461538461538462,0.27692307692307694,2.7846153846153845,10.076923076923077,6.938461538461539,13.733208202054353,11.261538461538462,0.0,11.261538461538462,0.3076923076923077,0.0,28,10,2,0,0,2,0.4308,0.1538,0.0308,0.0,0.0,56.81,43.19,Aggressive
July 25 2026,?,2026.07.25,"Carlsen, Magnus","Manukian, Artak",1-0,,99,0.0,0.8282828282828283,0.36363636363636365,0.06060606060606061,4.282828282828283,0.5252525252525253,2.212121212121212,7.9393939393939394,8.484848484848484,9.8263990498839,5.959595959595959,0.0,5.959595959595959,0.35353535353535354,0.010101010101010102,30,30,6,0,0,2,0.303,0.303,0.0606,0.0,0.0,72.35,27.65,Aggressive
July 25 2026,?,2026.07.25,"Carlsen, Magnus",Sai Krishna G V,1-0,,67,0.0,0.7611940298507462,0.1791044776119403,3.343283582089552,1.0149253731343284,0.6417910447761194,2.3582089552238807,9.134328358208956,8.208955223880597,12.455212407824353,9.611940298507463,0.2537313432835821,9.611940298507463,0.16417910447761194,0.2835820895522388,16,14,2,0,0,0,0.2388,0.209,0.0299,0.0,0.0,52.83,47.17,Aggressive
July 25 2026,?,2026.07.25,"Carlsen, Magnus","Tabatadze, Erekle",1-0,,65,0.0,0.23076923076923078,0.0,2.292307692307692,0.7076923076923077,0.2,3.0615384615384613,10.323076923076924,8.0,14.138450011526928,11.36923076923077,0.06153846153846154,11.36923076923077,0.35384615384615387,0.046153846153846156,18,12,6,0,0,0,0.2769,0.1846,0.0923,0.0,0.0,51.66,48.34,Aggressive
July 25 2026,?,2026.07.25,"Carlsen, Magnus","Brozzi, Danilo",1-0,,47,0.0,0.2127659574468085,0.0,0.5957446808510638,1.5957446808510638,0.0425531914893617,3.0425531914893615,9.936170212765957,7.085106382978723,15.894088535577898,13.53191489361702,0.0,13.53191489361702,0.2765957446808511,0.0851063829787234,10,6,0,0,0,0,0.2128,0.1277,0.0,0.0,0.0,31.99,68.01,Positional
July 25 2026,?,2026.07.25,"Carlsen, Magnus","Maglioni, Leonardo",1-0,,111,0.0,0.4144144144144144,0.12612612612612611,1.2342342342342343,1.7207207207207207,0.35135135135135137,2.4504504504504503,8.621621621621621,7.468468468468468,11.89954224954225,8.756756756756756,0.04504504504504504,8.756756756756756,0.13513513513513514,0.06306306306306306,26,28,6,0,0,2,0.2342,0.2523,0.0541,0.0,0.0,66.84,33.16,Aggressive
July 30 Second 2026,?,2026.07.30,"Carlsen, Magnus","Emmenecker, Pierre-Antoine",1-0,,57,0.0,0.22807017543859648,0.3333333333333333,0.7192982456140351,0.9122807017543859,0.22807017543859648,2.789473684210526,9.87719298245614,7.035087719298246,14.747283710441604,12.12280701754386,0.08771929824561403,12.12280701754386,0.22807017543859648,0.0,16,10,4,0,0,0,0.2807,0.1754,0.0702,0.0,0.0,46.71,53.29,Positional
July 30 Second 2026,?,2026.07.30,"Carlsen, Magnus","Bulgak, Damir",1-0,,47,0.0,0.48936170212765956,0.48936170212765956,1.1914893617021276,0.5319148936170213,0.48936170212765956,2.297872340425532,8.340425531914894,6.382978723404255,10.58717027653198,8.148936170212766,0.10638297872340426,8.148936170212766,0.23404255319148937,0.0,18,16,10,0,0,2,0.383,0.3404,0.2128,0.0,0.0,62.4,37.6,Aggressive
August 04 2026,?,2026.08.04,"Carlsen, Magnus","Borischik, Sergey",1-0,,147,0.0,0.8979591836734694,0.5714285714285714,3.2653061224489797,0.23809523809523808,0.6122448979591837,2.598639455782313,8.45578231292517,8.095238095238095,9.328203448101405,6.387755102040816,0.013605442176870748,6.387755102040816,0.07482993197278912,0.29931972789115646,30,28,4,0,0,4,0.2041,0.1905,0.0272,0.0,0.0,71.4,28.6,Aggressive
August 04 2026,?,2026.08.04,"Carlsen, Magnus","Paravyan, David",1-0,,137,0.0,0.35036496350364965,0.20437956204379562,2.1751824817518246,2.45985401459854,0.2116788321167883,2.4306569343065694,8.605839416058394,7.430656934306569,11.468883853372903,7.751824817518248,0.0364963503649635,7.751824817518248,0.3357664233576642,0.16058394160583941,32,26,4,0,0,2,0.2336,0.1898,0.0292,0.0,0.0,69.49,30.51,Aggressive
August 04 2026,?,2026.08.04,"Carlsen, Magnus","Drygalov, Sergey",1-0,,69,0.0,0.4492753623188406,0.2028985507246377,2.101449275362319,0.6666666666666666,0.4492753623188406,3.130434782608696,10.304347826086957,7.797101449275362,13.892086536651755,11.420289855072463,0.11594202898550725,11.420289855072463,0.15942028985507245,0.057971014492753624,18,12,4,0,0,0,0.2609,0.1739,0.058,0.0,0.0,50.73,49.27,Aggressive
August 04 2026,?,2026.08.04,"Carlsen, Magnus","Davudov, Tunar",1-0,,98,0.0,0.4387755102040816,0.030612244897959183,1.4081632653061225,1.9489795918367347,0.40816326530612246,2.5816326530612246,9.091836734693878,8.153061224489797,11.622142200203422,8.826530612244898,0.16326530612244897,8.826530612244898,0.3469387755102041,0.0,24,26,8,0,0,2,0.2449,0.2653,0.0816,0.0,0.0,65.63,34.37,Aggressive
Group Stage | Group B,?,2026.08.12,"Carlsen, Magnus","Esipenko, Andrey",1-0,,81,0.0,0.6049382716049383,0.037037037037037035,0.5802469135802469,1.5555555555555556,0.6049382716049383,2.4074074074074074,9.432098765432098,8.17283950617284,11.823456995679217,8.679012345679013,0.06172839506172839,8.679012345679013,0.41975308641975306,0.024691358024691357,30,22,6,0,0,2,0.3704,0.2716,0.0741,0.0,0.0,66.17,33.83,Aggressive
Group Stage | Group B,?,2026.08.12,"Carlsen, Magnus","Niemann, Hans Moke",1-0,,183,0.0,1.1147540983606556,0.28415300546448086,3.109289617486339,0.6065573770491803,0.819672131147541,2.4972677595628414,9.142076502732241,8.136612021857923,9.963521375406618,6.48087431693989,0.02185792349726776,6.48087431693989,0.20765027322404372,0.3114754098360656,34,24,8,0,0,2,0.1858,0.1311,0.0437,0.0,0.0,72.19,27.81,Aggressive
Playoffs,?,2026.08.14,"Carlsen, Magnus",Nihal Sarin,1-0,,109,0.0,0.9724770642201835,0.5779816513761468,3.018348623853211,1.348623853211009,0.5229357798165137,2.2660550458715596,10.073394495412844,8.357798165137615,10.838457083181853,8.321100917431192,0.0,8.321100917431192,0.23853211009174313,0.13761467889908258,28,16,6,0,0,0,0.2569,0.1468,0.055,0.0,0.0,64.65,35.35,Aggressive
August 18 2026,?,2026.08.18,"Carlsen, Magnus","Truter, Maximilian",1-0,,85,0.0,1.3176470588235294,0.5176470588235295,0.47058823529411764,4.470588235294118,1.0,2.458823529411765,8.91764705882353,9.223529411764705,9.897131365366656,7.152941176470589,0.16470588235294117,7.152941176470589,0.5294117647058824,0.0,22,28,4,0,0,2,0.2588,0.3294,0.0471,0.0,0.0,66.38,33.62,Aggressive
August 18 2026,?,2026.08.18,"Carlsen, Magnus","Sargsyan, Sargis Vach.",1-0,,53,0.0,0.49056603773584906,0.3018867924528302,3.7358490566037736,0.1320754716981132,0.49056603773584906,2.9056603773584904,10.415094339622641,8.39622641509434,13.61340609076458,10.50943396226415,0.0,10.50943396226415,0.18867924528301888,0.18867924528301888,14,6,4,0,0,0,0.2642,0.1132,0.0755,0.0,0.0,45.37,54.63,Positional
August 18 2026,?,2026.08.18,"Carlsen, Magnus","Sitnic, Adnan",1-0,,69,0.0,0.21739130434782608,0.0,1.9130434782608696,0.7246376811594203,0.21739130434782608,2.681159420289855,10.0,6.6521739130434785,14.47193498932629,11.681159420289855,0.0,11.681159420289855,0.13043478260869565,0.057971014492753624,16,14,4,0,0,0,0.2319,0.2029,0.058,0.0,0.0,50.21,49.79,Aggressive
Main Event,?,2026.09.09,"Carlsen, Magnus","Vachier-Lagrave, Maxime",1-0,,61,0.0,0.3770491803278688,0.01639344262295082,2.0655737704918034,1.7704918032786885,0.3770491803278688,2.8852459016393444,10.049180327868852,8.01639344262295,14.17336115614804,10.950819672131148,0.01639344262295082,10.950819672131148,0.04918032786885246,0.09836065573770492,20,14,2,0,0,0,0.3279,0.2295,0.0328,0.0,0.0,52.73,47.27,Aggressive
Main Event,?,2026.09.10,"Carlsen, Magnus","Anand, Viswanathan",1-0,,73,0.0,0.6712328767123288,0.2465753424657534,1.7534246575342465,2.6164383561643834,0.6575342465753424,2.6301369863013697,10.123287671232877,8.698630136986301,12.90001117603857,10.383561643835616,0.1643835616438356,10.383561643835616,0.1780821917808219,0.0547945205479452,18,12,2,0,0,0,0.2466,0.1644,0.0274,0.0,0.0,51.51,48.49,Aggressive
Main Event,?,2026.09.11,"Carlsen, Magnus","Sindarov, Javokhir",1-0,,71,0.0,0.8873239436619719,0.0,1.7605633802816902,0.39436619718309857,0.7887323943661971,3.140845070422535,10.605633802816902,8.647887323943662,13.493570005893945,11.267605633802816,0.08450704225352113,11.267605633802816,0.04225352112676056,0.028169014084507043,20,12,10,0,0,4,0.2817,0.169,0.1408,0.0,0.0,56.54,43.46,Aggressive
September 17 Second 2026,?,2026.09.17,"Carlsen, Magnus","Darvishi, Mohammad Hossein",1-0,,43,0.0,0.3023255813953488,0.06976744186046512,0.6046511627906976,0.4186046511627907,0.3023255813953488,3.13953488372093,9.720930232558139,6.348837209302325,14.365863206560881,12.279069767441861,0.0,12.279069767441861,0.046511627906976744,0.023255813953488372,14,8,4,0,0,0,0.3256,0.186,0.093,0.0,0.0,43.64,56.36,Positional
September 19 2026,?,2026.09.19,"Carlsen, Magnus","Ameir, Moheb",1-0,,53,0.0,0.5660377358490566,0.4339622641509434,2.207547169811321,1.3773584905660377,0.5283018867924528,3.188679245283019,10.358490566037736,8.169811320754716,14.173839054027738,11.622641509433961,0.3018867924528302,11.622641509433961,0.24528301886792453,0.07547169811320754,14,4,0,2,2,0,0.2642,0.0755,0.0,0.0377,0.0377,41.8,58.2,Positional
September 19 2026,?,2026.09.19,"Carlsen, Magnus","Hajialiyev, Islam",1-0,,65,0.0,0.9384615384615385,0.0,6.107692307692307,0.3230769230769231,0.9384615384615385,2.8153846153846156,10.03076923076923,11.261538461538462,13.15048741856434,9.476923076923077,0.0,9.476923076923077,0.13846153846153847,0.15384615384615385,22,14,2,0,0,2,0.3385,0.2154,0.0308,0.0,0.0,56.76,43.24,Aggressive
September 19 2026,?,2026.09.19,"Carlsen, Magnus","Shamsuddin, Sayyid Usmon",1-0,,117,0.0,0.8461538461538461,0.20512820512820512,3.1196581196581197,1.7606837606837606,0.5299145299145299,2.8205128205128207,9.282051282051283,9.435897435897436,10.028628683756885,6.769230769230769,0.02564102564102564,6.769230769230769,0.2222222222222222,0.1623931623931624,20,24,6,0,0,4,0.1709,0.2051,0.0513,0.0,0.0,65.06,34.94,Aggressive
September 19 2026,?,2026.09.19,"Carlsen, Magnus",Aarit Kapil,1-0,,69,0.0,0.15942028985507245,0.028985507246376812,1.173913043478261,1.1014492753623188,0.15942028985507245,2.5072463768115942,9.420289855072463,7.492753623188406,12.898039038256426,10.376811594202898,0.11594202898550725,10.376811594202898,0.14492753623188406,0.028985507246376812,20,10,4,0,0,2,0.2899,0.1449,0.058,0.0,0.0,53.42,46.58,Aggressive
September 19 2026,?,2026.09.19,"Carlsen, Magnus","Pankiv, Maksym",1-0,,97,0.0,0.979381443298969,0.6391752577319587,2.515463917525773,1.5670103092783505,0.845360824742268,2.5257731958762886,8.824742268041238,7.618556701030927,10.067295047449687,7.020618556701031,0.0,7.020618556701031,0.422680412371134,0.14432989690721648,28,16,6,0,0,2,0.2887,0.1649,0.0619,0.0,0.0,67.3,32.7,Aggressive
September 19 2026,?,2026.09.19,"Carlsen, Magnus","Dubnevych, Maksym",1-0,,71,0.0,0.5774647887323944,0.0,3.943661971830986,0.704225352112676,0.39436619718309857,2.9014084507042255,10.098591549295774,8.732394366197184,12.999948838329122,10.028169014084508,0.014084507042253521,10.028169014084508,0.0,0.014084507042253521,22,14,6,0,0,0,0.3099,0.1972,0.0845,0.0,0.0,57.83,42.17,Aggressive
September 19 2026,?,2026.09.19,"Carlsen, Magnus","Cifuentes Camacho, Miguel Angel",1-0,,79,0.0,0.4810126582278481,0.05063291139240506,2.6202531645569622,0.4936708860759494,0.31645569620253167,2.4177215189873418,8.962025316455696,8.037974683544304,12.786336132222212,9.658227848101266,0.06329113924050633,9.658227848101266,0.06329113924050633,0.05063291139240506,20,26,2,0,0,0,0.2532,0.3291,0.0253,0.0,0.0,59.77,40.23,Aggressive
September 19 2026,?,2026.09.19,"Carlsen, Magnus",Gokul G,1-0,,83,0.0,0.5662650602409639,0.20481927710843373,4.855421686746988,0.3373493975903614,0.5662650602409639,2.674698795180723,9.662650602409638,7.855421686746988,11.322559468643803,8.385542168674698,0.024096385542168676,8.385542168674698,0.04819277108433735,0.24096385542168675,24,24,4,0,0,2,0.2892,0.2892,0.0482,0.0,0.0,64.85,35.15,Aggressive
September 19 2026,?,2026.09.19,"Carlsen, Magnus","Ameir, Moheb",1-0,,71,0.0,0.39436619718309857,0.028169014084507043,2.056338028169014,0.4225352112676056,0.39436619718309857,3.323943661971831,10.549295774647888,7.084507042253521,14.453867533092884,11.47887323943662,0.16901408450704225,11.47887323943662,0.04225352112676056,0.04225352112676056,20,16,4,0,0,0,0.2817,0.2254,0.0563,0.0,0.0,53.66,46.34,Aggressive
September 24 First 2026,?,2026.09.24,"Carlsen, Magnus","Gkavardinas, Antonios",1-0,,51,0.0,0.5882352941176471,0.0196078431372549,2.1372549019607843,1.1372549019607843,0.5490196078431373,2.7450980392156863,9.705882352941176,6.862745098039215,13.864283048106577,11.254901960784315,0.0,11.254901960784315,0.29411764705882354,0.09803921568627451,14,14,2,0,0,0,0.2745,0.2745,0.0392,0.0,0.0,48.51,51.49,Positional
September 24 First 2026,?,2026.09.24,"Carlsen, Magnus","Le, Tuan Minh",1-0,,85,0.0,1.3411764705882352,0.09411764705882353,1.6235294117647059,1.8823529411764706,0.6470588235294118,2.8823529411764706,10.235294117647058,9.305882352941177,13.789438208849973,11.047058823529412,0.21176470588235294,11.047058823529412,0.2823529411764706,0.18823529411764706,20,18,8,0,0,4,0.2353,0.2118,0.0941,0.0,0.0,58.29,41.71,Aggressive
September 24 First 2026,?,2026.09.24,"Carlsen, Magnus","Maghsoodloo, Parham",1-0,,111,0.0,0.6036036036036037,0.7117117117117117,3.8378378378378377,1.2612612612612613,0.5945945945945946,2.6216216216216215,10.324324324324325,8.9009009009009,11.541958391958387,8.783783783783784,0.07207207207207207,8.783783783783784,0.45045045045045046,0.17117117117117117,18,18,4,0,0,0,0.1622,0.1622,0.036,0.0,0.0,57.48,42.52,Aggressive
January 06 2026,?,2026.01.06,"Carlsen, Magnus","Nakamura, Hikaru",0-1,,176,0.0,0.9488636363636364,0.5,1.2840909090909092,1.8125,0.6363636363636364,2.539772727272727,8.835227272727273,8.318181818181818,10.619865361910813,7.079545454545454,0.017045454545454544,7.079545454545454,0.44886363636363635,0.08522727272727272,38,18,8,0,0,4,0.2159,0.1023,0.0455,0.0,0.0,71.54,28.46,Aggressive
January 13 2026,?,2026.01.13,"Carlsen, Magnus","Abdusattorov, Nodirbek",0-1,,110,0.0,0.6545454545454545,0.5727272727272728,0.2727272727272727,2.272727272727273,0.42727272727272725,2.7454545454545456,9.936363636363636,8.263636363636364,9.977751844115483,7.454545454545454,0.09090909090909091,7.454545454545454,0.41818181818181815,0.0,24,18,2,0,0,2,0.2182,0.1636,0.0182,0.0,0.0,61.7,38.3,Aggressive
January 13 2026,?,2026.01.13,"Carlsen, Magnus","Sarana, Alexey",0-1,,132,0.0,0.7424242424242424,0.946969696969697,0.49242424242424243,4.409090909090909,0.5454545454545454,2.143939393939394,8.416666666666666,7.916666666666667,10.038918383804747,6.098484848484849,0.0,6.098484848484849,0.2878787878787879,0.0,28,28,2,0,0,2,0.2121,0.2121,0.0152,0.0,0.0,69.95,30.05,Aggressive
January 15 Second 2026,?,2026.01.15,"Carlsen, Magnus","Lazavik, Denis",0-1,,80,0.0,0.375,0.1375,1.05,1.35,0.3625,3.2625,10.6875,7.9625,14.083788121600628,11.2875,0.0125,11.2875,0.425,0.0,24,10,6,0,0,0,0.3,0.125,0.075,0.0,0.0,54.67,45.33,Aggressive
January 15 Second 2026,?,2026.01.15,"Carlsen, Magnus","Matyakubov, Miraziz",0-1,,56,0.0,0.5357142857142857,0.0,2.232142857142857,0.26785714285714285,0.5357142857142857,2.8214285714285716,10.553571428571429,7.392857142857143,14.078718602825747,11.410714285714286,0.017857142857142856,11.410714285714286,0.07142857142857142,0.03571428571428571,18,6,8,0,0,2,0.3214,0.1071,0.1429,0.0,0.0,51.25,48.75,Aggressive
January 22 First 2026,?,2026.01.22,"Carlsen, Magnus","Rasulov, Vugar",0-1,,90,0.0,0.16666666666666666,0.0,2.088888888888889,1.7,0.14444444444444443,2.8333333333333335,10.422222222222222,8.544444444444444,14.04845392262059,11.3,0.12222222222222222,11.3,0.6444444444444445,0.044444444444444446,20,16,6,0,0,4,0.2222,0.1778,0.0667,0.0,0.0,55.89,44.11,Aggressive
January 29 Second 2026,?,2026.01.29,"Carlsen, Magnus","Ohanyan, Emin",0-1,,112,0.0,0.6875,0.13392857142857142,2.0267857142857144,1.8928571428571428,0.36607142857142855,3.017857142857143,9.678571428571429,8.508928571428571,11.382838292659722,8.6875,0.044642857142857144,8.6875,0.39285714285714285,0.11607142857142858,28,22,4,0,0,2,0.25,0.1964,0.0357,0.0,0.0,64.73,35.27,Aggressive
February 03 2026,?,2026.02.03,"Carlsen, Magnus","Tsydypov, Zhamsaran",0-1,,80,0.0,0.3625,0.275,3.7625,1.125,0.2125,2.8125,10.2125,9.35,13.192421606171607,10.0625,0.025,10.0625,0.125,0.125,22,12,6,0,0,0,0.275,0.15,0.075,0.0,0.0,56.45,43.55,Aggressive
Speed Chess Championship 2025,?,2026.02.07,"Carlsen, Magnus","Lazavik, Denis",0-1,,118,0.0,0.9576271186440678,0.4067796610169492,0.3389830508474576,0.2457627118644068,0.5847457627118644,2.9915254237288136,10.067796610169491,7.288135593220339,11.463886066852169,9.347457627118644,0.03389830508474576,9.347457627118644,0.0847457627118644,0.0,32,16,8,0,0,2,0.2712,0.1356,0.0678,0.0,0.0,65.52,34.48,Aggressive
Speed Chess Championship 2025,?,2026.02.07,"Carlsen, Magnus","Lazavik, Denis",0-1,,100,0.0,0.73,0.58,0.47,2.23,0.69,2.45,9.3,8.76,12.01339771339771,8.84,0.2,8.84,0.37,0.17,32,22,8,0,0,2,0.32,0.22,0.08,0.0,0.0,67.36,32.64,Aggressive
Speed Chess Championship 2025,?,2026.02.08,"Carlsen, Magnus","Firouzja, Alireza",0-1,,108,0.0,0.9074074074074074,0.7777777777777778,1.2222222222222223,1.0185185185185186,0.4537037037037037,2.6944444444444446,9.981481481481481,8.101851851851851,11.811946695280028,9.055555555555555,0.39814814814814814,9.055555555555555,0.12037037037037036,0.018518518518518517,22,16,8,0,0,4,0.2037,0.1481,0.0741,0.0,0.0,61.09,38.91,Aggressive
Speed Chess Championship 2025,?,2026.02.08,"Carlsen, Magnus","Firouzja, Alireza",0-1,,160,0.0,1.0,0.61875,0.35625,4.31875,0.725,2.0875,7.74375,8.13125,9.287151615745367,5.175,0.01875,5.175,0.59375,0.0,32,32,2,0,0,2,0.2,0.2,0.0125,0.0,0.0,73.75,26.25,Aggressive
Speed Chess Championship 2025,?,2026.02.08,"Carlsen, Magnus","Firouzja, Alireza",0-1,,108,0.0,0.6018518518518519,0.4351851851851852,4.416666666666667,0.7962962962962963,0.4722222222222222,2.675925925925926,9.0,7.944444444444445,10.354448843337732,7.527777777777778,0.027777777777777776,7.527777777777778,0.1111111111111111,0.14814814814814814,18,20,2,0,0,0,0.1667,0.1852,0.0185,0.0,0.0,60.26,39.74,Aggressive
Speed Chess Championship 2025,?,2026.02.08,"Carlsen, Magnus","Firouzja, Alireza",0-1,,140,0.0,1.2642857142857142,0.6142857142857143,0.6071428571428571,3.7214285714285715,0.8571428571428571,2.2714285714285714,8.75,8.864285714285714,9.326700501879074,6.9714285714285715,0.10714285714285714,6.9714285714285715,0.29285714285714287,0.03571428571428571,26,30,2,0,0,2,0.1857,0.2143,0.0143,0.0,0.0,68.68,31.32,Aggressive
February 17 2026,?,2026.02.17,"Carlsen, Magnus","Tabatabaei, M. Amin",0-1,,72,0.0,0.8194444444444444,0.0,2.2777777777777777,1.2083333333333333,0.7777777777777778,2.9444444444444446,10.527777777777779,8.25,13.542373328831662,10.23611111111111,0.09722222222222222,10.23611111111111,0.2361111111111111,0.0,24,14,6,0,0,2,0.3333,0.1944,0.0833,0.0,0.0,58.7,41.3,Aggressive
February 24 2026,?,2026.02.24,"Carlsen, Magnus","Sindarov, Javokhir",0-1,,58,0.0,0.22413793103448276,0.0,3.6551724137931036,1.206896551724138,0.22413793103448276,2.810344827586207,9.879310344827585,7.896551724137931,14.345290293997191,11.758620689655173,0.017241379310344827,11.758620689655173,0.22413793103448276,0.06896551724137931,14,12,0,0,0,0,0.2414,0.2069,0.0,0.0,0.0,45.31,54.69,Positional
March 26 Third 2026,?,2026.03.27,"Carlsen, Magnus","Haug, Havard",0-1,,150,0.0,0.7333333333333333,0.7333333333333333,0.43333333333333335,3.6666666666666665,0.64,2.6666666666666665,8.813333333333333,8.513333333333334,8.873947274947277,5.56,0.03333333333333333,5.56,0.4533333333333333,0.013333333333333334,22,40,4,0,0,2,0.1467,0.2667,0.0267,0.0,0.0,71.04,28.96,Aggressive
March 26 Third 2026,?,2026.03.27,"Carlsen, Magnus","Bortnyk, Olexandr",0-1,,140,0.0,0.9571428571428572,0.7285714285714285,1.4,1.0,0.5142857142857142,2.4714285714285715,8.457142857142857,7.464285714285714,10.247155146440862,7.414285714285715,0.014285714285714285,7.414285714285715,0.22857142857142856,0.09285714285714286,28,22,10,0,0,4,0.2,0.1571,0.0714,0.0,0.0,69.88,30.12,Aggressive
Playoffs,?,2026.04.24,"Carlsen, Magnus","Duda, Jan-Krzysztof",0-1,,130,0.0,0.7,0.45384615384615384,3.5076923076923077,2.376923076923077,0.46153846153846156,3.3076923076923075,11.015384615384615,9.523076923076923,11.673060273060276,8.453846153846154,0.06153846153846154,8.453846153846154,0.45384615384615384,0.16923076923076924,24,20,4,0,0,0,0.1846,0.1538,0.0308,0.0,0.0,61.14,38.86,Aggressive
Playoffs,?,2026.04.24,"Carlsen, Magnus","Lazavik, Denis",0-1,,74,0.0,0.918918918918919,0.3918918918918919,0.36486486486486486,2.635135135135135,0.6486486486486487,2.5675675675675675,9.067567567567568,7.243243243243243,11.664984227484231,9.18918918918919,0.0,9.18918918918919,0.44594594594594594,0.013513513513513514,32,18,4,0,0,2,0.4324,0.2432,0.0541,0.0,0.0,65.98,34.02,Aggressive
Tepe Sigeman 2026,?,2026.05.07,"Carlsen, Magnus",Erigaisi Arjun,0-1,,78,0.0,0.6410256410256411,0.0,1.064102564102564,2.141025641025641,0.6282051282051282,3.0641025641025643,11.205128205128204,9.064102564102564,15.195160324006483,12.14102564102564,0.16666666666666666,12.14102564102564,0.23076923076923078,0.038461538461538464,20,12,4,0,0,2,0.2564,0.1538,0.0513,0.0,0.0,51.04,48.96,Aggressive
Norway Chess,?,2026.05.30,"Carlsen, Magnus","So, Wesley",0-1,,116,0.0,1.146551724137931,0.39655172413793105,1.3017241379310345,0.5517241379310345,0.853448275862069,2.706896551724138,10.629310344827585,8.370689655172415,11.063056029219823,8.96551724137931,0.1896551724137931,8.96551724137931,0.06896551724137931,0.0,24,20,6,0,0,4,0.2069,0.1724,0.0517,0.0,0.0,62.79,37.21,Aggressive
September 24 First 2026,?,2026.09.24,"Carlsen, Magnus","Sklokin-Bagiyan, Sergey",1-0,,65,0.0,0.5230769230769231,0.13846153846153847,3.6769230769230767,2.9846153846153847,0.47692307692307695,2.8153846153846156,10.215384615384615,8.753846153846155,12.36963480963481,9.292307692307693,0.0,9.292307692307693,0.2923076923076923,0.1076923076923077,20,18,4,2,2,2,0.3077,0.2769,0.0615,0.0308,0.0308,60.41,39.59,Aggressive
September 24 First 2026,?,2026.09.24,"Carlsen, Magnus","Andreikin, Dmitry",1-0,,67,0.0,0.6865671641791045,0.014925373134328358,1.8656716417910448,3.8358208955223883,0.6865671641791045,2.298507462686567,10.119402985074627,9.074626865671641,12.062875101681072,9.149253731343284,0.0,9.149253731343284,0.22388059701492538,0.029850746268656716,20,20,6,0,0,2,0.2985,0.2985,0.0896,0.0,0.0,60.71,39.29,Aggressive
September 24 First 2026,?,2026.09.24,"Carlsen, Magnus","Aravindh, Chithambaram VR.",1-0,,65,0.0,0.7692307692307693,0.36923076923076925,1.0307692307692307,1.2923076923076924,0.3076923076923077,2.830769230769231,9.661538461538461,7.476923076923077,12.635621045621043,10.23076923076923,0.15384615384615385,10.23076923076923,0.23076923076923078,0.046153846153846156,24,16,6,0,0,2,0.3692,0.2462,0.0923,0.0,0.0,59.98,40.02,Aggressive
Speed Chess Championship 2025,?,2026.02.08,"Carlsen, Magnus","Firouzja, Alireza",1/2-1/2,,126,0.0,0.9365079365079365,0.36507936507936506,0.3492063492063492,1.4285714285714286,0.48412698412698413,2.753968253968254,8.515873015873016,6.515873015873016,10.247699831033165,7.698412698412699,0.20634920634920634,7.698412698412699,0.36507936507936506,0.047619047619047616,32,18,8,0,0,4,0.254,0.1429,0.0635,0.0,0.0,69.67,30.33,Aggressive
Speed Chess Championship 2025,?,2026.02.08,"Carlsen, Magnus","Firouzja, Alireza",1/2-1/2,,129,0.0,1.0775193798449612,0.5813953488372093,2.8449612403100777,0.3333333333333333,0.7829457364341085,2.5193798449612403,9.465116279069768,9.627906976744185,10.122817298980086,7.069767441860465,0.13178294573643412,7.069767441860465,0.14728682170542637,0.10077519379844961,30,24,4,0,0,0,0.2326,0.186,0.031,0.0,0.0,67.55,32.45,Aggressive
Speed Chess Championship 2025,?,2026.02.08,"Carlsen, Magnus","Firouzja, Alireza",1/2-1/2,,64,0.0,0.703125,1.390625,0.203125,0.609375,0.421875,1.8125,8.40625,5.671875,9.879769536019541,7.34375,0.0,7.34375,0.21875,0.046875,28,16,6,0,0,0,0.4375,0.25,0.0938,0.0,0.0,67.23,32.77,Aggressive
Speed Chess Championship 2025,?,2026.02.08,"Carlsen, Magnus","Firouzja, Alireza",1/2-1/2,,44,0.0,0.5681818181818182,0.25,1.0,0.9545454545454546,0.5681818181818182,2.522727272727273,9.363636363636363,6.75,12.793274654638292,10.272727272727273,0.0,10.272727272727273,0.2727272727272727,0.0,18,10,6,0,0,2,0.4091,0.2273,0.1364,0.0,0.0,54.03,45.97,Aggressive
February 17 2026,?,2026.02.17,"Carlsen, Magnus","Zharas, Aldiyar",1/2-1/2,,131,0.0,0.8931297709923665,0.6259541984732825,0.6641221374045801,3.3435114503816794,0.4580152671755725,2.267175572519084,7.732824427480916,6.908396946564886,8.892878432000568,6.679389312977099,0.0,6.679389312977099,0.2824427480916031,0.0,32,32,12,0,0,6,0.2443,0.2443,0.0916,0.0,0.0,76.21,23.79,Aggressive
February 24 2026,?,2026.02.24,"Carlsen, Magnus",Erigaisi Arjun,1/2-1/2,,119,0.0,0.9243697478991597,0.25210084033613445,6.260504201680672,0.4789915966386555,0.6890756302521008,2.495798319327731,9.201680672268907,9.605042016806722,10.758328786059879,6.739495798319328,0.03361344537815126,6.739495798319328,0.11764705882352941,0.29411764705882354,30,20,6,0,0,0,0.2521,0.1681,0.0504,0.0,0.0,68.37,31.63,Aggressive
March 10 2026,?,2026.03.10,"Carlsen, Magnus","Martirosyan, Haik M.",1/2-1/2,,132,0.0,0.7575757575757576,0.75,1.628787878787879,0.5075757575757576,0.6515151515151515,2.015151515151515,7.5227272727272725,7.295454545454546,9.06114106852743,5.924242424242424,0.022727272727272728,5.924242424242424,0.06060606060606061,0.03787878787878788,28,26,8,0,0,4,0.2121,0.197,0.0606,0.0,0.0,72.8,27.2,Aggressive
March 26 Third 2026,?,2026.03.27,"Carlsen, Magnus","Terry, Renato",1/2-1/2,,123,0.0,0.8861788617886179,0.7642276422764228,0.7642276422764228,1.4390243902439024,0.7398373983739838,2.3821138211382116,8.211382113821138,7.008130081300813,9.839233778867921,6.796747967479675,0.07317073170731707,6.796747967479675,0.2926829268292683,0.0,38,26,8,0,0,2,0.3089,0.2114,0.065,0.0,0.0,74.31,25.69,Aggressive
Playoffs,?,2026.04.23,"Carlsen, Magnus","Sargsyan, Shant",1/2-1/2,,110,0.0,0.5727272727272728,0.5909090909090909,4.254545454545455,1.2727272727272727,0.4,3.1272727272727274,10.336363636363636,9.554545454545455,11.592433702660975,7.381818181818182,0.0,7.381818181818182,0.2727272727272727,0.18181818181818182,36,32,10,0,0,2,0.3273,0.2909,0.0909,0.0,0.0,72.05,27.95,Aggressive
Playoffs,?,2026.04.24,"Carlsen, Magnus","Duda, Jan-Krzysztof",1/2-1/2,,129,0.0,1.054263565891473,1.1085271317829457,0.031007751937984496,2.116279069767442,0.7596899224806202,2.434108527131783,8.310077519379846,7.4728682170542635,8.731912359819342,6.255813953488372,0.0,6.255813953488372,0.20930232558139536,0.007751937984496124,30,22,4,0,0,2,0.2326,0.1705,0.031,0.0,0.0,70.21,29.79,Aggressive
Tepe Sigeman 2026,?,2026.05.01,"Carlsen, Magnus",Erigaisi Arjun,1/2-1/2,,71,0.0,0.7183098591549296,0.8873239436619719,0.36619718309859156,0.7464788732394366,0.4225352112676056,3.0,9.112676056338028,6.140845070422535,12.045571564585652,9.661971830985916,0.014084507042253521,9.661971830985916,0.18309859154929578,0.08450704225352113,14,12,2,0,0,2,0.1972,0.169,0.0282,0.0,0.0,49.36,50.64,Positional
Tepe Sigeman 2026,?,2026.05.03,"Carlsen, Magnus","Abdusattorov, Nodirbek",1/2-1/2,,88,0.0,0.2840909090909091,0.0,1.9659090909090908,0.8636363636363636,0.13636363636363635,3.034090909090909,10.545454545454545,8.590909090909092,13.785859468814015,11.034090909090908,0.10227272727272728,11.034090909090908,0.23863636363636365,0.20454545454545456,26,16,6,0,0,0,0.2955,0.1818,0.0682,0.0,0.0,58.4,41.6,Aggressive
Norway Chess,?,2026.05.26,"Carlsen, Magnus","Keymer, Vincent",1/2-1/2,,170,0.0,0.9588235294117647,0.32941176470588235,0.7294117647058823,2.2176470588235295,0.5411764705882353,2.9823529411764707,9.7,8.794117647058824,10.899442730472144,8.24705882352941,0.1,8.24705882352941,0.48823529411764705,0.0,26,10,8,0,0,2,0.1529,0.0588,0.0471,0.0,0.0,61.84,38.16,Aggressive
June 16 2026,?,2026.06.16,"Carlsen, Magnus","Sarana, Alexey",1/2-1/2,,125,0.0,0.616,0.304,0.88,2.912,0.344,2.824,9.352,8.328,10.887713686313687,8.168,0.048,8.168,0.456,0.0,26,24,6,0,0,2,0.208,0.192,0.048,0.0,0.0,65.91,34.09,Aggressive
June 18 First 2026,?,2026.06.18,"Carlsen, Magnus","Yoo, Christopher Woojin",1/2-1/2,,110,0.0,0.5818181818181818,0.7,0.37272727272727274,2.390909090909091,0.509090909090909,2.2818181818181817,9.063636363636364,7.2,9.87301052482871,7.372727272727273,0.01818181818181818,7.372727272727273,0.15454545454545454,0.0,32,30,6,0,0,2,0.2909,0.2727,0.0545,0.0,0.0,71.69,28.31,Aggressive
Blitz knockout,?,2026.06.21,"Carlsen, Magnus","Artemiev, Vladislav",1/2-1/2,,58,0.0,0.9827586206896551,0.46551724137931033,0.3275862068965517,0.896551724137931,0.9827586206896551,2.5344827586206895,8.39655172413793,7.862068965517241,10.122536754433309,7.810344827586207,0.13793103448275862,7.810344827586207,0.1896551724137931,0.0,22,20,8,0,0,2,0.3793,0.3448,0.1379,0.0,0.0,64.78,35.22,Aggressive
Blitz knockout,?,2026.06.21,"Carlsen, Magnus",Erigaisi Arjun,1/2-1/2,,135,0.0,1.3407407407407408,1.5037037037037038,0.48148148148148145,5.296296296296297,1.0,2.0592592592592593,7.688888888888889,11.014814814814814,8.921423740868182,4.674074074074074,0.07407407407407407,4.674074074074074,0.5111111111111111,0.0,36,32,4,0,0,2,0.2667,0.237,0.0296,0.0,0.0,74.9,25.1,Aggressive
June 25 First 2026,?,2026.06.25,"Carlsen, Magnus","Nakamura, Hikaru",1/2-1/2,,125,0.0,0.76,0.44,0.584,2.736,0.528,2.664,9.608,8.024,11.150193761793759,7.6,0.192,7.6,0.344,0.032,36,26,4,0,0,2,0.288,0.208,0.032,0.0,0.0,70.08,29.92,Aggressive
July 09 First 2026,?,2026.07.09,"Carlsen, Magnus","Pyrih, Roman",1/2-1/2,,123,0.0,1.113821138211382,0.8048780487804879,1.1951219512195121,0.5040650406504065,0.8943089430894309,2.3983739837398375,8.8130081300813,8.504065040650406,9.418401968401971,6.5772357723577235,0.16260162601626016,6.5772357723577235,0.1951219512195122,0.04878048780487805,28,24,8,0,0,4,0.2276,0.1951,0.065,0.0,0.0,69.99,30.01,Aggressive
July 11 2026,?,2026.07.11,"Carlsen, Magnus",Asish Panda,1/2-1/2,,77,0.0,0.922077922077922,0.2987012987012987,2.8701298701298703,4.233766233766234,0.8961038961038961,2.7662337662337664,10.428571428571429,11.779220779220779,13.798590658980263,10.38961038961039,0.18181818181818182,10.38961038961039,0.7792207792207793,0.2987012987012987,14,6,2,0,0,0,0.1818,0.0779,0.026,0.0,0.0,44.45,55.55,Positional
August 04 2026,?,2026.08.04,"Carlsen, Magnus","Nakamura, Hikaru",1/2-1/2,,138,0.0,1.1376811594202898,0.8115942028985508,0.8768115942028986,0.2753623188405797,0.7028985507246377,1.7318840579710144,7.195652173913044,7.463768115942029,8.369040279366368,6.0144927536231885,0.18115942028985507,6.0144927536231885,0.09420289855072464,0.021739130434782608,26,28,4,0,0,2,0.1884,0.2029,0.029,0.0,0.0,71.35,28.65,Aggressive
Playoffs,?,2026.08.14,"Carlsen, Magnus",Nihal Sarin,1/2-1/2,,112,0.0,0.8839285714285714,0.39285714285714285,0.5625,2.3392857142857144,0.7321428571428571,2.625,9.214285714285714,7.607142857142857,10.590346335212402,7.169642857142857,0.0625,7.169642857142857,0.45535714285714285,0.026785714285714284,32,20,4,0,0,2,0.2857,0.1786,0.0357,0.0,0.0,68.18,31.82,Aggressive
Playoffs,?,2026.08.14,"Carlsen, Magnus","Firouzja, Alireza",1/2-1/2,,62,0.0,0.3870967741935484,0.0,3.6774193548387095,1.0483870967741935,0.3870967741935484,2.7903225806451615,10.0,7.580645161290323,12.289266378782505,9.338709677419354,0.0,9.338709677419354,0.12903225806451613,0.14516129032258066,16,14,2,0,0,0,0.2581,0.2258,0.0323,0.0,0.0,52.68,47.32,Aggressive
August 18 2026,?,2026.08.18,"Carlsen, Magnus","Maslov, Mikhail",1/2-1/2,,69,0.0,0.5797101449275363,0.5942028985507246,5.028985507246377,1.4492753623188406,0.5217391304347826,3.4057971014492754,10.681159420289855,10.826086956521738,12.647823714128064,9.26086956521739,0.0,9.26086956521739,0.463768115942029,0.463768115942029,18,16,2,0,0,0,0.2609,0.2319,0.029,0.0,0.0,53.73,46.27,Aggressive
Main Event,?,2026.09.10,"Carlsen, Magnus","Nepomniachtchi, Ian",1/2-1/2,,53,0.0,0.6037735849056604,0.0,1.0566037735849056,1.0754716981132075,0.4528301886792453,3.018867924528302,10.452830188679245,6.7924528301886795,14.448289446402654,11.943396226415095,0.0,11.943396226415095,0.20754716981132076,0.0,12,4,2,0,0,0,0.2264,0.0755,0.0377,0.0,0.0,37.64,62.36,Positional
Blitz | Pool C,?,2026.06.20,"Firouzja, Alireza","Cuartas, Jaime Alexander",1-0,,81,0.0,0.4691358024691358,0.1728395061728395,0.32098765432098764,1.7037037037037037,0.4691358024691358,3.259259259259259,10.790123456790123,9.419753086419753,14.73988261395668,12.185185185185185,0.19753086419753085,12.185185185185185,0.30864197530864196,0.037037037037037035,24,10,4,0,0,2,0.2963,0.1235,0.0494,0.0,0.0,52.33,47.67,Aggressive
Blitz | Pool C,?,2026.06.20,"Firouzja, Alireza","Sargsyan, Shant",1-0,,97,0.0,0.5154639175257731,0.020618556701030927,2.845360824742268,1.2474226804123711,0.4329896907216495,3.11340206185567,11.309278350515465,9.670103092783505,13.809506615949912,10.24742268041237,0.020618556701030927,10.24742268041237,0.36082474226804123,0.29896907216494845,22,18,2,0,0,0,0.2268,0.1856,0.0206,0.0,0.0,55.14,44.86,Aggressive
Blitz C,?,2026.06.20,"Firouzja, Alireza","Wan, Yunguo",1-0,,97,0.0,0.5463917525773195,0.10309278350515463,0.23711340206185566,2.6804123711340204,0.41237113402061853,2.3092783505154637,8.257731958762887,8.855670103092784,10.817469815407964,8.195876288659793,0.09278350515463918,8.195876288659793,0.17525773195876287,0.0,28,22,4,0,0,2,0.2887,0.2268,0.0412,0.0,0.0,65.86,34.14,Aggressive
Blitz knockout,?,2026.06.20,"Firouzja, Alireza","Zhao, Jun",1-0,,83,0.0,0.8192771084337349,0.3855421686746988,1.5060240963855422,0.5301204819277109,0.7469879518072289,3.0120481927710845,10.710843373493976,8.421686746987952,13.357377929968294,10.819277108433734,0.25301204819277107,10.819277108433734,0.10843373493975904,0.012048192771084338,24,10,4,0,0,0,0.2892,0.1205,0.0482,0.0,0.0,54.47,45.53,Aggressive
Main Event,?,2026.06.24,"Firouzja, Alireza","Gurel, Ediz",1-0,,161,0.0,0.9254658385093167,0.2236024844720497,1.0745341614906831,0.6521739130434783,0.6024844720496895,2.5652173913043477,9.546583850931677,9.683229813664596,11.640475725103054,9.304347826086957,0.3105590062111801,9.304347826086957,0.049689440993788817,0.0,28,18,6,0,0,2,0.1739,0.1118,0.0373,0.0,0.0,62.94,37.06,Aggressive
Main Event,?,2026.06.24,"Firouzja, Alireza","Xue, Haowen",1-0,,147,0.0,0.8299319727891157,0.4013605442176871,1.530612244897959,4.299319727891157,0.564625850340136,2.183673469387755,7.755102040816326,8.605442176870747,8.677977408079446,5.537414965986395,0.006802721088435374,5.537414965986395,0.1836734693877551,0.14285714285714285,32,24,10,0,0,2,0.2177,0.1633,0.068,0.0,0.0,74.28,25.72,Aggressive
Main Event,?,2026.06.24,"Firouzja, Alireza","Xue, Haowen",1-0,,120,0.0,0.6833333333333333,0.2,2.6166666666666667,2.25,0.525,2.2583333333333333,9.25,8.325,11.355967250342248,7.45,0.05,7.45,0.2833333333333333,0.15,36,26,8,0,0,2,0.3,0.2167,0.0667,0.0,0.0,71.85,28.15,Aggressive
Main Event,?,2026.06.24,"Firouzja, Alireza","Xue, Haowen",1-0,,51,0.0,0.7058823529411765,0.0392156862745098,3.4901960784313726,1.8235294117647058,0.7058823529411765,2.6470588235294117,10.450980392156863,9.862745098039216,14.104725829725837,10.901960784313726,0.13725490196078433,10.901960784313726,0.35294117647058826,0.0,12,16,4,0,0,0,0.2353,0.3137,0.0784,0.0,0.0,48.96,51.04,Positional
Main Event,?,2026.06.24,"Firouzja, Alireza","Xue, Haowen",1-0,,133,0.0,0.8045112781954887,0.2932330827067669,1.631578947368421,3.443609022556391,0.6917293233082706,2.5338345864661656,9.421052631578947,9.81203007518797,11.31951972421897,8.045112781954888,0.16541353383458646,8.045112781954888,0.7669172932330827,0.3157894736842105,22,20,10,0,0,4,0.1654,0.1504,0.0752,0.0,0.0,64.46,35.54,Aggressive
Main Event,?,2026.06.24,"Firouzja, Alireza","Gurel, Ediz",1-0,,97,0.0,0.6288659793814433,0.061855670103092786,4.721649484536083,0.8350515463917526,0.5979381443298969,2.8247422680412373,10.938144329896907,10.835051546391753,12.339202721676942,8.969072164948454,0.0,8.969072164948454,0.4845360824742268,0.1958762886597938,30,20,4,0,0,2,0.3093,0.2062,0.0412,0.0,0.0,63.5,36.5,Aggressive
Main Event,?,2026.06.24,"Firouzja, Alireza","Gurel, Ediz",1-0,,89,0.0,0.30337078651685395,0.011235955056179775,1.2584269662921348,0.9775280898876404,0.11235955056179775,3.3820224719101124,10.696629213483146,8.325842696629213,14.325051633759504,11.247191011235955,0.0449438202247191,11.247191011235955,0.20224719101123595,0.033707865168539325,26,16,2,0,0,0,0.2921,0.1798,0.0225,0.0,0.0,55.74,44.26,Aggressive
Main Event,?,2026.06.24,"Firouzja, Alireza","Gurel, Ediz",1-0,,63,0.0,0.4126984126984127,0.0,3.015873015873016,0.6031746031746031,0.4126984126984127,2.857142857142857,9.238095238095237,6.873015873015873,12.691201126915411,10.571428571428571,0.0,10.571428571428571,0.0,0.031746031746031744,16,10,6,0,0,0,0.254,0.1587,0.0952,0.0,0.0,52.41,47.59,Aggressive
Main Event,?,2026.06.24,"Firouzja, Alireza","Xue, Haowen",1-0,,97,0.0,0.9175257731958762,0.010309278350515464,3.5876288659793816,2.185567010309278,0.8556701030927835,3.2268041237113403,11.268041237113403,9.690721649484535,14.236704074848403,10.54639175257732,0.0,10.54639175257732,0.4329896907216495,0.14432989690721648,22,14,2,0,0,0,0.2268,0.1443,0.0206,0.0,0.0,54.34,45.66,Aggressive
Main Event,?,2026.06.24,"Firouzja, Alireza","Xue, Haowen",1-0,,127,0.0,0.6299212598425197,0.7716535433070866,0.4645669291338583,2.8346456692913384,0.48031496062992124,1.9763779527559056,8.023622047244094,7.330708661417323,10.104526007675613,6.582677165354331,0.007874015748031496,6.582677165354331,0.31496062992125984,0.06299212598425197,28,36,6,0,0,4,0.2205,0.2835,0.0472,0.0,0.0,73.01,26.99,Aggressive
Main Event,?,2026.06.25,"Firouzja, Alireza",Nihal Sarin,1-0,,169,0.0,1.0887573964497042,0.514792899408284,1.5088757396449703,2.804733727810651,0.5976331360946746,2.804733727810651,8.887573964497042,9.106508875739644,9.876757956047896,6.739644970414201,0.20710059171597633,6.739644970414201,0.11242603550295859,0.011834319526627219,32,28,10,0,0,6,0.1893,0.1657,0.0592,0.0,0.0,72.66,27.34,Aggressive
Main Event,?,2026.06.25,"Firouzja, Alireza",Nihal Sarin,1-0,,197,0.0,0.7106598984771574,0.700507614213198,1.700507614213198,2.563451776649746,0.5380710659898477,2.213197969543147,8.076142131979696,7.568527918781726,9.278732702717472,6.187817258883249,0.07614213197969544,6.187817258883249,0.4263959390862944,0.030456852791878174,28,28,4,0,0,2,0.1421,0.1421,0.0203,0.0,0.0,71.18,28.82,Aggressive
Main Event,?,2026.06.25,"Firouzja, Alireza",Nihal Sarin,1-0,,145,0.0,0.8551724137931035,0.9793103448275862,0.9517241379310345,3.0068965517241377,0.6344827586206897,2.3793103448275863,8.593103448275862,9.13103448275862,9.643039623212038,5.696551724137931,0.013793103448275862,5.696551724137931,0.35172413793103446,0.0896551724137931,30,34,6,0,0,2,0.2069,0.2345,0.0414,0.0,0.0,72.66,27.34,Aggressive
Main Event,?,2026.06.25,"Firouzja, Alireza",Nihal Sarin,1-0,,105,0.0,0.8952380952380953,0.0,2.8666666666666667,1.8476190476190477,0.4666666666666667,2.8380952380952382,10.380952380952381,9.019047619047619,12.455225171653744,9.8,0.23809523809523808,9.8,0.26666666666666666,0.09523809523809523,30,16,2,0,0,2,0.2857,0.1524,0.019,0.0,0.0,61.77,38.23,Aggressive
Main Event,?,2026.06.25,"Firouzja, Alireza",Nihal Sarin,1-0,,119,0.0,0.7226890756302521,0.3445378151260504,1.3109243697478992,1.226890756302521,0.6470588235294118,2.5294117647058822,9.554621848739496,9.588235294117647,11.95650274095652,8.478991596638656,0.1092436974789916,8.478991596638656,0.25210084033613445,0.16806722689075632,28,22,6,0,0,2,0.2353,0.1849,0.0504,0.0,0.0,64.72,35.28,Aggressive
Main Event,?,2026.06.25,"Firouzja, Alireza",Nihal Sarin,1-0,,53,0.0,0.22641509433962265,0.0,0.5849056603773585,0.6037735849056604,0.22641509433962265,2.849056603773585,10.320754716981131,7.509433962264151,15.416423513593323,12.90566037735849,0.0,12.90566037735849,0.09433962264150944,0.05660377358490566,16,8,2,0,0,0,0.3019,0.1509,0.0377,0.0,0.0,42.43,57.57,Positional
Main Event,?,2026.06.25,"Firouzja, Alireza",Nihal Sarin,1-0,,141,0.0,0.8439716312056738,0.14893617021276595,1.7446808510638299,3.6099290780141846,0.723404255319149,2.3191489361702127,9.056737588652481,9.72340425531915,11.558323984919728,7.524822695035461,0.07092198581560284,7.524822695035461,0.7021276595744681,0.2127659574468085,36,22,6,0,0,2,0.2553,0.156,0.0426,0.0,0.0,69.78,30.22,Aggressive
Grand Chess Tour: Super Rapid & Blitz Croatia 2026,?,2026.07.01,"Firouzja, Alireza","Saric, Ivan",1-0,,91,0.0,0.4175824175824176,0.07692307692307693,0.5714285714285714,2.7362637362637363,0.0989010989010989,2.6373626373626373,10.428571428571429,9.593406593406593,12.668078350221215,10.032967032967033,0.43956043956043955,10.032967032967033,0.24175824175824176,0.04395604395604396,24,18,6,0,0,2,0.2637,0.1978,0.0659,0.0,0.0,59.33,40.67,Aggressive
Grand Chess Tour: Super Rapid & Blitz Croatia 2026,?,2026.07.04,"Firouzja, Alireza","Keymer, Vincent",1-0,,59,0.0,0.3728813559322034,0.22033898305084745,1.4067796610169492,0.6440677966101694,0.288135593220339,3.0,9.559322033898304,6.983050847457627,14.253609479033205,11.661016949152541,0.0,11.661016949152541,0.1694915254237288,0.1016949152542373,16,6,4,0,0,0,0.2712,0.1017,0.0678,0.0,0.0,45.6,54.4,Positional
Grand Chess Tour: Super Rapid & Blitz Croatia 2026,?,2026.07.04,"Firouzja, Alireza",Praggnanandhaa R,1-0,,59,0.0,0.7627118644067796,0.05084745762711865,1.2542372881355932,0.4915254237288136,0.7627118644067796,2.6779661016949152,10.05084745762712,7.813559322033898,14.815457329864115,12.05084745762712,0.423728813559322,12.05084745762712,0.01694915254237288,0.0,14,10,4,0,0,0,0.2373,0.1695,0.0678,0.0,0.0,45.32,54.68,Positional
Quantbox Chennai Grand Masters 2026,?,2026.07.17,"Firouzja, Alireza",Gukesh D,1-0,,137,0.0,0.8978102189781022,0.45985401459854014,3.2846715328467155,0.4233576642335766,0.7591240875912408,2.664233576642336,9.554744525547445,9.153284671532846,10.661735932356375,7.656934306569343,0.20437956204379562,7.656934306569343,0.08759124087591241,0.15328467153284672,28,30,8,0,0,4,0.2044,0.219,0.0584,0.0,0.0,69.57,30.43,Aggressive
July 28 2026,?,2026.07.28,"Firouzja, Alireza",Sreyas Payyappat,1-0,,85,0.0,0.6588235294117647,0.058823529411764705,3.7411764705882353,0.9882352941176471,0.6352941176470588,2.5176470588235293,9.6,9.811764705882354,11.481901333960158,8.564705882352941,0.18823529411764706,8.564705882352941,0.27058823529411763,0.10588235294117647,22,12,10,0,0,2,0.2588,0.1412,0.1176,0.0,0.0,61.18,38.82,Aggressive
July 28 2026,?,2026.07.28,"Firouzja, Alireza","Sarana, Alexey",1-0,,59,0.0,0.06779661016949153,0.05084745762711865,1.9152542372881356,0.22033898305084745,0.03389830508474576,3.1864406779661016,10.186440677966102,6.983050847457627,14.669675334082111,11.898305084745763,0.0,11.898305084745763,0.3728813559322034,0.23728813559322035,16,6,0,0,0,0,0.2712,0.1017,0.0,0.0,0.0,41.06,58.94,Positional
July 28 2026,?,2026.07.28,"Firouzja, Alireza","Tari, Aryan",1-0,,87,0.0,0.6206896551724138,0.12643678160919541,3.8275862068965516,1.3793103448275863,0.5632183908045977,3.1264367816091956,10.333333333333334,9.011494252873563,13.344615059270227,10.655172413793103,0.011494252873563218,10.655172413793103,0.22988505747126436,0.034482758620689655,18,22,2,0,0,0,0.2069,0.2529,0.023,0.0,0.0,55.59,44.41,Aggressive
July 28 2026,?,2026.07.28,"Firouzja, Alireza","Arslanov, Shamil",1-0,,51,0.0,0.39215686274509803,0.058823529411764705,2.3529411764705883,1.196078431372549,0.39215686274509803,2.588235294117647,9.686274509803921,8.294117647058824,13.07772771890419,10.294117647058824,0.13725490196078433,10.294117647058824,0.13725490196078433,0.19607843137254902,12,18,4,0,0,2,0.2353,0.3529,0.0784,0.0,0.0,51.27,48.73,Aggressive
August 04 2026,?,2026.08.04,"Firouzja, Alireza","Mohammadi, Melika",1-0,,79,0.0,0.6708860759493671,0.0759493670886076,0.0759493670886076,3.6835443037974684,0.3924050632911392,2.5316455696202533,9.886075949367088,8.050632911392405,12.020525957867733,9.012658227848101,0.02531645569620253,9.012658227848101,0.3037974683544304,0.0,26,18,8,0,0,2,0.3291,0.2278,0.1013,0.0,0.0,63.79,36.21,Aggressive
August 04 2026,?,2026.08.04,"Firouzja, Alireza","Pajeken, Jakob Leon",1-0,,83,0.0,0.6626506024096386,0.8192771084337349,1.0481927710843373,3.0240963855421685,0.6385542168674698,2.2289156626506026,9.072289156626505,8.903614457831326,10.582741856537037,7.433734939759036,0.0,7.433734939759036,0.27710843373493976,0.060240963855421686,30,24,6,0,0,2,0.3614,0.2892,0.0723,0.0,0.0,68.68,31.32,Aggressive
Group Stage | Group A,?,2026.08.12,"Firouzja, Alireza","Wei, Yi",1-0,,109,0.0,0.5779816513761468,0.009174311926605505,5.146788990825688,0.9724770642201835,0.5137614678899083,2.5779816513761467,9.908256880733944,10.623853211009175,12.176541195807244,8.844036697247706,0.0,8.844036697247706,0.21100917431192662,0.14678899082568808,30,20,8,0,0,2,0.2752,0.1835,0.0734,0.0,0.0,65.92,34.08,Aggressive
Group Stage | Group A,?,2026.08.12,"Firouzja, Alireza",Erigaisi Arjun,1-0,,83,0.0,1.0602409638554218,0.25301204819277107,0.39759036144578314,2.036144578313253,0.8313253012048193,2.5783132530120483,9.74698795180723,9.614457831325302,10.878025622302731,8.44578313253012,0.1566265060240964,8.44578313253012,0.25301204819277107,0.0,24,20,4,0,0,0,0.2892,0.241,0.0482,0.0,0.0,61.43,38.57,Aggressive
Playoffs,?,2026.08.14,"Firouzja, Alireza","Niemann, Hans Moke",1-0,,51,0.0,0.0392156862745098,0.17647058823529413,1.1372549019607843,0.8627450980392157,0.0392156862745098,2.392156862745098,11.431372549019608,8.372549019607844,15.127619765855062,12.27450980392157,0.0,12.27450980392157,0.35294117647058826,0.21568627450980393,6,6,0,0,0,0,0.1176,0.1176,0.0,0.0,0.0,25.54,74.46,Positional
Masters Online,?,2026.08.19,"Firouzja, Alireza","Maghsoodloo, Parham",1-0,,59,0.0,0.6779661016949152,0.8135593220338984,0.7288135593220338,1.0847457627118644,0.4915254237288136,2.0847457627118646,9.491525423728813,7.271186440677966,11.547076652161403,9.05084745762712,0.05084745762711865,9.05084745762712,0.3389830508474576,0.2033898305084746,22,16,2,0,0,2,0.3729,0.2712,0.0339,0.0,0.0,58.57,41.43,Aggressive
Masters Online KO,?,2026.08.19,"Firouzja, Alireza","Suleymanli, Aydin",1-0,,57,0.0,0.8596491228070176,0.0,1.5087719298245614,1.0701754385964912,0.5964912280701754,3.1052631578947367,10.087719298245615,9.385964912280702,13.435197453618505,10.403508771929825,0.0,10.403508771929825,0.2631578947368421,0.17543859649122806,22,10,8,0,0,2,0.386,0.1754,0.1404,0.0,0.0,56.04,43.96,Aggressive
Masters Online KO,?,2026.08.19,"Firouzja, Alireza","Grischuk, Alexander",1-0,,55,0.0,0.10909090909090909,0.0,1.6,0.38181818181818183,0.10909090909090909,2.5090909090909093,10.363636363636363,6.927272727272728,14.766399055489961,12.345454545454546,0.05454545454545454,12.345454545454546,0.0,0.0,14,10,4,0,0,0,0.2545,0.1818,0.0727,0.0,0.0,44.82,55.18,Positional
Masters Online,?,2026.08.19,"Firouzja, Alireza","Tabatabaei, M. Amin",1-0,,121,0.0,0.32231404958677684,0.0,1.0,0.8016528925619835,0.32231404958677684,3.1818181818181817,11.0,9.479338842975206,14.959594010213843,11.991735537190083,0.21487603305785125,11.991735537190083,0.11570247933884298,0.05785123966942149,16,16,2,0,0,0,0.1322,0.1322,0.0165,0.0,0.0,46.86,53.14,Positional
August 25 2026,?,2026.08.25,"Firouzja, Alireza","Mattenberger, Matthias",1-0,,127,0.0,0.8976377952755905,1.2677165354330708,0.48031496062992124,4.149606299212598,0.7716535433070866,2.3070866141732282,8.905511811023622,9.51968503937008,10.401086927071182,6.118110236220472,0.031496062992125984,6.118110236220472,0.6456692913385826,0.031496062992125984,28,28,8,0,0,4,0.2205,0.2205,0.063,0.0,0.0,70.62,29.38,Aggressive
August 25 2026,?,2026.08.25,"Firouzja, Alireza","Kravtsiv, Martyn",1-0,,59,0.0,0.576271186440678,0.1864406779661017,5.796610169491525,1.2542372881355932,0.576271186440678,3.1016949152542375,10.779661016949152,11.745762711864407,13.201218978761354,9.983050847457626,0.0847457627118644,9.983050847457626,0.1694915254237288,0.1694915254237288,22,20,8,0,0,0,0.3729,0.339,0.1356,0.0,0.0,59.81,40.19,Aggressive
Rapid,?,2026.08.29,"Firouzja, Alireza","Tisma, Ivan",1-0,,81,0.0,0.3333333333333333,0.38271604938271603,2.45679012345679,1.8271604938271604,0.3333333333333333,2.8518518518518516,10.814814814814815,8.679012345679013,13.672012726642363,10.17283950617284,0.18518518518518517,10.17283950617284,0.41975308641975306,0.04938271604938271,26,14,6,0,0,2,0.321,0.1728,0.0741,0.0,0.0,59.3,40.7,Aggressive
Rapid,?,2026.08.29,"Firouzja, Alireza","Mitkov, Nikola",1-0,,75,0.0,0.21333333333333335,0.3333333333333333,1.84,0.76,0.21333333333333335,3.0933333333333333,10.573333333333334,8.213333333333333,14.137142413142413,10.946666666666667,0.0,10.946666666666667,0.37333333333333335,0.05333333333333334,30,12,6,0,0,2,0.4,0.16,0.08,0.0,0.0,59.68,40.32,Aggressive
Blitz,?,2026.08.30,"Firouzja, Alireza","Toncheva, Nadya",1-0,,117,0.0,0.9401709401709402,0.5555555555555556,1.0085470085470085,0.47863247863247865,0.4700854700854701,2.700854700854701,8.863247863247864,8.034188034188034,8.964107948082313,6.752136752136752,0.05128205128205128,6.752136752136752,0.11965811965811966,0.0,28,20,8,0,0,4,0.2393,0.1709,0.0684,0.0,0.0,69.02,30.98,Aggressive
September 01 2026,?,2026.09.01,"Firouzja, Alireza","Vidyarthi, Vyom",1-0,,51,0.0,0.8431372549019608,0.1568627450980392,2.1372549019607843,0.2549019607843137,0.8431372549019608,2.6862745098039214,10.333333333333334,10.156862745098039,13.715483209600853,10.588235294117647,0.19607843137254902,10.588235294117647,0.19607843137254902,0.21568627450980393,18,10,6,0,0,2,0.3529,0.1961,0.1176,0.0,0.0,51.61,48.39,Aggressive
September 01 2026,?,2026.09.01,"Firouzja, Alireza","Drozdowski, Kacper",1-0,,41,0.0,0.34146341463414637,0.14634146341463414,1.8780487804878048,0.14634146341463414,0.34146341463414637,2.317073170731707,9.609756097560975,6.951219512195122,14.736795318502633,12.073170731707316,0.0,12.073170731707316,0.17073170731707318,0.07317073170731707,10,8,2,0,0,0,0.2439,0.1951,0.0488,0.0,0.0,38.29,61.71,Positional
September 01 2026,?,2026.09.01,"Firouzja, Alireza","Makridis, Dimitrios",1-0,,55,0.0,0.07272727272727272,0.14545454545454545,0.8545454545454545,0.38181818181818183,0.07272727272727272,2.8545454545454545,10.854545454545455,7.254545454545455,14.850883359065183,12.345454545454546,0.10909090909090909,12.345454545454546,0.10909090909090909,0.0,12,6,6,0,0,0,0.2182,0.1091,0.1091,0.0,0.0,40.54,59.46,Positional
September 15 2026,?,2026.09.15,"Firouzja, Alireza","Hansen, Eric",1-0,,45,0.0,0.4444444444444444,0.06666666666666667,2.8666666666666667,1.0,0.4444444444444444,2.6444444444444444,10.155555555555555,8.755555555555556,14.480317460317456,11.333333333333334,0.0,11.333333333333334,0.2222222222222222,0.13333333333333333,12,4,2,0,0,0,0.2667,0.0889,0.0444,0.0,0.0,38.93,61.07,Positional
September 15 2026,?,2026.09.15,"Firouzja, Alireza","Andreikin, Dmitry",1-0,,85,0.0,0.9294117647058824,0.24705882352941178,2.0470588235294116,0.8352941176470589,0.8,2.2941176470588234,9.0,9.011764705882353,11.505335024452666,8.847058823529412,0.15294117647058825,8.847058823529412,0.2235294117647059,0.023529411764705882,24,24,8,0,0,2,0.2824,0.2824,0.0941,0.0,0.0,65.16,34.84,Aggressive
September 15 2026,?,2026.09.15,"Firouzja, Alireza","Shandrygin, Nikita",1-0,,67,0.0,0.9253731343283582,0.373134328358209,1.8507462686567164,0.6417910447761194,0.6567164179104478,2.8955223880597014,10.895522388059701,8.865671641791044,12.951403530134876,9.805970149253731,0.0,9.805970149253731,0.14925373134328357,0.07462686567164178,18,12,2,0,0,0,0.2687,0.1791,0.0299,0.0,0.0,50.62,49.38,Aggressive
September 15 2026,?,2026.09.15,"Firouzja, Alireza","Gurevich, Neria",1-0,,103,0.0,0.9029126213592233,1.0097087378640777,0.4563106796116505,1.1941747572815533,0.6019417475728155,2.407766990291262,8.572815533980583,7.184466019417476,9.026257965335638,5.980582524271845,0.0,5.980582524271845,0.10679611650485436,0.04854368932038835,32,30,10,0,0,2,0.3107,0.2913,0.0971,0.0,0.0,74.32,25.68,Aggressive
Speed Chess Championship 2025,?,2026.02.07,"Nakamura, Hikaru","Firouzja, Alireza",0-1,,110,0.0,1.0818181818181818,1.1818181818181819,0.05454545454545454,0.3090909090909091,0.9363636363636364,2.418181818181818,8.863636363636363,8.736363636363636,9.086089239043785,6.209090909090909,0.06363636363636363,6.209090909090909,0.10909090909090909,0.00909090909090909,30,28,10,0,0,2,0.2727,0.2545,0.0909,0.0,0.0,71.88,28.12,Aggressive
Speed Chess Championship 2025,?,2026.02.07,"Nakamura, Hikaru","Firouzja, Alireza",0-1,,98,0.0,0.46938775510204084,0.04081632653061224,3.5,1.7755102040816326,0.46938775510204084,2.938775510204082,10.438775510204081,8.918367346938776,11.668778103982188,8.295918367346939,0.09183673469387756,8.295918367346939,0.29591836734693877,0.21428571428571427,24,20,6,0,0,2,0.2449,0.2041,0.0612,0.0,0.0,62.99,37.01,Aggressive
Rapid,?,2026.06.17,Praggnanandhaa R,"Firouzja, Alireza",1-0,,99,0.0,1.2525252525252526,0.0,4.686868686868687,2.6161616161616164,1.0101010101010102,2.6464646464646466,10.545454545454545,10.222222222222221,11.964959030868117,8.555555555555555,0.10101010101010101,8.555555555555555,0.21212121212121213,0.04040404040404041,22,14,6,0,0,2,0.2222,0.1414,0.0606,0.0,0.0,60.52,39.48,Aggressive
Blitz | Pool C,?,2026.06.20,"Abdusattorov, Nodirbek","Firouzja, Alireza",1-0,,109,0.0,1.1926605504587156,0.6055045871559633,0.5688073394495413,4.045871559633028,0.8807339449541285,2.2477064220183487,8.229357798165138,10.100917431192661,8.644977779610807,5.018348623853211,0.05504587155963303,5.018348623853211,0.41284403669724773,0.009174311926605505,30,26,6,0,0,2,0.2752,0.2385,0.055,0.0,0.0,72.04,27.96,Aggressive
Main Event,?,2026.06.24,"Gurel, Ediz","Firouzja, Alireza",1-0,,181,0.0,0.6243093922651933,0.861878453038674,4.176795580110498,2.6022099447513813,0.585635359116022,2.1988950276243093,8.585635359116022,9.265193370165745,10.682032454960636,5.7569060773480665,0.03867403314917127,5.7569060773480665,0.2265193370165746,0.19889502762430938,30,28,14,0,0,4,0.1657,0.1547,0.0773,0.0,0.0,73.88,26.12,Aggressive
Main Event,?,2026.06.24,"Xue, Haowen","Firouzja, Alireza",1-0,,85,0.0,0.6705882352941176,0.24705882352941178,0.5764705882352941,3.7176470588235295,0.49411764705882355,2.4823529411764707,9.494117647058824,10.023529411764706,11.609383067912477,9.011764705882353,0.023529411764705882,9.011764705882353,0.5176470588235295,0.0,22,20,4,0,0,2,0.2588,0.2353,0.0471,0.0,0.0,60.25,39.75,Aggressive
Main Event,?,2026.06.24,"Gurel, Ediz","Firouzja, Alireza",1-0,,77,0.0,0.4155844155844156,0.0,1.7402597402597402,2.324675324675325,0.37662337662337664,3.272727272727273,10.415584415584416,9.376623376623376,14.031218204594827,11.220779220779221,0.012987012987012988,11.220779220779221,0.37662337662337664,0.15584415584415584,16,10,4,0,0,0,0.2078,0.1299,0.0519,0.0,0.0,47.73,52.27,Positional
Main Event,?,2026.06.24,"Xue, Haowen","Firouzja, Alireza",1-0,,153,0.0,0.9934640522875817,1.1176470588235294,0.7973856209150327,0.1830065359477124,0.6928104575163399,2.2483660130718954,7.57516339869281,7.228758169934641,7.304173858095431,4.836601307189542,0.13071895424836602,4.836601307189542,0.026143790849673203,0.05228758169934641,38,28,4,0,0,2,0.2484,0.183,0.0261,0.0,0.0,76.67,23.33,Aggressive
Main Event,?,2026.06.25,Nihal Sarin,"Firouzja, Alireza",1-0,,129,0.0,0.7364341085271318,0.14728682170542637,1.124031007751938,1.8449612403100775,0.5813953488372093,2.689922480620155,8.945736434108527,8.426356589147288,11.455238366284876,8.131782945736434,0.23255813953488372,8.131782945736434,0.20930232558139536,0.12403100775193798,28,20,12,0,0,6,0.2171,0.155,0.093,0.0,0.0,68.29,31.71,Aggressive
Main Event,?,2026.06.25,Nihal Sarin,"Firouzja, Alireza",1-0,,105,0.0,0.8380952380952381,0.22857142857142856,6.59047619047619,1.0285714285714285,0.7047619047619048,3.123809523809524,10.80952380952381,11.085714285714285,12.63258796758797,9.142857142857142,0.0,9.142857142857142,0.3619047619047619,0.24761904761904763,18,16,6,0,0,2,0.1714,0.1524,0.0571,0.0,0.0,57.33,42.67,Aggressive
Main Event,?,2026.06.25,Nihal Sarin,"Firouzja, Alireza",1-0,,79,0.0,0.6962025316455697,0.26582278481012656,0.05063291139240506,0.8607594936708861,0.4810126582278481,2.5949367088607596,7.594936708860759,7.6455696202531644,9.585330246406194,7.139240506329114,0.16455696202531644,7.139240506329114,0.21518987341772153,0.012658227848101266,30,26,10,0,0,2,0.3797,0.3291,0.1266,0.0,0.0,71.52,28.48,Aggressive
Main Event,?,2026.06.25,Nihal Sarin,"Firouzja, Alireza",1-0,,141,0.0,1.0283687943262412,0.7163120567375887,0.5177304964539007,3.078014184397163,0.624113475177305,2.0,7.709219858156028,7.382978723404255,10.164710742370318,6.48936170212766,0.10638297872340426,6.48936170212766,0.3404255319148936,0.028368794326241134,24,32,6,0,0,6,0.1702,0.227,0.0426,0.0,0.0,71.39,28.61,Aggressive
Main Event,?,2026.06.25,Nihal Sarin,"Firouzja, Alireza",1-0,,85,0.0,0.6705882352941176,0.0,4.847058823529411,3.388235294117647,0.5176470588235295,3.1294117647058823,10.094117647058823,10.870588235294118,13.216864997747347,9.68235294117647,0.03529411764705882,9.68235294117647,0.5411764705882353,0.11764705882352941,18,22,4,0,0,0,0.2118,0.2588,0.0471,0.0,0.0,57.69,42.31,Aggressive
Grand Chess Tour: Super Rapid & Blitz Croatia 2026,?,2026.07.03,"Abdusattorov, Nodirbek","Firouzja, Alireza",1-0,,79,0.0,0.8481012658227848,0.34177215189873417,0.46835443037974683,1.1139240506329113,0.5822784810126582,2.5569620253164556,9.113924050632912,8.08860759493671,11.082114053316582,8.151898734177216,0.12658227848101267,8.151898734177216,0.46835443037974683,0.10126582278481013,24,20,2,0,0,2,0.3038,0.2532,0.0253,0.0,0.0,61.73,38.27,Aggressive
August 04 2026,?,2026.08.04,"Bacrot, Etienne","Firouzja, Alireza",1-0,,93,0.0,0.41935483870967744,0.22580645161290322,2.967741935483871,1.6774193548387097,0.41935483870967744,2.4946236559139785,9.56989247311828,8.419354838709678,11.880215901183641,8.763440860215054,0.0,8.763440860215054,0.4838709677419355,0.08602150537634409,30,14,4,0,0,2,0.3226,0.1505,0.043,0.0,0.0,63.64,36.36,Aggressive
August 04 2026,?,2026.08.04,"Shankland, Sam","Firouzja, Alireza",1-0,,105,0.0,1.0571428571428572,0.2857142857142857,0.2761904761904762,3.1333333333333333,0.6666666666666666,2.8380952380952382,9.123809523809523,8.895238095238096,10.303914154628439,7.104761904761904,0.047619047619047616,7.104761904761904,0.44761904761904764,0.009523809523809525,22,20,6,0,0,4,0.2095,0.1905,0.0571,0.0,0.0,64.22,35.78,Aggressive
Group Stage | Group A,?,2026.08.12,"Wei, Yi","Firouzja, Alireza",1-0,,74,0.0,0.7432432432432432,0.0,4.391891891891892,1.364864864864865,0.7432432432432432,3.445945945945946,10.864864864864865,10.621621621621621,13.438129363129363,10.513513513513514,0.0,10.513513513513514,0.24324324324324326,0.12162162162162163,14,12,0,0,0,0,0.1892,0.1622,0.0,0.0,0.0,45.89,54.11,Positional
Group Stage | Group A,?,2026.08.12,Erigaisi Arjun,"Firouzja, Alireza",1-0,,123,0.0,0.6991869918699187,0.1951219512195122,1.7398373983739837,2.9430894308943087,0.4959349593495935,2.3008130081300813,9.21951219512195,8.308943089430894,10.828470513226614,7.975609756097561,0.024390243902439025,7.975609756097561,0.34959349593495936,0.08130081300813008,28,14,6,0,0,0,0.2276,0.1138,0.0488,0.0,0.0,64.58,35.42,Aggressive
August 25 2026,?,2026.08.25,"Sargsyan, Shant","Firouzja, Alireza",1-0,,89,0.0,1.1685393258426966,0.21348314606741572,0.4943820224719101,2.2808988764044944,0.4943820224719101,2.808988764044944,9.157303370786517,8.359550561797754,11.575336149493452,9.303370786516854,0.2696629213483146,9.303370786516854,0.11235955056179775,0.0,26,14,8,0,0,2,0.2921,0.1573,0.0899,0.0,0.0,62.66,37.34,Aggressive
September 01 2026,?,2026.09.01,"Tasdogen, Dincer","Firouzja, Alireza",1-0,,131,0.0,0.916030534351145,0.9694656488549618,0.2748091603053435,3.053435114503817,0.732824427480916,2.633587786259542,9.320610687022901,9.068702290076336,10.152337844513424,7.099236641221374,0.11450381679389313,7.099236641221374,0.5114503816793893,0.03816793893129771,18,28,6,0,0,2,0.1374,0.2137,0.0458,0.0,0.0,64.1,35.9,Aggressive
Main Event,?,2026.09.06,"Vachier-Lagrave, Maxime","Firouzja, Alireza",1-0,,83,0.0,0.13253012048192772,0.0,1.4457831325301205,0.5301204819277109,0.10843373493975904,2.5301204819277108,9.927710843373495,7.9397590361445785,12.242460417761624,9.602409638554217,0.14457831325301204,9.602409638554217,0.08433734939759036,0.024096385542168676,24,14,4,0,0,2,0.2892,0.1687,0.0482,0.0,0.0,58.2,41.8,Aggressive
Main Event,?,2026.09.09,"Sindarov, Javokhir","Firouzja, Alireza",1-0,,67,0.0,0.31343283582089554,0.0,4.208955223880597,1.208955223880597,0.31343283582089554,2.8805970149253732,10.26865671641791,9.253731343283581,13.158544979067369,10.253731343283581,0.16417910447761194,10.253731343283581,0.16417910447761194,0.05970149253731343,12,18,2,0,0,0,0.1791,0.2687,0.0299,0.0,0.0,49.44,50.56,Positional
September 15 2026,?,2026.09.15,"Martirosyan, Haik M.","Firouzja, Alireza",1-0,,125,0.0,1.368,0.872,0.128,1.896,1.192,2.768,10.16,9.912,11.372387456987457,8.512,0.24,8.512,0.376,0.056,26,18,8,0,0,2,0.208,0.144,0.064,0.0,0.0,63.23,36.77,Aggressive
September 22 2026,?,2026.09.22,"Caruana, Fabiano","Firouzja, Alireza",1-0,,87,0.0,0.5517241379310345,0.4827586206896552,0.5747126436781609,0.8620689655172413,0.45977011494252873,2.7586206896551726,10.241379310344827,8.655172413793103,13.734932022000992,11.172413793103448,0.1839080459770115,11.172413793103448,0.22988505747126436,0.08045977011494253,22,14,4,0,0,2,0.2529,0.1609,0.046,0.0,0.0,54.43,45.57,Aggressive
September 29 2026,?,2026.09.29,"Aravindh, Chithambaram VR.","Firouzja, Alireza",1-0,,69,0.0,0.5217391304347826,0.0,2.1739130434782608,1.0579710144927537,0.5217391304347826,2.1449275362318843,9.434782608695652,9.101449275362318,14.783125409212365,12.115942028985508,0.14492753623188406,12.115942028985508,0.2318840579710145,0.08695652173913043,10,16,4,0,0,0,0.1449,0.2319,0.058,0.0,0.0,45.55,54.45,Positional
Speed Chess Championship 2025,?,2026.02.07,"Nakamura, Hikaru","Firouzja, Alireza",0-1,,100,0.0,0.51,0.32,2.92,1.75,0.44,2.63,10.48,9.99,12.386112998112997,9.33,0.18,9.33,0.42,0.18,22,14,8,0,0,2,0.22,0.14,0.08,0.0,0.0,59.06,40.94,Aggressive
Speed Chess Championship 2025,?,2026.02.07,"Nakamura, Hikaru","Firouzja, Alireza",0-1,,207,0.0,1.357487922705314,1.328502415458937,2.1207729468599035,4.115942028985507,0.9951690821256038,2.178743961352657,8.082125603864734,11.1256038647343,10.34772321076669,4.338164251207729,0.12077294685990338,4.338164251207729,0.20772946859903382,0.2028985507246377,36,26,10,0,0,6,0.1739,0.1256,0.0483,0.0,0.0,75.05,24.95,Aggressive
Speed Chess Championship 2025,?,2026.02.07,"Nakamura, Hikaru","Firouzja, Alireza",0-1,,70,0.0,0.5857142857142857,0.07142857142857142,2.085714285714286,1.3571428571428572,0.44285714285714284,2.657142857142857,9.8,6.814285714285714,12.823962981462984,9.657142857142857,0.014285714285714285,9.657142857142857,0.2714285714285714,0.08571428571428572,26,12,2,0,0,0,0.3714,0.1714,0.0286,0.0,0.0,58.49,41.51,Aggressive
Speed Chess Championship 2025,?,2026.02.08,"Carlsen, Magnus","Firouzja, Alireza",0-1,,108,0.0,0.9074074074074074,0.7777777777777778,1.2222222222222223,1.0185185185185186,0.4537037037037037,2.6944444444444446,9.981481481481481,8.101851851851851,11.811946695280028,9.055555555555555,0.39814814814814814,9.055555555555555,0.12037037037037036,0.018518518518518517,22,16,8,0,0,4,0.2037,0.1481,0.0741,0.0,0.0,61.09,38.91,Aggressive
Speed Chess Championship 2025,?,2026.02.08,"Carlsen, Magnus","Firouzja, Alireza",0-1,,160,0.0,1.0,0.61875,0.35625,4.31875,0.725,2.0875,7.74375,8.13125,9.287151615745367,5.175,0.01875,5.175,0.59375,0.0,32,32,2,0,0,2,0.2,0.2,0.0125,0.0,0.0,73.75,26.25,Aggressive
Speed Chess Championship 2025,?,2026.02.08,"Carlsen, Magnus","Firouzja, Alireza",0-1,,108,0.0,0.6018518518518519,0.4351851851851852,4.416666666666667,0.7962962962962963,0.4722222222222222,2.675925925925926,9.0,7.944444444444445,10.354448843337732,7.527777777777778,0.027777777777777776,7.527777777777778,0.1111111111111111,0.14814814814814814,18,20,2,0,0,0,0.1667,0.1852,0.0185,0.0,0.0,60.26,39.74,Aggressive
Speed Chess Championship 2025,?,2026.02.08,"Carlsen, Magnus","Firouzja, Alireza",0-1,,140,0.0,1.2642857142857142,0.6142857142857143,0.6071428571428571,3.7214285714285715,0.8571428571428571,2.2714285714285714,8.75,8.864285714285714,9.326700501879074,6.9714285714285715,0.10714285714285714,6.9714285714285715,0.29285714285714287,0.03571428571428571,26,30,2,0,0,2,0.1857,0.2143,0.0143,0.0,0.0,68.68,31.32,Aggressive
Grand Chess Tour: Super Rapid & Blitz Poland 2026,?,2026.05.05,"Vachier-Lagrave, Maxime","Firouzja, Alireza",0-1,,50,0.0,0.2,0.0,1.2,0.14,0.2,2.72,10.48,6.96,15.24370695970696,12.68,0.0,12.68,0.0,0.0,10,6,2,0,0,0,0.2,0.12,0.04,0.0,0.0,34.54,65.46,Positional
Grand Chess Tour: Super Rapid & Blitz Poland 2026,?,2026.05.08,Gukesh D,"Firouzja, Alireza",0-1,,76,0.0,0.3157894736842105,0.13157894736842105,0.618421052631579,2.3947368421052633,0.27631578947368424,2.776315789473684,10.078947368421053,8.131578947368421,12.624027069421803,9.868421052631579,0.013157894736842105,9.868421052631579,0.11842105263157894,0.06578947368421052,18,16,2,0,0,2,0.2368,0.2105,0.0263,0.0,0.0,53.56,46.44,Aggressive
Grand Chess Tour: Super Rapid & Blitz Poland 2026,?,2026.05.08,"Wojtaszek, Radoslaw","Firouzja, Alireza",0-1,,52,0.0,0.25,0.0,2.1538461538461537,0.40384615384615385,0.25,3.1346153846153846,10.826923076923077,8.25,14.88048618048618,12.096153846153847,0.0,12.096153846153847,0.019230769230769232,0.038461538461538464,12,2,2,0,0,0,0.2308,0.0385,0.0385,0.0,0.0,34.95,65.05,Positional
Grand Chess Tour: Super Rapid & Blitz Poland 2026,?,2026.05.08,"So, Wesley","Firouzja, Alireza",0-1,,56,0.0,0.5892857142857143,0.375,4.089285714285714,0.35714285714285715,0.4642857142857143,2.8214285714285716,10.035714285714286,9.321428571428571,13.217823099519526,10.303571428571429,0.0,10.303571428571429,0.0,0.39285714285714285,18,12,10,0,0,0,0.3214,0.2143,0.1786,0.0,0.0,55.96,44.04,Aggressive
Grand Chess Tour: Super Rapid & Blitz Poland 2026,?,2026.05.08,"Vachier-Lagrave, Maxime","Firouzja, Alireza",0-1,,92,0.0,0.8152173913043478,0.16304347826086957,5.217391304347826,1.6956521739130435,0.7282608695652174,2.6956521739130435,10.684782608695652,11.043478260869565,12.023160112834024,8.673913043478262,0.2391304347826087,8.673913043478262,0.22826086956521738,0.21739130434782608,16,26,4,0,0,0,0.1739,0.2826,0.0435,0.0,0.0,58.72,41.28,Aggressive
Norway Chess,?,2026.05.27,Gukesh D,"Firouzja, Alireza",0-1,,124,0.0,0.7661290322580645,0.29838709677419356,0.31451612903225806,2.8870967741935485,0.49193548387096775,2.0725806451612905,8.85483870967742,10.209677419354838,10.086306032677003,7.112903225806452,0.10483870967741936,7.112903225806452,0.4274193548387097,0.008064516129032258,36,24,8,0,0,2,0.2903,0.1935,0.0645,0.0,0.0,71.18,28.82,Aggressive
June 09 2026,?,2026.06.09,"Bettalli, Francesco","Firouzja, Alireza",0-1,,56,0.0,0.6607142857142857,0.6071428571428571,0.9821428571428571,1.5357142857142858,0.6071428571428571,3.375,10.392857142857142,8.142857142857142,13.413061046096763,11.142857142857142,0.0,11.142857142857142,0.375,0.03571428571428571,14,8,4,0,0,0,0.25,0.1429,0.0714,0.0,0.0,45.03,54.97,Positional
June 09 2026,?,2026.06.09,"Durarbayli, Vasif","Firouzja, Alireza",0-1,,220,0.0,0.6318181818181818,0.9681818181818181,2.922727272727273,3.190909090909091,0.5227272727272727,2.518181818181818,8.754545454545454,9.286363636363637,9.786299836527107,5.545454545454546,0.0,5.545454545454546,0.4,0.1318181818181818,20,36,8,0,0,4,0.0909,0.1636,0.0364,0.0,0.0,70.66,29.34,Aggressive
June 09 2026,?,2026.06.09,"Kravtsiv, Martyn","Firouzja, Alireza",0-1,,56,0.0,0.6785714285714286,0.0,3.357142857142857,0.07142857142857142,0.6785714285714286,3.142857142857143,10.857142857142858,8.482142857142858,14.768361400504258,12.089285714285714,0.08928571428571429,12.089285714285714,0.14285714285714285,0.07142857142857142,6,10,0,0,0,0,0.1071,0.1786,0.0,0.0,0.0,33.01,66.99,Positional
Rapid,?,2026.06.18,"Naiditsch, Arkadij","Firouzja, Alireza",0-1,,124,0.0,1.4274193548387097,1.1935483870967742,1.2096774193548387,3.661290322580645,1.1935483870967742,2.282258064516129,9.112903225806452,9.580645161290322,8.786476516315226,5.467741935483871,0.04032258064516129,5.467741935483871,0.3790322580645161,0.024193548387096774,16,30,6,0,0,2,0.129,0.2419,0.0484,0.0,0.0,66.79,33.21,Aggressive
Rapid,?,2026.06.18,"Naiditsch, Arkadij","Firouzja, Alireza",0-1,,123,0.0,1.4227642276422765,1.1869918699186992,1.2195121951219512,3.6097560975609757,1.1869918699186992,2.2764227642276422,9.105691056910569,9.544715447154472,8.805065756285268,5.479674796747967,0.04065040650406504,5.479674796747967,0.37398373983739835,0.024390243902439025,16,30,6,0,0,2,0.1301,0.2439,0.0488,0.0,0.0,66.79,33.21,Aggressive
Rapid,?,2026.06.18,"Sadhwani, Raunak","Firouzja, Alireza",0-1,,74,0.0,0.36486486486486486,0.04054054054054054,3.7837837837837838,0.8513513513513513,0.24324324324324326,2.72972972972973,10.405405405405405,8.594594594594595,13.588049263049259,10.81081081081081,0.02702702702702703,10.81081081081081,0.08108108108108109,0.08108108108108109,14,12,2,0,0,0,0.1892,0.1622,0.027,0.0,0.0,47.33,52.67,Positional
Blitz | Pool C,?,2026.06.20,"Naiditsch, Arkadij","Firouzja, Alireza",0-1,,16,0.0,0.0,0.0,0.125,0.0,0.0,1.875,7.1875,3.0625,15.564285714285713,13.75,0.0,13.75,0.0,0.0,2,0,0,0,0,0,0.125,0.0,0.0,0.0,0.0,7.07,92.93,Positional
Blitz C,?,2026.06.20,"Yeoh, Li Tian","Firouzja, Alireza",0-1,,97,0.0,0.6701030927835051,0.32989690721649484,0.7010309278350515,2.752577319587629,0.4845360824742268,2.443298969072165,9.927835051546392,9.030927835051546,10.579961304445842,7.814432989690721,0.020618556701030927,7.814432989690721,0.25773195876288657,0.0,28,28,8,0,0,2,0.2887,0.2887,0.0825,0.0,0.0,68.39,31.61,Aggressive
Blitz knockout,?,2026.06.20,"Zhao, Jun","Firouzja, Alireza",0-1,,72,0.0,0.4027777777777778,0.013888888888888888,0.2777777777777778,2.0416666666666665,0.4027777777777778,2.3472222222222223,9.777777777777779,7.625,12.691566843650177,9.930555555555555,0.013888888888888888,9.930555555555555,0.4305555555555556,0.1388888888888889,28,14,4,0,0,2,0.3889,0.1944,0.0556,0.0,0.0,60.68,39.32,Aggressive
Blitz knockout,?,2026.06.21,Praggnanandhaa R,"Firouzja, Alireza",0-1,,102,0.0,1.0980392156862746,0.0392156862745098,0.5588235294117647,1.3137254901960784,0.5196078431372549,2.5294117647058822,8.676470588235293,6.245098039215686,9.861520968138615,7.333333333333333,0.0196078431372549,7.333333333333333,0.17647058823529413,0.0392156862745098,26,20,10,0,0,2,0.2549,0.1961,0.098,0.0,0.0,68.91,31.09,Aggressive
Blitz knockout,?,2026.06.21,"Niemann, Hans Moke","Firouzja, Alireza",0-1,,82,0.0,0.5609756097560976,0.24390243902439024,5.439024390243903,1.5,0.43902439024390244,2.5853658536585367,9.707317073170731,10.036585365853659,10.933484097203609,7.5,0.0,7.5,0.17073170731707318,0.14634146341463414,28,24,6,0,0,4,0.3415,0.2927,0.0732,0.0,0.0,67.83,32.17,Aggressive
Main Event,?,2026.06.24,"Xue, Haowen","Firouzja, Alireza",0-1,,108,0.0,0.9074074074074074,0.018518518518518517,0.4722222222222222,2.7314814814814814,0.8611111111111112,2.537037037037037,9.62962962962963,10.462962962962964,12.02107648010426,9.203703703703704,0.37037037037037035,9.203703703703704,0.23148148148148148,0.2222222222222222,28,24,8,0,0,4,0.2593,0.2222,0.0741,0.0,0.0,65.47,34.53,Aggressive
Main Event,?,2026.06.24,"Gurel, Ediz","Firouzja, Alireza",0-1,,90,0.0,0.6444444444444445,0.3,1.9666666666666666,1.211111111111111,0.5666666666666667,3.3777777777777778,11.011111111111111,9.644444444444444,13.234721852221853,10.522222222222222,0.1,10.522222222222222,0.2777777777777778,0.14444444444444443,22,14,6,0,0,4,0.2444,0.1556,0.0667,0.0,0.0,56.47,43.53,Aggressive
Main Event,?,2026.06.24,"Gurel, Ediz","Firouzja, Alireza",0-1,,106,0.0,0.5849056603773585,0.009433962264150943,3.7169811320754715,1.3867924528301887,0.5094339622641509,2.811320754716981,10.30188679245283,8.952830188679245,13.243151685840367,10.18867924528302,0.0,10.18867924528302,0.3018867924528302,0.12264150943396226,20,18,2,0,0,2,0.1887,0.1698,0.0189,0.0,0.0,56.29,43.71,Aggressive
Main Event,?,2026.06.24,"Gurel, Ediz","Firouzja, Alireza",0-1,,166,0.0,1.072289156626506,1.391566265060241,0.6927710843373494,0.6204819277108434,0.8975903614457831,2.2710843373493974,7.710843373493976,9.0,7.68952754073236,4.325301204819277,0.10240963855421686,4.325301204819277,0.2289156626506024,0.060240963855421686,36,28,10,0,0,4,0.2169,0.1687,0.0602,0.0,0.0,76.85,23.15,Aggressive
Main Event,?,2026.06.24,"Gurel, Ediz","Firouzja, Alireza",0-1,,130,0.0,0.7307692307692307,0.2692307692307692,1.2307692307692308,0.5230769230769231,0.5,2.5538461538461537,8.607692307692307,7.253846153846154,10.950108566647026,8.138461538461538,0.08461538461538462,8.138461538461538,0.14615384615384616,0.11538461538461539,40,24,6,0,0,2,0.3077,0.1846,0.0462,0.0,0.0,72.02,27.98,Aggressive
Main Event,?,2026.06.24,"Xue, Haowen","Firouzja, Alireza",0-1,,98,0.0,1.0816326530612246,0.7142857142857143,0.08163265306122448,2.2755102040816326,0.8163265306122449,2.704081632653061,9.89795918367347,8.418367346938776,10.12700675175165,7.0,0.12244897959183673,7.0,0.336734693877551,0.0,32,22,2,0,0,2,0.3265,0.2245,0.0204,0.0,0.0,67.46,32.54,Aggressive
Main Event,?,2026.06.24,"Xue, Haowen","Firouzja, Alireza",0-1,,172,0.0,1.6744186046511629,0.43023255813953487,0.0755813953488372,0.48255813953488375,0.6569767441860465,2.796511627906977,9.936046511627907,8.36046511627907,10.057745290884817,8.284883720930232,0.23255813953488372,8.284883720930232,0.06976744186046512,0.0,32,22,6,0,0,2,0.186,0.1279,0.0349,0.0,0.0,67.67,32.33,Aggressive
Main Event,?,2026.06.24,"Xue, Haowen","Firouzja, Alireza",0-1,,106,0.0,0.5471698113207547,0.0,3.2358490566037736,2.2830188679245285,0.42452830188679247,3.1320754716981134,10.584905660377359,10.037735849056604,13.069993685559727,9.547169811320755,0.0,9.547169811320755,0.41509433962264153,0.32075471698113206,18,20,2,0,0,0,0.1698,0.1887,0.0189,0.0,0.0,54.89,45.11,Aggressive
Main Event,?,2026.06.25,Nihal Sarin,"Firouzja, Alireza",0-1,,96,0.0,0.625,0.07291666666666667,2.7291666666666665,2.0833333333333335,0.5,3.0625,11.21875,9.354166666666666,13.307365348771597,10.739583333333334,0.010416666666666666,10.739583333333334,0.21875,0.03125,22,12,8,0,0,6,0.2292,0.125,0.0833,0.0,0.0,57.89,42.11,Aggressive
Main Event,?,2026.06.25,Nihal Sarin,"Firouzja, Alireza",0-1,,110,0.0,0.8272727272727273,0.4636363636363636,0.8818181818181818,2.9545454545454546,0.6,2.2545454545454544,8.845454545454546,9.0,10.96349299690209,8.036363636363637,0.10909090909090909,8.036363636363637,0.24545454545454545,0.00909090909090909,28,24,2,0,0,2,0.2545,0.2182,0.0182,0.0,0.0,65.83,34.17,Aggressive
Main Event,?,2026.06.25,Nihal Sarin,"Firouzja, Alireza",0-1,,56,0.0,0.5357142857142857,0.23214285714285715,1.6607142857142858,1.2857142857142858,0.4642857142857143,2.5357142857142856,10.107142857142858,7.339285714285714,14.883603004138719,12.410714285714286,0.0,12.410714285714286,0.30357142857142855,0.21428571428571427,14,6,4,0,0,4,0.25,0.1071,0.0714,0.0,0.0,44.99,55.01,Positional
Main Event,?,2026.06.25,Nihal Sarin,"Firouzja, Alireza",0-1,,48,0.0,0.6666666666666666,0.1875,2.2083333333333335,0.20833333333333334,0.5625,2.7708333333333335,9.729166666666666,7.1875,13.743251887001888,11.270833333333334,0.0,11.270833333333334,0.08333333333333333,0.4166666666666667,10,6,4,0,0,0,0.2083,0.125,0.0833,0.0,0.0,40.3,59.7,Positional
Grand Chess Tour: Super Rapid & Blitz Croatia 2026,?,2026.07.01,"Deac, Bogdan-Daniel","Firouzja, Alireza",0-1,,106,0.0,0.4056603773584906,0.0,3.2641509433962264,1.1886792452830188,0.4056603773584906,3.1226415094339623,10.566037735849056,9.735849056603774,13.184947782825141,10.358490566037736,0.12264150943396226,10.358490566037736,0.12264150943396226,0.16037735849056603,14,12,2,0,0,0,0.1321,0.1132,0.0189,0.0,0.0,46.86,53.14,Positional
Grand Chess Tour: Super Rapid & Blitz Croatia 2026,?,2026.07.02,"Keymer, Vincent","Firouzja, Alireza",0-1,,52,0.0,0.19230769230769232,0.21153846153846154,2.2884615384615383,0.1346153846153846,0.1346153846153846,2.5,9.557692307692308,6.75,14.165117574732959,11.596153846153847,0.0,11.596153846153847,0.1346153846153846,0.07692307692307693,16,12,2,0,0,0,0.3077,0.2308,0.0385,0.0,0.0,48.11,51.89,Positional
Grand Chess Tour: Super Rapid & Blitz Croatia 2026,?,2026.07.02,Praggnanandhaa R,"Firouzja, Alireza",0-1,,158,0.0,1.360759493670886,1.7088607594936709,0.13924050632911392,2.367088607594937,1.0822784810126582,2.3227848101265822,8.08860759493671,7.39873417721519,8.458291023322671,4.89873417721519,0.13924050632911392,4.89873417721519,0.2974683544303797,0.006329113924050633,40,24,10,0,0,2,0.2532,0.1519,0.0633,0.0,0.0,77.12,22.88,Aggressive
Grand Chess Tour: Super Rapid & Blitz Croatia 2026,?,2026.07.04,"Saric, Ivan","Firouzja, Alireza",0-1,,66,0.0,0.5151515151515151,0.0,2.0757575757575757,0.8787878787878788,0.5151515151515151,3.3333333333333335,10.106060606060606,8.121212121212121,13.97433790956518,10.787878787878787,0.045454545454545456,10.787878787878787,0.19696969696969696,0.21212121212121213,20,12,6,0,0,2,0.303,0.1818,0.0909,0.0,0.0,54.37,45.63,Aggressive
Quantbox Chennai Grand Masters 2026,?,2026.07.16,Pranesh M,"Firouzja, Alireza",0-1,,158,0.0,0.810126582278481,1.0759493670886076,0.2721518987341772,5.094936708860759,0.5379746835443038,1.8291139240506329,7.481012658227848,8.658227848101266,8.685689802461956,4.949367088607595,0.012658227848101266,4.949367088607595,0.36075949367088606,0.02531645569620253,26,28,6,0,0,4,0.1646,0.1772,0.038,0.0,0.0,72.8,27.2,Aggressive
July 28 2026,?,2026.07.28,"Duda, Jan-Krzysztof","Firouzja, Alireza",0-1,,162,0.0,1.0925925925925926,0.5493827160493827,1.4691358024691359,3.154320987654321,0.7592592592592593,2.6358024691358026,9.12962962962963,10.432098765432098,10.096018950185615,6.320987654320987,0.08024691358024691,6.320987654320987,0.5123456790123457,0.14814814814814814,34,26,10,0,0,2,0.2099,0.1605,0.0617,0.0,0.0,71.93,28.07,Aggressive
July 28 2026,?,2026.07.28,"Daneshvar, Bardiya","Firouzja, Alireza",0-1,,68,0.0,0.8235294117647058,0.2647058823529412,0.23529411764705882,2.0294117647058822,0.7941176470588235,3.176470588235294,10.764705882352942,8.176470588235293,13.338925127160419,10.852941176470589,0.5147058823529411,10.852941176470589,0.29411764705882354,0.058823529411764705,20,12,4,0,0,2,0.2941,0.1765,0.0588,0.0,0.0,52.86,47.14,Aggressive
July 28 2026,?,2026.07.28,"Germanovs, Georgijs","Firouzja, Alireza",0-1,,100,0.0,0.72,0.43,1.38,3.71,0.57,2.6,8.61,9.21,11.05736477411478,7.63,0.19,7.63,0.33,0.02,32,16,8,0,0,6,0.32,0.16,0.08,0.0,0.0,68.55,31.45,Aggressive
July 28 2026,?,2026.07.28,"Czopor, Maciej","Firouzja, Alireza",0-1,,54,0.0,0.2037037037037037,0.0,0.35185185185185186,0.018518518518518517,0.18518518518518517,3.259259259259259,10.907407407407407,6.7407407407407405,15.798765432098763,13.37037037037037,0.3333333333333333,13.37037037037037,0.0,0.0,8,4,4,0,0,0,0.1481,0.0741,0.0741,0.0,0.0,30.19,69.81,Positional
July 28 2026,?,2026.07.28,"Korneev Leskova, Svyatoslav","Firouzja, Alireza",0-1,,78,0.0,0.47435897435897434,0.5897435897435898,3.0,2.1923076923076925,0.47435897435897434,3.076923076923077,10.397435897435898,9.153846153846153,14.100958051919596,10.987179487179487,0.01282051282051282,10.987179487179487,0.5897435897435898,0.1794871794871795,22,16,2,0,0,2,0.2821,0.2051,0.0256,0.0,0.0,55.39,44.61,Aggressive
August 04 2026,?,2026.08.04,"Fedotov, Nikita","Firouzja, Alireza",0-1,,114,0.0,0.9736842105263158,0.2719298245614035,2.245614035087719,1.280701754385965,0.9035087719298246,2.7719298245614037,9.807017543859649,9.763157894736842,12.661136402583773,9.166666666666666,0.19298245614035087,9.166666666666666,0.2543859649122807,0.22807017543859648,32,16,2,0,0,2,0.2807,0.1404,0.0175,0.0,0.0,62.78,37.22,Aggressive
Masters Online KO,?,2026.08.19,"Grischuk, Alexander","Firouzja, Alireza",0-1,,70,0.0,0.15714285714285714,0.0,1.1142857142857143,0.17142857142857143,0.15714285714285714,2.9857142857142858,10.071428571428571,7.928571428571429,14.46504424147281,11.757142857142858,0.14285714285714285,11.757142857142858,0.0,0.014285714285714285,16,12,2,0,0,0,0.2286,0.1714,0.0286,0.0,0.0,45.87,54.13,Positional
Masters Online,?,2026.08.19,"Nguyen, Ngoc Truong Son","Firouzja, Alireza",0-1,,56,0.0,0.4107142857142857,0.0,2.482142857142857,1.75,0.4107142857142857,3.3392857142857144,10.410714285714286,9.214285714285714,14.131369919762774,11.607142857142858,0.14285714285714285,11.607142857142858,0.08928571428571429,0.017857142857142856,14,10,4,0,0,0,0.25,0.1786,0.0714,0.0,0.0,45.96,54.04,Positional
Masters Online,?,2026.08.19,"Aravindh, Chithambaram VR.","Firouzja, Alireza",0-1,,80,0.0,0.65,0.3125,0.4375,2.575,0.6125,2.825,8.9875,7.7375,10.699155878843374,8.0125,0.0125,8.0125,0.375,0.025,24,24,8,0,0,2,0.3,0.3,0.1,0.0,0.0,66.31,33.69,Aggressive
January 06 2026,?,2026.01.06,"Carlsen, Magnus","Shevchenko, Yaroslav",1-0,,67,0.0,1.2985074626865671,0.14925373134328357,1.8208955223880596,2.074626865671642,0.7164179104477612,2.925373134328358,10.432835820895523,8.522388059701493,13.11770675427392,10.253731343283581,0.1044776119402985,10.253731343283581,0.40298507462686567,0.05970149253731343,18,14,4,0,0,0,0.2687,0.209,0.0597,0.0,0.0,53.7,46.3,Aggressive
January 06 2026,?,2026.01.06,"Carlsen, Magnus","Niemann, Hans Moke",1-0,,81,0.0,0.32098765432098764,0.06172839506172839,4.135802469135802,1.5061728395061729,0.32098765432098764,2.4074074074074074,9.82716049382716,9.185185185185185,13.010962254480773,9.765432098765432,0.0,9.765432098765432,0.2222222222222222,0.037037037037037035,20,18,2,0,0,2,0.2469,0.2222,0.0247,0.0,0.0,57.08,42.92,Aggressive
January 06 2026,?,2026.01.06,"Carlsen, Magnus","Durarbayli, Vasif",1-0,,57,0.0,0.3333333333333333,0.0,0.08771929824561403,0.9122807017543859,0.3333333333333333,2.7017543859649122,9.68421052631579,7.087719298245614,12.770878682720785,10.403508771929825,0.017543859649122806,10.403508771929825,0.3157894736842105,0.017543859649122806,30,20,8,0,0,2,0.5263,0.3509,0.1404,0.0,0.0,64.47,35.53,Aggressive
January 06 2026,?,2026.01.06,"Carlsen, Magnus","Tabatabaei, M. Amin",1-0,,77,0.0,0.6103896103896104,0.6883116883116883,0.09090909090909091,1.0,0.4805194805194805,2.5714285714285716,9.402597402597403,6.805194805194805,11.908482570820233,9.363636363636363,0.0,9.363636363636363,0.3246753246753247,0.012987012987012988,22,20,4,0,0,0,0.2857,0.2597,0.0519,0.0,0.0,59.89,40.11,Aggressive
January 06 2026,?,2026.01.06,"Carlsen, Magnus","Rustemov, Alexander",1-0,,77,0.0,0.4675324675324675,0.15584415584415584,0.5844155844155844,1.051948051948052,0.4675324675324675,3.0,10.077922077922079,6.597402597402597,13.651489203437258,10.883116883116884,0.03896103896103896,10.883116883116884,0.8831168831168831,0.1038961038961039,24,14,6,0,0,2,0.3117,0.1818,0.0779,0.0,0.0,57.95,42.05,Aggressive
January 13 2026,?,2026.01.13,"Carlsen, Magnus","Yildiz, Egehan",1-0,,75,0.0,0.38666666666666666,0.0,0.36,0.24,0.38666666666666666,3.3733333333333335,10.506666666666666,7.72,15.15486372886373,12.36,0.26666666666666666,12.36,0.12,0.08,14,8,2,0,0,0,0.1867,0.1067,0.0267,0.0,0.0,40.07,59.93,Positional
January 13 2026,?,2026.01.13,"Carlsen, Magnus","Indjic, Aleksandar",1-0,,61,0.0,0.3442622950819672,0.21311475409836064,1.4754098360655739,1.360655737704918,0.32786885245901637,2.7049180327868854,9.852459016393443,8.032786885245901,13.37463046971244,10.78688524590164,0.04918032786885246,10.78688524590164,0.32786885245901637,0.03278688524590164,12,12,4,0,0,2,0.1967,0.1967,0.0656,0.0,0.0,46.93,53.07,Positional
January 13 2026,?,2026.01.13,"Carlsen, Magnus","Mitrabha, Guha",1-0,,112,0.0,1.1517857142857142,0.5357142857142857,1.0803571428571428,4.098214285714286,0.8214285714285714,2.705357142857143,9.428571428571429,8.267857142857142,10.219739164605235,7.1875,0.026785714285714284,7.1875,0.49107142857142855,0.0,26,32,2,0,0,2,0.2321,0.2857,0.0179,0.0,0.0,68.45,31.55,Aggressive
January 15 First 2026,?,2026.01.15,"Carlsen, Magnus",Savitha Shri B,1-0,,81,0.0,0.6419753086419753,0.04938271604938271,1.6296296296296295,3.7777777777777777,0.5555555555555556,1.962962962962963,7.481481481481482,7.91358024691358,10.860909186835114,7.617283950617284,0.0,7.617283950617284,0.2222222222222222,0.037037037037037035,28,24,6,0,0,2,0.3457,0.2963,0.0741,0.0,0.0,69.48,30.52,Aggressive
January 15 Second 2026,?,2026.01.15,"Carlsen, Magnus","Sanal, Vahap",1-0,,163,0.0,1.3742331288343559,0.4723926380368098,0.5214723926380368,3.165644171779141,0.6748466257668712,2.521472392638037,9.16564417177914,9.263803680981596,9.198388200075309,7.134969325153374,0.06134969325153374,7.134969325153374,0.3374233128834356,0.03067484662576687,32,30,14,0,0,6,0.1963,0.184,0.0859,0.0,0.0,73.91,26.09,Aggressive
January 15 Second 2026,?,2026.01.15,"Carlsen, Magnus","Kocharin, Timur",1-0,,89,0.0,0.5842696629213483,0.42696629213483145,1.8651685393258426,2.146067415730337,0.5280898876404494,2.865168539325843,9.48314606741573,8.831460674157304,12.214283749957909,9.51685393258427,0.12359550561797752,9.51685393258427,0.11235955056179775,0.0,18,22,4,0,0,2,0.2022,0.2472,0.0449,0.0,0.0,58.38,41.62,Aggressive
January 15 Second 2026,?,2026.01.15,"Carlsen, Magnus","Suyarov, Mukhammadzokhid",1-0,,122,0.0,1.3360655737704918,0.06557377049180328,1.0655737704918034,3.9754098360655736,0.680327868852459,2.3852459016393444,9.319672131147541,9.991803278688524,10.230104549366839,7.573770491803279,0.04918032786885246,7.573770491803279,0.28688524590163933,0.0,20,24,4,0,0,2,0.1639,0.1967,0.0328,0.0,0.0,63.17,36.83,Aggressive
January 15 First 2026,?,2026.01.15,"Carlsen, Magnus",Erigaisi Arjun,1-0,,105,0.0,0.4857142857142857,0.0,2.4857142857142858,0.8666666666666667,0.4857142857142857,3.361904761904762,10.371428571428572,8.39047619047619,12.483473695616551,9.342857142857143,0.09523809523809523,9.342857142857143,0.09523809523809523,0.047619047619047616,24,20,6,0,0,0,0.2286,0.1905,0.0571,0.0,0.0,60.9,39.1,Aggressive
January 15 First 2026,?,2026.01.15,"Carlsen, Magnus","Pichot, Alan",1-0,,99,0.0,0.5757575757575758,0.26262626262626265,3.5757575757575757,0.7474747474747475,0.5656565656565656,2.8181818181818183,10.090909090909092,8.767676767676768,12.515091614334036,8.484848484848484,0.0,8.484848484848484,0.25252525252525254,0.37373737373737376,26,20,4,0,0,2,0.2626,0.202,0.0404,0.0,0.0,62.76,37.24,Aggressive
January 15 First 2026,?,2026.01.15,"Carlsen, Magnus","Sarana, Alexey",1-0,,105,0.0,0.8,0.34285714285714286,0.5904761904761905,1.0666666666666667,0.5619047619047619,3.3142857142857145,10.952380952380953,7.942857142857143,12.086931824788971,9.628571428571428,0.01904761904761905,9.628571428571428,0.2761904761904762,0.05714285714285714,22,22,8,0,0,2,0.2095,0.2095,0.0762,0.0,0.0,61.16,38.84,Aggressive
January 15 First 2026,?,2026.01.15,"Carlsen, Magnus","Amar, Elham",1-0,,103,0.0,0.5436893203883495,0.0,3.6019417475728157,0.9029126213592233,0.4174757281553398,3.233009708737864,10.766990291262136,9.495145631067961,11.888519328567872,8.854368932038835,0.14563106796116504,8.854368932038835,0.1941747572815534,0.0,26,18,2,0,0,0,0.2524,0.1748,0.0194,0.0,0.0,60.0,40.0,Aggressive
January 15 First 2026,?,2026.01.15,"Carlsen, Magnus","Sjugirov, Sanan",1-0,,67,0.0,0.31343283582089554,0.04477611940298507,3.6865671641791047,1.5522388059701493,0.22388059701492538,2.985074626865672,10.970149253731343,10.029850746268657,13.687092965078042,10.611940298507463,0.0,10.611940298507463,0.1044776119402985,0.05970149253731343,18,10,4,0,0,0,0.2687,0.1493,0.0597,0.0,0.0,50.32,49.68,Aggressive
January 20 2026,?,2026.01.20,"Carlsen, Magnus","Xiong, Jeffery",1-0,,69,0.0,0.36231884057971014,0.014492753623188406,2.36231884057971,0.8840579710144928,0.3188405797101449,2.8840579710144927,10.782608695652174,8.869565217391305,13.293825256868734,10.130434782608695,0.0,10.130434782608695,0.10144927536231885,0.391304347826087,20,14,6,0,0,2,0.2899,0.2029,0.087,0.0,0.0,55.45,44.55,Aggressive
January 20 2026,?,2026.01.20,"Carlsen, Magnus","Nguyen, Ngoc Truong Son",1-0,,69,0.0,0.37681159420289856,0.13043478260869565,2.347826086956522,0.6086956521739131,0.34782608695652173,3.0579710144927534,10.405797101449275,8.246376811594203,13.177704380965247,10.18840579710145,0.2028985507246377,10.18840579710145,0.43478260869565216,0.17391304347826086,24,10,8,0,0,0,0.3478,0.1449,0.1159,0.0,0.0,57.26,42.74,Aggressive
January 20 2026,?,2026.01.20,"Carlsen, Magnus","Iljiushenok, Ilia",1-0,,61,0.0,0.4098360655737705,0.0,1.9508196721311475,3.459016393442623,0.4098360655737705,2.737704918032787,10.655737704918034,10.327868852459016,13.517976331500925,10.40983606557377,0.01639344262295082,10.40983606557377,0.45901639344262296,0.08196721311475409,14,18,2,0,0,2,0.2295,0.2951,0.0328,0.0,0.0,50.57,49.43,Aggressive
January 22 First 2026,?,2026.01.22,"Carlsen, Magnus","Fellowes, Billy",1-0,,61,0.0,0.9836065573770492,0.4426229508196721,5.524590163934426,1.7868852459016393,0.9672131147540983,2.7704918032786887,9.934426229508198,10.21311475409836,12.7116351317171,9.540983606557377,0.01639344262295082,9.540983606557377,0.2459016393442623,0.19672131147540983,10,26,4,0,0,0,0.1639,0.4262,0.0656,0.0,0.0,55.2,44.8,Aggressive
January 22 First 2026,?,2026.01.22,"Carlsen, Magnus","Gokerkan, Cem Kaan",1-0,,91,0.0,0.9010989010989011,0.18681318681318682,0.7692307692307693,6.197802197802198,0.8131868131868132,2.2637362637362637,9.758241758241759,11.813186813186814,11.66768890450209,8.483516483516484,0.25274725274725274,8.483516483516484,0.25274725274725274,0.0,26,16,4,0,0,2,0.2857,0.1758,0.044,0.0,0.0,61.61,38.39,Aggressive
January 27 2026,?,2026.01.27,"Carlsen, Magnus","Durarbayli, Vasif",1-0,,111,0.0,0.6396396396396397,0.5675675675675675,1.8288288288288288,2.5405405405405403,0.6036036036036037,2.891891891891892,9.36036036036036,8.378378378378379,11.463544988544992,8.18018018018018,0.0,8.18018018018018,0.3783783783783784,0.23423423423423423,24,16,4,0,0,2,0.2162,0.1441,0.036,0.0,0.0,61.6,38.4,Aggressive
January 27 2026,?,2026.01.27,"Carlsen, Magnus","Lodici, Lorenzo",1-0,,143,0.0,0.951048951048951,0.45454545454545453,1.6153846153846154,4.055944055944056,0.6853146853146853,2.909090909090909,9.3006993006993,9.818181818181818,10.666088728676137,7.419580419580419,0.15384615384615385,7.419580419580419,0.34965034965034963,0.25874125874125875,32,28,6,0,0,2,0.2238,0.1958,0.042,0.0,0.0,69.8,30.2,Aggressive
January 27 2026,?,2026.01.27,"Carlsen, Magnus","Kocharin, Timur",1-0,,77,0.0,0.5974025974025974,0.07792207792207792,2.844155844155844,0.5974025974025974,0.4155844155844156,2.727272727272727,10.363636363636363,8.636363636363637,12.932847347457733,10.03896103896104,0.0,10.03896103896104,0.07792207792207792,0.03896103896103896,26,16,12,2,2,0,0.3377,0.2078,0.1558,0.026,0.026,63.91,36.09,Aggressive
"It \""AVRO\""",Amsterdam (Netherlands),1938.??.??,Capablanca Jose Raul (CUB),Alekhine Alexander A (RUS),1/2-1/2,E17,96,0.0,0.3958333333333333,0.0,1.2291666666666667,3.71875,0.3958333333333333,2.21875,8.802083333333334,8.96875,12.057889303983048,8.96875,0.07291666666666667,8.96875,0.3645833333333333,0.14583333333333334,22,16,2,0,0,2,0.2292,0.1667,0.0208,0.0,0.0,58.79,41.21,Aggressive
"It \""AVRO\""",Amsterdam (Netherlands),1938.??.??,Capablanca Jose Raul (CUB),Botvinnik Mikhail M (RUS),1/2-1/2,D93,51,0.0,0.13725490196078433,0.0784313725490196,1.8431372549019607,0.35294117647058826,0.13725490196078433,2.784313725490196,10.058823529411764,6.764705882352941,14.78742662566192,12.156862745098039,0.0,12.156862745098039,0.35294117647058826,0.0784313725490196,16,10,6,0,0,2,0.3137,0.1961,0.1176,0.0,0.0,49.21,50.79,Positional
"It \""AVRO\""",Amsterdam (Netherlands),1938.??.??,Capablanca Jose Raul (CUB),Euwe Max (NED),1-0,E34,79,0.0,0.6329113924050633,0.24050632911392406,7.658227848101266,1.0632911392405062,0.620253164556962,3.1645569620253164,10.784810126582279,10.822784810126583,12.214734562202914,8.759493670886076,0.012658227848101266,8.759493670886076,0.759493670886076,0.22784810126582278,16,14,2,0,0,0,0.2025,0.1772,0.0253,0.0,0.0,53.46,46.54,Aggressive
"It \""AVRO\""",Amsterdam (Netherlands),1938.??.??,Capablanca Jose Raul (CUB),Fine Reuben (USA),1/2-1/2,E34,83,0.0,1.0,0.1927710843373494,1.9518072289156627,5.048192771084337,0.6144578313253012,2.4698795180722892,8.927710843373495,9.265060240963855,10.337115428079285,7.518072289156627,0.012048192771084338,7.518072289156627,0.5421686746987951,0.07228915662650602,26,18,4,0,0,2,0.3133,0.2169,0.0482,0.0,0.0,65.4,34.6,Aggressive
"It \""AVRO\""",Amsterdam (Netherlands),1938.??.??,Capablanca Jose Raul (CUB),Flohr Salomon M (CZE),1-0,D83,73,0.0,0.4383561643835616,0.0547945205479452,1.0410958904109588,4.301369863013699,0.410958904109589,2.6027397260273974,9.780821917808218,10.383561643835616,11.751010215051311,8.684931506849315,0.0,8.684931506849315,0.4931506849315068,0.0684931506849315,22,18,10,0,0,2,0.3014,0.2466,0.137,0.0,0.0,62.2,37.8,Aggressive
"It \""AVRO\""",Amsterdam (Netherlands),1938.??.??,Capablanca Jose Raul (CUB),Keres Paul (EST),1/2-1/2,E42,83,0.0,0.5060240963855421,0.18072289156626506,0.6265060240963856,1.8674698795180722,0.40963855421686746,2.927710843373494,9.096385542168674,7.879518072289157,10.764074245700753,8.024096385542169,0.07228915662650602,8.024096385542169,0.37349397590361444,0.0,32,20,8,0,0,2,0.3855,0.241,0.0964,0.0,0.0,68.25,31.75,Aggressive
"It \""AVRO\""",Amsterdam (Netherlands),1938.??.??,Capablanca Jose Raul (CUB),Reshevsky Samuel H (USA),1/2-1/2,D83,84,0.0,0.6071428571428571,0.17857142857142858,0.16666666666666666,3.7261904761904763,0.4523809523809524,1.7857142857142858,8.202380952380953,7.345238095238095,9.762951466522898,7.023809523809524,0.0,7.023809523809524,0.34523809523809523,0.0,30,28,8,0,0,2,0.3571,0.3333,0.0952,0.0,0.0,72.29,27.71,Aggressive
,Habana (Cuba),1938.??.??,Capablanca Jose Raul (CUB),Sorzano,0-1,A12,108,0.0,0.7870370370370371,0.4166666666666667,1.5277777777777777,0.42592592592592593,0.5,2.3518518518518516,9.175925925925926,6.805555555555555,10.14691262955152,8.018518518518519,0.08333333333333333,8.018518518518519,0.2037037037037037,0.09259259259259259,28,30,6,0,0,2,0.2593,0.2778,0.0556,0.0,0.0,69.66,30.34,Aggressive
It,Paris (France),1938.??.??,Capablanca Jose Raul (CUB),Rossolimo Nicholas (RUS),1-0,D66,57,0.0,0.5964912280701754,0.2631578947368421,0.017543859649122806,2.473684210526316,0.45614035087719296,2.6842105263157894,9.385964912280702,7.421052631578948,11.995637014058063,9.43859649122807,0.0,9.43859649122807,0.38596491228070173,0.0,16,16,6,0,0,4,0.2807,0.2807,0.1053,0.0,0.0,56.44,43.56,Aggressive
,Paris (France),1938.??.??,Capablanca Jose Raul (CUB),Romi Massimiliano,1-0,D95,55,0.0,0.36363636363636365,0.21818181818181817,2.7454545454545456,1.1090909090909091,0.36363636363636365,2.9454545454545453,10.072727272727272,7.127272727272727,14.363119002209908,11.690909090909091,0.10909090909090909,11.690909090909091,0.16363636363636364,0.05454545454545454,10,8,2,0,0,0,0.1818,0.1455,0.0364,0.0,0.0,39.7,60.3,Positional
,Paris (France),1938.??.??,Capablanca Jose Raul (CUB),Znosko-Borovsky Eugene,1-0,D34,63,0.0,0.23809523809523808,0.0,1.7936507936507937,0.9206349206349206,0.23809523809523808,3.0634920634920637,10.841269841269842,9.698412698412698,15.064089349803636,11.777777777777779,0.20634920634920634,11.777777777777779,0.4126984126984127,0.2698412698412698,14,10,2,0,0,0,0.2222,0.1587,0.0317,0.0,0.0,42.19,57.81,Positional
Simultan,Santiago (Cuba),1938.??.??,Capablanca Jose Raul (CUB),Uguet Dominguez Reyes,0-1,A13,101,0.0,1.0,0.9504950495049505,0.6039603960396039,0.45544554455445546,0.46534653465346537,2.6831683168316833,8.405940594059405,5.673267326732673,9.46233345862059,7.7227722772277225,0.0,7.7227722772277225,0.0891089108910891,0.0,34,22,6,0,0,2,0.3366,0.2178,0.0594,0.0,0.0,71.43,28.57,Aggressive
Olympiad,Buenos Aires (Argentina),1939.??.??,Capablanca Jose Raul (CUB),Tartakower Savielly (FRA),1/2-1/2,B45,60,0.0,0.8166666666666667,0.6,0.36666666666666664,1.9,0.7,2.6166666666666667,8.483333333333333,6.85,11.244055250305252,8.35,0.0,8.35,0.23333333333333334,0.06666666666666667,30,14,4,0,0,0,0.5,0.2333,0.0667,0.0,0.0,64.6,35.4,Aggressive
Olympiad,Buenos Aires (Argentina),1939.??.??,Czerniak Moshe (ISR),Capablanca Jose Raul (CUB),1/2-1/2,A45,83,0.0,0.7710843373493976,0.13253012048192772,4.132530120481928,0.8192771084337349,0.7710843373493976,2.6144578313253013,9.397590361445783,9.433734939759036,11.8933134469279,8.91566265060241,0.0,8.91566265060241,0.26506024096385544,0.21686746987951808,20,18,0,0,0,0,0.241,0.2169,0.0,0.0,0.0,56.82,43.18,Aggressive
Olympiad,Buenos Aires (Argentina),1939.??.??,Enevoldsen Jens (DEN),Capablanca Jose Raul (CUB),0-1,E32,70,0.0,0.6,0.0,3.3857142857142857,1.2142857142857142,0.5142857142857142,3.1,10.314285714285715,10.057142857142857,13.422936587222305,10.814285714285715,0.08571428571428572,10.814285714285715,0.2714285714285714,0.07142857142857142,24,10,0,0,0,0,0.3429,0.1429,0.0,0.0,0.0,52.65,47.35,Aggressive
Olympiad,Buenos Aires (Argentina),1939.??.??,Flores Alvarez Rodrigo (CHI),Capablanca Jose Raul (CUB),1/2-1/2,D56,89,0.0,1.0674157303370786,0.38202247191011235,0.9325842696629213,2.6292134831460676,0.6292134831460674,2.539325842696629,9.415730337078651,7.157303370786517,10.628937448319471,7.764044943820225,0.0449438202247191,7.764044943820225,0.43820224719101125,0.06741573033707865,24,18,0,0,0,0,0.2697,0.2022,0.0,0.0,0.0,61.47,38.53,Aggressive
Olympiad,Buenos Aires (Argentina),1939.??.??,Keres Paul (EST),Capablanca Jose Raul (CUB),1/2-1/2,C71,66,0.0,0.25757575757575757,0.30303030303030304,1.2727272727272727,1.196969696969697,0.25757575757575757,2.712121212121212,9.393939393939394,5.651515151515151,12.068226470499198,9.484848484848484,0.0,9.484848484848484,0.22727272727272727,0.030303030303030304,24,12,6,0,0,4,0.3636,0.1818,0.0909,0.0,0.0,60.89,39.11,Aggressive
Olympiad,Buenos Aires (Argentina),1939.??.??,Opocensky Karel (CZE),Capablanca Jose Raul (CUB),0-1,E16,82,0.0,0.17073170731707318,0.0,1.9878048780487805,1.2926829268292683,0.14634146341463414,2.6219512195121952,9.304878048780488,7.804878048780488,11.861763541336709,9.207317073170731,0.06097560975609756,9.207317073170731,0.14634146341463414,0.0,30,28,8,0,0,2,0.3659,0.3415,0.0976,0.0,0.0,68.22,31.78,Aggressive
Olympiad,Buenos Aires (Argentina),1939.??.??,Rojahn Ernst,Capablanca Jose Raul (CUB),1/2-1/2,C51,80,0.0,0.525,0.0,0.7875,0.7375,0.5125,2.8625,10.5875,7.5625,13.750962925962927,11.1,0.0125,11.1,0.0,0.0,18,10,4,0,0,2,0.225,0.125,0.05,0.0,0.0,50.14,49.86,Aggressive
Olympiad,Buenos Aires (Argentina),1939.??.??,Stahlberg Gideon (SWE),Capablanca Jose Raul (CUB),1/2-1/2,D43,60,0.0,0.7,0.0,3.033333333333333,0.8666666666666667,0.6333333333333333,3.183333333333333,10.8,7.666666666666667,13.938890923890925,11.216666666666667,0.08333333333333333,11.216666666666667,0.15,0.0,16,12,2,0,0,0,0.2667,0.2,0.0333,0.0,0.0,48.68,51.32,Positional
It,Margate (England),1939.??.??,Capablanca Jose Raul (CUB),Najdorf Miguel (POL),1/2-1/2,E34,91,0.0,0.7252747252747253,0.4725274725274725,1.2857142857142858,2.2637362637362637,0.6813186813186813,2.3846153846153846,8.967032967032967,8.923076923076923,11.576810399612596,8.197802197802197,0.15384615384615385,8.197802197802197,0.34065934065934067,0.2087912087912088,30,20,6,0,0,4,0.3297,0.2198,0.0659,0.0,0.0,66.77,33.23,Aggressive
It,Margate (England),1939.??.??,Flohr Salomon M (CZE),Capablanca Jose Raul (CUB),1/2-1/2,E11,54,0.0,0.42592592592592593,0.09259259259259259,0.46296296296296297,0.9259259259259259,0.35185185185185186,2.5185185185185186,8.75925925925926,4.611111111111111,12.350030833364164,10.0,0.0,10.0,0.14814814814814814,0.0,16,8,4,0,0,2,0.2963,0.1481,0.0741,0.0,0.0,51.35,48.65,Aggressive
It,Margate (England),1939.??.??,Keres Paul (EST),Capablanca Jose Raul (CUB),1/2-1/2,C88,50,0.0,0.06,0.0,0.76,0.62,0.06,3.32,10.54,7.24,14.71576800976801,12.36,0.0,12.36,0.18,0.12,16,8,2,0,0,0,0.32,0.16,0.04,0.0,0.0,42.75,57.25,Positional
It,Margate (England),1939.??.??,Milner Barry Philip S (ENG),Capablanca Jose Raul (CUB),1/2-1/2,B74,57,0.0,0.42105263157894735,0.0,3.4035087719298245,2.1578947368421053,0.40350877192982454,2.6666666666666665,10.631578947368421,9.526315789473685,13.397977022977022,10.210526315789474,0.0,10.210526315789474,0.5087719298245614,0.08771929824561403,12,16,4,0,0,0,0.2105,0.2807,0.0702,0.0,0.0,49.55,50.45,Positional
It,Margate (England),1939.??.??,Sergeant Edward,Capablanca Jose Raul (CUB),1/2-1/2,C90,59,0.0,0.15254237288135594,0.11864406779661017,0.22033898305084745,0.2033898305084746,0.0847457627118644,3.5254237288135593,10.440677966101696,5.983050847457627,14.719730457866055,12.627118644067796,0.0,12.627118644067796,0.05084745762711865,0.0,20,12,4,0,0,0,0.339,0.2034,0.0678,0.0,0.0,49.99,50.01,Positional
It,Barcelona (Spain),1992.??.??,Dorfman Josif D (FRA),Tal Mikhail (LAT),1-0,E38,49,0.0,0.3469387755102041,0.061224489795918366,3.1020408163265305,0.24489795918367346,0.2857142857142857,2.7755102040816326,10.551020408163266,8.36734693877551,14.220807763664908,11.63265306122449,0.16326530612244897,11.63265306122449,0.04081632653061224,0.24489795918367346,8,8,2,0,0,2,0.1633,0.1633,0.0408,0.0,0.0,37.2,62.8,Positional
It,Barcelona (Spain),1992.??.??,Gurevich Mikhail (TUR),Tal Mikhail (LAT),1-0,A41,87,0.0,0.40229885057471265,0.12643678160919541,1.0574712643678161,1.2873563218390804,0.40229885057471265,2.896551724137931,10.045977011494253,7.689655172413793,13.114377959205536,9.977011494252874,0.40229885057471265,9.977011494252874,0.26436781609195403,0.0,20,16,6,0,0,4,0.2299,0.1839,0.069,0.0,0.0,57.36,42.64,Aggressive
It,Barcelona (Spain),1992.??.??,Magem Badals Jordi (ESP),Tal Mikhail (LAT),1/2-1/2,B42,82,0.0,0.32926829268292684,0.6585365853658537,1.2195121951219512,3.0609756097560976,0.3048780487804878,2.5,9.463414634146341,8.731707317073171,11.65671736799786,8.841463414634147,0.0,8.841463414634147,0.2804878048780488,0.012195121951219513,18,16,8,0,0,4,0.2195,0.1951,0.0976,0.0,0.0,59.46,40.54,Aggressive
It,Barcelona (Spain),1992.??.??,Romanishin Oleg M (UKR),Tal Mikhail (LAT),1-0,E11,49,0.0,0.5918367346938775,0.0,2.204081632653061,1.0,0.5918367346938775,2.979591836734694,10.408163265306122,8.183673469387756,15.162686972891054,12.653061224489797,0.10204081632653061,12.653061224489797,0.3469387755102041,0.10204081632653061,10,12,4,0,0,0,0.2041,0.2449,0.0816,0.0,0.0,42.34,57.66,Positional
It,Barcelona (Spain),1992.??.??,Tal Mikhail (LAT),Akopian Vladimir (ARM),1-0,B51,75,0.0,0.5066666666666667,0.29333333333333333,3.973333333333333,1.7333333333333334,0.5066666666666667,3.1466666666666665,9.92,9.0,12.784057054057056,9.773333333333333,0.013333333333333334,9.773333333333333,0.22666666666666666,0.04,22,20,4,0,0,0,0.2933,0.2667,0.0533,0.0,0.0,59.46,40.54,Aggressive
It,Barcelona (Spain),1992.??.??,Tal Mikhail (LAT),Korchnoi Viktor (SUI),1/2-1/2,E11,27,0.0,0.1111111111111111,0.07407407407407407,0.8888888888888888,0.0,0.1111111111111111,1.9259259259259258,8.222222222222221,4.7407407407407405,14.330065613398947,12.11111111111111,0.07407407407407407,12.11111111111111,0.037037037037037035,0.2962962962962963,8,8,0,0,0,0,0.2963,0.2963,0.0,0.0,0.0,33.38,66.62,Positional
It,Barcelona (Spain),1992.??.??,Tal Mikhail (LAT),Lautier Joel (FRA),1-0,A46,123,0.0,1.2439024390243902,0.5284552845528455,1.9593495934959348,2.772357723577236,0.9105691056910569,2.3008130081300813,8.536585365853659,8.390243902439025,9.602341944415114,6.349593495934959,0.024390243902439025,6.349593495934959,0.3902439024390244,0.024390243902439025,24,28,10,0,0,2,0.1951,0.2276,0.0813,0.0,0.0,70.85,29.15,Aggressive
It,Barcelona (Spain),1992.??.??,Tal Mikhail (LAT),Ochoa De Echaguen F Javier (ES,1/2-1/2,B33,24,0.0,0.20833333333333334,0.0,1.125,0.0,0.20833333333333334,2.625,9.333333333333334,6.5,14.64384920634921,12.541666666666666,0.125,12.541666666666666,0.0,0.0,2,0,0,0,0,0,0.0833,0.0,0.0,0.0,0.0,9.75,90.25,Positional
It,Barcelona (Spain),1992.??.??,Tal Mikhail (LAT),Rivas Pastor Manuel (ESP),1-0,B07,122,0.0,0.9508196721311475,0.5901639344262295,1.9836065573770492,4.467213114754099,0.7622950819672131,2.860655737704918,9.147540983606557,10.024590163934427,10.419456499784369,7.336065573770492,0.0,7.336065573770492,0.4016393442622951,0.12295081967213115,22,26,6,0,0,4,0.1803,0.2131,0.0492,0.0,0.0,66.13,33.87,Aggressive
It,Barcelona (Spain),1992.??.??,Tal Mikhail (LAT),Sokolov Ivan (NED),1/2-1/2,C49,25,0.0,0.16,0.0,0.92,0.36,0.16,2.84,9.4,6.2,15.194043956043956,12.92,0.0,12.92,0.2,0.32,8,8,4,0,0,0,0.32,0.32,0.16,0.0,0.0,35.98,64.02,Positional
It (open) \,Cologne (Germany),1992.??.??,Niesel Matthias (GER),Tal Mikhail (LAT),0-1,A20,84,0.0,1.3452380952380953,1.1071428571428572,0.047619047619047616,1.1428571428571428,0.7261904761904762,2.7976190476190474,9.547619047619047,7.309523809523809,9.903466209716209,7.738095238095238,0.0,7.738095238095238,0.32142857142857145,0.011904761904761904,28,18,2,0,0,0,0.3333,0.2143,0.0238,0.0,0.0,64.14,35.86,Aggressive
It (open) \,Cologne (Germany),1992.??.??,Tal Mikhail (LAT),Auer Martin (GER),1-0,E14,61,0.0,0.8360655737704918,0.45901639344262296,5.491803278688525,0.7704918032786885,0.7704918032786885,2.9508196721311477,10.21311475409836,10.770491803278688,12.662154785105603,9.901639344262295,0.01639344262295082,9.901639344262295,0.06557377049180328,0.2786885245901639,16,14,4,0,0,2,0.2623,0.2295,0.0656,0.0,0.0,53.56,46.44,Aggressive
It (open) \,Cologne (Germany),1992.??.??,Tal Mikhail (LAT),Ragozin Evgeni (RUS),1/2-1/2,A49,16,0.0,0.0,0.0,0.0,0.0,0.0,1.9375,7.4375,2.0625,15.936904761904762,14.25,0.0,14.25,0.0,0.0,2,0,0,0,0,0,0.125,0.0,0.0,0.0,0.0,6.71,93.29,Positional
It (open) \,Cologne (Germany),1992.??.??,Tal Mikhail (LAT),Reinemer Frank (GER),1-0,A80,63,0.0,0.5396825396825397,0.09523809523809523,0.5079365079365079,2.5714285714285716,0.47619047619047616,3.015873015873016,9.698412698412698,7.380952380952381,12.461104680152305,10.158730158730158,0.015873015873015872,10.158730158730158,0.06349206349206349,0.0,18,12,6,0,0,2,0.2857,0.1905,0.0952,0.0,0.0,54.81,45.19,Aggressive
Bundesliga,Germany,1992.??.??,Tal Mikhail (LAT),Gutman Lev (GER),1/2-1/2,A16,43,0.0,0.13953488372093023,0.0,1.372093023255814,0.13953488372093023,0.13953488372093023,2.744186046511628,9.534883720930232,5.534883720930233,14.500127779197545,12.046511627906977,0.09302325581395349,12.046511627906977,0.0,0.0,10,4,2,0,0,0,0.2326,0.093,0.0465,0.0,0.0,34.64,65.36,Positional
It (open),Sevilla (Spain),1992.??.??,Eslon Jaan (SWE),Tal Mikhail (LAT),0-1,D23,96,0.0,0.6145833333333334,0.2604166666666667,4.875,0.4791666666666667,0.5520833333333334,2.8541666666666665,10.489583333333334,10.71875,12.626901397213892,8.9375,0.0,8.9375,0.21875,0.4791666666666667,26,22,4,0,0,0,0.2708,0.2292,0.0417,0.0,0.0,61.86,38.14,Aggressive
It (open),Sevilla (Spain),1992.??.??,Gomez Esteban Juan Mario (ESP),Tal Mikhail (LAT),0-1,D43,75,0.0,0.6266666666666667,0.49333333333333335,3.1866666666666665,2.6266666666666665,0.5733333333333334,2.92,9.893333333333333,9.28,11.879767972767969,9.146666666666667,0.0,9.146666666666667,0.28,0.0,20,20,4,0,0,4,0.2667,0.2667,0.0533,0.0,0.0,60.15,39.85,Aggressive
It (open),Sevilla (Spain),1992.??.??,Gonzalez Raul (ARG),Tal Mikhail (LAT),0-1,B33,52,0.0,0.4423076923076923,0.0,2.769230769230769,0.4807692307692308,0.4423076923076923,3.1153846153846154,10.596153846153847,8.711538461538462,14.780280723549955,11.884615384615385,0.0,11.884615384615385,0.1346153846153846,0.057692307692307696,16,10,4,0,0,0,0.3077,0.1923,0.0769,0.0,0.0,47.13,52.87,Positional
It (open),Sevilla (Spain),1992.??.??,Oll Lembit (EST),Tal Mikhail (LAT),1-0,C10,81,0.0,0.7037037037037037,0.25925925925925924,1.308641975308642,1.1604938271604939,0.6790123456790124,2.54320987654321,9.654320987654321,7.6419753086419755,12.037585699622735,9.08641975308642,0.024691358024691357,9.08641975308642,0.2345679012345679,0.07407407407407407,20,16,2,0,0,2,0.2469,0.1975,0.0247,0.0,0.0,56.84,43.16,Aggressive
It (open),Sevilla (Spain),1992.??.??,Tal Mikhail (LAT),Illescas Cordoba Miguel (ESP),1/2-1/2,B48,25,0.0,0.2,0.0,1.24,0.0,0.2,2.6,9.6,6.16,15.11218315018315,12.56,0.0,12.56,0.0,0.0,8,6,2,0,0,2,0.32,0.24,0.08,0.0,0.0,33.69,66.31,Positional
It (open),Sevilla (Spain),1992.??.??,Tal Mikhail (LAT),Jimenez Morales Francisco (ESP,1-0,E18,61,0.0,0.2786885245901639,0.01639344262295082,0.3114754098360656,1.1475409836065573,0.2786885245901639,2.639344262295082,8.852459016393443,5.704918032786885,13.668185775972656,11.098360655737705,0.03278688524590164,11.098360655737705,0.3114754098360656,0.0,24,10,4,0,0,2,0.3934,0.1639,0.0656,0.0,0.0,56.29,43.71,Aggressive
Seville Open,Seville op,1992.??.??,"Eslon, Jaan","Tal, Mikhail",0-1,D23,96,0.0,0.6145833333333334,0.2604166666666667,4.875,0.4791666666666667,0.5520833333333334,2.8541666666666665,10.489583333333334,10.71875,12.626901397213892,8.9375,0.0,8.9375,0.21875,0.4791666666666667,26,22,4,0,0,0,0.2708,0.2292,0.0417,0.0,0.0,61.86,38.14,Aggressive
Barcelona,Barcelona ESP,1992.??.??,"Tal, Mikhail","Lautier, Joel",1-0,A46,123,0.0,1.2439024390243902,0.5284552845528455,1.9593495934959348,2.747967479674797,0.9105691056910569,2.292682926829268,8.544715447154472,8.341463414634147,9.63757229671864,6.32520325203252,0.024390243902439025,6.32520325203252,0.3902439024390244,0.024390243902439025,24,28,10,0,0,2,0.1951,0.2276,0.0813,0.0,0.0,70.87,29.13,Aggressive
Sevilla Open,Seville ESP,1992.??.??,"Tal, Mikhail","Romero, Martin",1-0,A17,67,0.0,0.5223880597014925,0.0,2.4029850746268657,0.6716417910447762,0.5223880597014925,2.746268656716418,10.17910447761194,7.7611940298507465,13.625862694519409,10.925373134328359,0.05970149253731343,10.925373134328359,0.16417910447761194,0.1791044776119403,20,12,4,0,0,0,0.2985,0.1791,0.0597,0.0,0.0,53.29,46.71,Aggressive
Barcelona,Barcelona ESP,1992.??.??,"Tal, Mikhail","Lautier, Joel",1-0,A46,123,0.0,1.2439024390243902,0.5284552845528455,1.9593495934959348,2.747967479674797,0.9105691056910569,2.292682926829268,8.544715447154472,8.34959349593496,9.629442215417827,6.317073170731708,0.024390243902439025,6.317073170731708,0.3902439024390244,0.024390243902439025,24,28,10,0,0,2,0.1951,0.2276,0.0813,0.0,0.0,70.88,29.12,Aggressive
It (cat.11),Buenos Aires (Argentina),1991.??.??,Tal Mikhail (LAT),Adams Michael (ENG),1/2-1/2,A14,27,0.0,0.07407407407407407,0.0,0.14814814814814814,0.0,0.07407407407407407,2.7037037037037037,8.62962962962963,4.111111111111111,15.78989282322616,13.88888888888889,0.0,13.88888888888889,0.0,0.037037037037037035,6,4,2,0,0,0,0.2222,0.1481,0.0741,0.0,0.0,25.53,74.47,Positional
It (cat.11),Buenos Aires (Argentina),1991.??.??,Tal Mikhail (LAT),Boissonet Carlos P (ARG),1-0,A49,87,0.0,0.47126436781609193,0.1839080459770115,3.103448275862069,0.3563218390804598,0.4482758620689655,2.413793103448276,9.218390804597702,7.195402298850575,11.65592791627274,8.701149425287356,0.14942528735632185,8.701149425287356,0.2988505747126437,0.022988505747126436,26,24,4,0,0,2,0.2989,0.2759,0.046,0.0,0.0,65.34,34.66,Aggressive
It (cat.11),Buenos Aires (Argentina),1991.??.??,Tal Mikhail (LAT),Cifuentes Parada Roberto (ESP),1/2-1/2,A14,52,0.0,0.09615384615384616,0.0,0.9230769230769231,0.5769230769230769,0.09615384615384616,2.769230769230769,9.51923076923077,5.673076923076923,15.256117493617493,12.73076923076923,0.0,12.73076923076923,0.19230769230769232,0.09615384615384616,20,6,2,0,0,0,0.3846,0.1154,0.0385,0.0,0.0,46.7,53.3,Positional
It (cat.11),Buenos Aires (Argentina),1991.??.??,Tal Mikhail (LAT),Larsen Bent (DEN),1/2-1/2,C88,102,0.0,0.696078431372549,0.2647058823529412,2.8823529411764706,0.7352941176470589,0.5784313725490197,2.7254901960784315,9.852941176470589,8.980392156862745,11.448789881142819,8.784313725490197,0.0,8.784313725490197,0.24509803921568626,0.1568627450980392,24,18,6,0,0,2,0.2353,0.1765,0.0588,0.0,0.0,62.15,37.85,Aggressive
It (cat.11),Buenos Aires (Argentina),1991.??.??,Tal Mikhail (LAT),Nogueiras Jesus (CUB),1/2-1/2,E05,41,0.0,0.12195121951219512,0.0,1.5853658536585367,0.5853658536585366,0.12195121951219512,2.5121951219512195,9.804878048780488,6.634146341463414,14.933035798889458,12.365853658536585,0.0,12.365853658536585,0.1951219512195122,0.0975609756097561,18,10,2,0,0,2,0.439,0.2439,0.0488,0.0,0.0,48.23,51.77,Positional
It (cat.11),Buenos Aires (Argentina),1991.??.??,Tal Mikhail (LAT),Panno Oscar (ARG),1-0,B48,69,0.0,0.4057971014492754,0.0,4.463768115942029,1.2753623188405796,0.4057971014492754,2.9565217391304346,10.478260869565217,8.55072463768116,13.08631026783201,10.202898550724637,0.0,10.202898550724637,0.2463768115942029,0.11594202898550725,22,18,2,0,0,0,0.3188,0.2609,0.029,0.0,0.0,57.36,42.64,Aggressive
It (cat.11),Buenos Aires (Argentina),1991.??.??,Tal Mikhail (LAT),Ricardi Pablo (ARG),1/2-1/2,B22,61,0.0,0.22950819672131148,0.0,2.0655737704918034,1.180327868852459,0.22950819672131148,2.639344262295082,10.639344262295081,8.655737704918034,14.734679755581395,11.475409836065573,0.18032786885245902,11.475409836065573,0.5245901639344263,0.04918032786885246,22,10,2,0,0,0,0.3607,0.1639,0.0328,0.0,0.0,50.75,49.25,Aggressive
Bundesliga 1990/91,Germany,1991.??.??,Tal Mikhail (LAT),Neurohr Stephan (GER),0-1,A16,96,0.0,0.75,0.125,3.3020833333333335,1.09375,0.75,2.5208333333333335,9.770833333333334,10.458333333333334,12.062676790801788,9.364583333333334,0.5,9.364583333333334,0.0,0.03125,14,14,6,0,0,0,0.1458,0.1458,0.0625,0.0,0.0,52.58,47.42,Aggressive
Bundesliga 1990/91,Germany,1991.??.??,Tal Mikhail (LAT),Ramos Domingo (JPN),1-0,B90,57,0.0,0.7192982456140351,0.45614035087719296,4.2105263157894735,0.9122807017543859,0.7192982456140351,2.824561403508772,10.333333333333334,10.035087719298245,13.095747235220916,9.298245614035087,0.0,9.298245614035087,0.017543859649122806,0.10526315789473684,14,16,2,0,0,2,0.2456,0.2807,0.0351,0.0,0.0,51.52,48.48,Aggressive
Bundesliga 1990/91,Germany,1991.??.??,Tal Mikhail (LAT),Seibold Hubert Dr (GER),1-0,B35,57,0.0,0.43859649122807015,0.0,3.1578947368421053,0.8771929824561403,0.43859649122807015,2.9298245614035086,10.456140350877194,7.4035087719298245,14.513573560941984,11.614035087719298,0.0,11.614035087719298,0.0,0.05263157894736842,12,8,2,0,0,0,0.2105,0.1404,0.0351,0.0,0.0,42.09,57.91,Positional
It (open),Leningrad (Russia),1991.??.??,Tal Mikhail (LAT),Mukhametov Eldar (RUS),1-0,A22,107,0.0,0.9345794392523364,0.822429906542056,0.3364485981308411,0.9439252336448598,0.40186915887850466,2.2990654205607477,8.532710280373832,6.542056074766355,9.446966999770737,7.11214953271028,0.0,7.11214953271028,0.24299065420560748,0.09345794392523364,28,20,10,0,0,2,0.2617,0.1869,0.0935,0.0,0.0,69.93,30.07,Aggressive
It (open),Leningrad (Russia),1991.??.??,Tal Mikhail (LAT),Sveshnikov Evgeny (LAT),0-1,D12,148,0.0,1.0743243243243243,0.7364864864864865,0.30405405405405406,0.05405405405405406,0.7162162162162162,2.75,9.25,7.114864864864865,8.588822607572604,6.047297297297297,0.013513513513513514,6.047297297297297,0.05405405405405406,0.006756756756756757,30,28,8,0,0,2,0.2027,0.1892,0.0541,0.0,0.0,72.2,27.8,Aggressive
Ch URS (swiss),Moscow (Russia),1991.??.??,Tal Mikhail (LAT),Chekhov Valery A (RUS),0-1,A40,82,0.0,0.5365853658536586,0.04878048780487805,2.573170731707317,2.1097560975609757,0.5365853658536586,2.6463414634146343,10.0,9.5,10.933350321764955,8.207317073170731,0.14634146341463414,8.207317073170731,0.2682926829268293,0.07317073170731707,12,14,4,0,0,2,0.1463,0.1707,0.0488,0.0,0.0,51.85,48.15,Aggressive
Match (active),New York (USA),1991.??.??,Tal Mikhail (LAT),Dzindzichashvili Roman (USA),1-0,B22,51,0.0,0.5882352941176471,0.0,2.3529411764705883,0.9019607843137255,0.5882352941176471,3.1176470588235294,11.07843137254902,8.705882352941176,15.056843483314074,12.0,0.21568627450980393,12.0,0.21568627450980393,0.0,10,4,0,0,0,0,0.1961,0.0784,0.0,0.0,0.0,32.66,67.34,Positional
Match (active),New York (USA),1991.??.??,Tal Mikhail (LAT),Dzindzichashvili Roman (USA),1-0,B31,53,0.0,0.05660377358490566,0.0,2.4150943396226414,0.32075471698113206,0.05660377358490566,3.1320754716981134,10.132075471698114,7.566037735849057,14.71033500042934,12.09433962264151,0.018867924528301886,12.09433962264151,0.05660377358490566,0.018867924528301886,20,12,4,0,0,0,0.3774,0.2264,0.0755,0.0,0.0,51.25,48.75,Aggressive
It (cat.12),San Francisco (USA),1991.??.??,Tal Mikhail (LAT),Grefe John A (USA),1-0,C18,71,0.0,0.49295774647887325,0.09859154929577464,1.943661971830986,1.732394366197183,0.43661971830985913,2.535211267605634,9.47887323943662,8.56338028169014,11.398798697390248,8.704225352112676,0.11267605633802817,8.704225352112676,0.1267605633802817,0.0,22,14,12,0,0,2,0.3099,0.1972,0.169,0.0,0.0,62.74,37.26,Aggressive
It (cat.12),San Francisco (USA),1991.??.??,Tal Mikhail (LAT),Rogers Ian (AUS),1-0,C10,51,0.0,0.5686274509803921,0.37254901960784315,1.7058823529411764,0.17647058823529413,0.5294117647058824,2.156862745098039,9.03921568627451,7.9411764705882355,12.050682433035375,9.450980392156863,0.0196078431372549,9.450980392156863,0.09803921568627451,0.0784313725490196,18,16,8,0,0,4,0.3529,0.3137,0.1569,0.0,0.0,59.06,40.94,Aggressive
It,Barcelona (Spain),1992.??.??,Rodriguez Orestes (ESP),Tal Mikhail (LAT),1/2-1/2,A48,42,0.0,0.21428571428571427,0.0,0.8333333333333334,0.14285714285714285,0.21428571428571427,3.0,10.452380952380953,7.571428571428571,16.262698412698413,13.80952380952381,0.21428571428571427,13.80952380952381,0.07142857142857142,0.09523809523809523,4,0,0,0,0,0,0.0952,0.0,0.0,0.0,0.0,13.19,86.81,Positional
It (open) \,Cologne (Germany),1992.??.??,Budnikov Alexandar (RUS),Tal Mikhail (LAT),1/2-1/2,D27,19,0.0,0.0,0.0,0.2631578947368421,0.0,0.0,2.8947368421052633,9.0,4.684210526315789,15.319799498746866,13.157894736842104,0.0,13.157894736842104,0.0,0.0,4,4,0,0,0,0,0.2105,0.2105,0.0,0.0,0.0,18.22,81.78,Positional
It (open) \,Cologne (Germany),1992.??.??,Szekely Peter (HUN),Tal Mikhail (LAT),1/2-1/2,A09,21,0.0,0.0,0.047619047619047616,0.47619047619047616,0.0,0.0,3.0,9.285714285714286,5.238095238095238,15.766439909297052,13.761904761904763,0.047619047619047616,13.761904761904763,0.0,0.0,4,0,0,0,0,0,0.1905,0.0,0.0,0.0,0.0,12.38,87.62,Positional
Bundesliga,Germany,1992.??.??,Marinkovic Ivan (SCG),Tal Mikhail (LAT),1/2-1/2,B33,25,0.0,0.24,0.0,1.12,0.0,0.24,2.56,9.32,6.68,14.65809523809524,12.52,0.16,12.52,0.0,0.0,2,0,0,0,0,0,0.08,0.0,0.0,0.0,0.0,9.85,90.15,Positional
Bundesliga 1991/92,Germany,1992.??.??,Doncevic Dario (CRO),Tal Mikhail (LAT),1/2-1/2,B22,72,0.0,0.8611111111111112,0.0,5.833333333333333,1.6527777777777777,0.8611111111111112,2.361111111111111,10.597222222222221,11.472222222222221,12.274396282729612,9.208333333333334,0.013888888888888888,9.208333333333334,0.2222222222222222,0.2361111111111111,24,16,4,0,0,0,0.3333,0.2222,0.0556,0.0,0.0,59.78,40.22,Aggressive
It (open),Sevilla (Spain),1992.??.??,Jimenez Villena Francisco J (E,Tal Mikhail (LAT),1/2-1/2,A21,100,0.0,1.11,0.68,3.88,2.32,1.0,2.66,10.38,10.2,11.40893142968143,7.99,0.0,7.99,0.48,0.22,16,14,2,0,0,2,0.16,0.14,0.02,0.0,0.0,54.71,45.29,Aggressive
Barcelona,Barcelona ESP,1992.??.??,"Magem Badals, Jordi","Tal, Mikhail",1/2-1/2,B42,83,0.0,0.3493975903614458,0.6746987951807228,1.2048192771084338,3.1686746987951806,0.3253012048192771,2.4819277108433737,9.44578313253012,8.80722891566265,11.61266053223885,8.783132530120483,0.0,8.783132530120483,0.2891566265060241,0.012048192771084338,18,16,8,0,0,4,0.2169,0.1928,0.0964,0.0,0.0,59.55,40.45,Aggressive
San Francisco,"San Francisco, CA USA",1991.??.??,"Tal, Mikhail","Rogers, Ian",1-0,C10,55,0.0,0.6363636363636364,0.38181818181818183,1.5818181818181818,0.2545454545454545,0.5636363636363636,2.1636363636363636,9.072727272727272,8.054545454545455,11.814673205582295,9.236363636363636,0.05454545454545454,9.236363636363636,0.16363636363636364,0.07272727272727272,18,16,8,0,0,4,0.3273,0.2909,0.1455,0.0,0.0,59.26,40.74,Aggressive
Cup European Club,Europe,1991.??.??,Tal Mikhail (LAT),Badea Bela (ROM),1/2-1/2,A17,33,0.0,0.06060606060606061,0.0,0.06060606060606061,0.5757575757575758,0.06060606060606061,2.727272727272727,9.363636363636363,5.878787878787879,15.888744588744588,13.606060606060606,0.06060606060606061,13.606060606060606,0.0,0.0,4,0,0,0,0,0,0.1212,0.0,0.0,0.0,0.0,12.57,87.43,Positional
Cup European Club,Europe,1991.??.??,Tal Mikhail (LAT),Badea Bela (ROM),1/2-1/2,E63,41,0.0,0.24390243902439024,0.0,0.5853658536585366,0.1951219512195122,0.24390243902439024,2.731707317073171,9.463414634146341,5.414634146341464,16.208692933083178,13.926829268292684,0.04878048780487805,13.926829268292684,0.0,0.0,6,2,0,0,0,0,0.1463,0.0488,0.0,0.0,0.0,20.63,79.37,Positional
Ch URS (swiss),Moscow (Russia),1991.??.??,Kiselev Sergey (RUS),Tal Mikhail (LAT),1-0,B08,73,0.0,0.3013698630136986,0.0,1.5068493150684932,1.9315068493150684,0.3013698630136986,3.191780821917808,10.616438356164384,10.273972602739725,14.93664550822085,11.917808219178083,0.2465753424657534,11.917808219178083,0.3561643835616438,0.2191780821917808,18,14,6,0,0,4,0.2466,0.1918,0.0822,0.0,0.0,51.81,48.19,Aggressive
Ch URS (swiss),Moscow (Russia),1991.??.??,Tal Mikhail (LAT),Kruppa Yuri (UKR),1/2-1/2,A07,81,0.0,0.5555555555555556,0.2222222222222222,0.9506172839506173,2.3580246913580245,0.5555555555555556,2.740740740740741,9.296296296296296,7.962962962962963,11.272082889675485,8.728395061728396,0.16049382716049382,8.728395061728396,0.3950617283950617,0.037037037037037035,28,22,2,0,0,2,0.3457,0.2716,0.0247,0.0,0.0,64.31,35.69,Aggressive
Ch URS (swiss),Moscow (Russia),1991.??.??,Tal Mikhail (LAT),Malaniuk Vladimir P (UKR),1/2-1/2,C78,39,0.0,0.20512820512820512,0.0,0.41025641025641024,0.0,0.20512820512820512,3.3333333333333335,10.205128205128204,6.871794871794871,15.894993894993892,13.794871794871796,0.07692307692307693,13.794871794871796,0.0,0.0,6,2,0,0,0,0,0.1538,0.0513,0.0,0.0,0.0,19.3,80.7,Positional
Ch URS (swiss),Moscow (Russia),1991.??.??,Tal Mikhail (LAT),Naumkin Igor (RUS),1/2-1/2,E14,31,0.0,0.12903225806451613,0.0,0.8387096774193549,0.0,0.12903225806451613,2.903225806451613,9.32258064516129,5.32258064516129,15.401022096183384,13.129032258064516,0.0,13.129032258064516,0.0,0.0,8,2,0,0,0,0,0.2581,0.0645,0.0,0.0,0.0,24.97,75.03,Positional
Ch URS (swiss),Moscow (Russia),1991.??.??,Tal Mikhail (LAT),Panchenko Alexander N (RUS),1/2-1/2,B02,19,0.0,0.42105263157894735,0.42105263157894735,0.631578947368421,0.0,0.21052631578947367,1.105263157894737,6.684210526315789,4.2631578947368425,13.093999859789331,11.157894736842104,0.0,11.157894736842104,0.10526315789473684,0.05263157894736842,12,4,6,0,0,2,0.6316,0.2105,0.3158,0.0,0.0,46.68,53.32,Positional
Ch URS (swiss),Moscow (Russia),1991.??.??,Tal Mikhail (LAT),Sakaev Konstantin (RUS),1/2-1/2,A81,58,0.0,0.1896551724137931,0.13793103448275862,0.4482758620689655,0.8275862068965517,0.1896551724137931,2.7413793103448274,9.775862068965518,5.206896551724138,14.461483822690719,11.879310344827585,0.0,11.879310344827585,0.017241379310344827,0.0,28,10,2,0,0,2,0.4828,0.1724,0.0345,0.0,0.0,56.58,43.42,Aggressive
It (open),Moscow (Russia),1991.??.??,Gusev Yuri S (RUS),Tal Mikhail (LAT),1-0,A19,121,0.0,0.8842975206611571,0.2975206611570248,3.834710743801653,1.4958677685950412,0.7272727272727273,2.603305785123967,9.438016528925619,11.578512396694215,11.022283364018898,7.12396694214876,0.04132231404958678,7.12396694214876,0.18181818181818182,0.12396694214876033,26,26,0,0,0,0,0.2149,0.2149,0.0,0.0,0.0,63.84,36.16,Aggressive
It (open),Moscow (Russia),1991.??.??,Tal Mikhail (LAT),Mukhametov Eldar (RUS),1/2-1/2,C76,77,0.0,0.5064935064935064,0.1038961038961039,6.311688311688312,0.7532467532467533,0.5064935064935064,2.831168831168831,10.025974025974026,10.571428571428571,13.436093560119533,9.168831168831169,0.0,9.168831168831169,0.5454545454545454,0.36363636363636365,20,16,2,0,0,0,0.2597,0.2078,0.026,0.0,0.0,55.86,44.14,Aggressive
It (open),Moscow (Russia),1991.??.??,Tal Mikhail (LAT),Zakharov Alexander (RUS),1/2-1/2,B60,41,0.0,0.5365853658536586,0.3170731707317073,2.6097560975609757,0.2682926829268293,0.5365853658536586,2.6097560975609757,9.170731707317072,6.975609756097561,12.125807931905491,9.804878048780488,0.0975609756097561,9.804878048780488,0.04878048780487805,0.0,16,12,4,0,0,0,0.3902,0.2927,0.0976,0.0,0.0,52.76,47.24,Aggressive
Match (active),New York (USA),1991.??.??,Dzindzichashvili Roman (USA),Tal Mikhail (LAT),1-0,C55,69,0.0,0.782608695652174,0.028985507246376812,3.6231884057971016,0.6666666666666666,0.782608695652174,2.9855072463768115,10.608695652173912,9.666666666666666,13.721855921855925,10.318840579710145,0.028985507246376812,10.318840579710145,0.391304347826087,0.15942028985507245,16,10,2,0,0,0,0.2319,0.1449,0.029,0.0,0.0,47.94,52.06,Positional
Match (active),New York (USA),1991.??.??,Dzindzichashvili Roman (USA),Tal Mikhail (LAT),1-0,E61,35,0.0,0.0,0.0,0.3142857142857143,0.0,0.0,2.7714285714285714,9.228571428571428,5.542857142857143,15.295835592978447,12.857142857142858,0.0,12.857142857142858,0.0,0.08571428571428572,16,6,0,0,0,0,0.4571,0.1714,0.0,0.0,0.0,39.82,60.18,Positional
Match (active),New York (USA),1991.??.??,Tal Mikhail (LAT),Dzindzichashvili Roman (USA),1/2-1/2,A12,60,0.0,0.6333333333333333,0.016666666666666666,1.15,2.8,0.6333333333333333,3.1,9.216666666666667,7.8,13.579255513005512,10.733333333333333,0.0,10.733333333333333,0.31666666666666665,0.03333333333333333,16,18,4,0,0,0,0.2667,0.3,0.0667,0.0,0.0,53.79,46.21,Aggressive
Match (active),New York (USA),1991.??.??,Tal Mikhail (LAT),Dzindzichashvili Roman (USA),1/2-1/2,A54,51,0.0,0.0784313725490196,0.0,0.5098039215686274,0.8823529411764706,0.0784313725490196,2.9607843137254903,9.509803921568627,6.7254901960784315,14.16692528604293,11.666666666666666,0.0,11.666666666666666,0.2549019607843137,0.058823529411764705,26,10,4,0,0,2,0.5098,0.1961,0.0784,0.0,0.0,55.75,44.25,Aggressive
It (cat.12),San Francisco (USA),1991.??.??,Tal Mikhail (LAT),Adianto Utut (INA),1/2-1/2,A30,33,0.0,0.0,0.0,1.3333333333333333,0.36363636363636365,0.0,2.9696969696969697,9.303030303030303,4.666666666666667,15.492720915448189,13.06060606060606,0.0,13.06060606060606,0.15151515151515152,0.18181818181818182,10,4,0,0,0,0,0.303,0.1212,0.0,0.0,0.0,31.34,68.66,Positional
It (cat.12),San Francisco (USA),1991.??.??,Tal Mikhail (LAT),Benjamin Joel (USA),1/2-1/2,A30,33,0.0,0.21212121212121213,0.0,1.2727272727272727,0.15151515151515152,0.21212121212121213,2.727272727272727,8.848484848484848,4.7272727272727275,14.394152312334128,12.242424242424242,0.0,12.242424242424242,0.0,0.0,8,6,2,0,0,0,0.2424,0.1818,0.0606,0.0,0.0,34.18,65.82,Positional
It (cat.12),San Francisco (USA),1991.??.??,Tal Mikhail (LAT),Ftacnik Lubomir (SVK),1/2-1/2,A36,29,0.0,0.034482758620689655,0.0,0.41379310344827586,0.0,0.034482758620689655,2.3793103448275863,8.10344827586207,3.9655172413793105,15.418378173550588,13.275862068965518,0.0,13.275862068965518,0.0,0.0,8,0,0,0,0,0,0.2759,0.0,0.0,0.0,0.0,22.71,77.29,Positional
It (cat.12),San Francisco (USA),1991.??.??,Tal Mikhail (LAT),Polgar Zsuzsa (USA),1/2-1/2,D28,30,0.0,0.2,0.0,0.9666666666666667,0.0,0.2,2.7333333333333334,9.4,6.033333333333333,14.90976190476191,12.433333333333334,0.0,12.433333333333334,0.0,0.0,8,6,0,0,0,0,0.2667,0.2,0.0,0.0,0.0,29.88,70.12,Positional
It (cat.12),San Francisco (USA),1991.??.??,Wolff Patrick G (USA),Tal Mikhail (LAT),1-0,C78,109,0.0,1.5137614678899083,0.6605504587155964,0.21100917431192662,3.614678899082569,0.9724770642201835,2.6788990825688073,9.660550458715596,8.954128440366972,9.667157383900504,7.10091743119266,0.027522935779816515,7.10091743119266,0.3486238532110092,0.0,20,26,10,0,0,4,0.1835,0.2385,0.0917,0.0,0.0,67.1,32.9,Aggressive
New York m blitz,"New York, NY USA",1991.??.??,"Tal, Mikhail","Dzindzichashvili, Roman",1/2-1/2,A12,60,0.0,0.6166666666666667,0.016666666666666666,1.15,2.65,0.6166666666666667,3.1,9.216666666666667,7.7,13.594070327820328,10.75,0.0,10.75,0.31666666666666665,0.03333333333333333,16,18,4,0,0,0,0.2667,0.3,0.0667,0.0,0.0,53.74,46.26,Aggressive
Moscow4,Moscow RUS,1991.??.??,"Tal, Mikhail","Jung, Karl-Otto",1/2-1/2,B03,82,0.0,1.146341463414634,0.3902439024390244,3.4390243902439024,2.158536585365854,0.7804878048780488,2.475609756097561,9.841463414634147,9.914634146341463,11.538105898166878,8.829268292682928,0.08536585365853659,8.829268292682928,0.3170731707317073,0.14634146341463414,28,20,14,0,0,4,0.3415,0.2439,0.1707,0.0,0.0,68.05,31.95,Aggressive
Porz op27,Porz GER,1991.??.??,"Tal, Mikhail","Arkhipov, Sergey",1/2-1/2,A35,13,0.0,0.0,0.0,0.0,0.0,0.0,2.769230769230769,7.615384615384615,3.4615384615384617,15.125274725274725,13.307692307692308,0.0,13.307692307692308,0.0,0.0,4,0,0,0,0,0,0.3077,0.0,0.0,0.0,0.0,12.49,87.51,Positional
Buenos Aires,Buenos Aires ARG,1991.??.??,"Tal, Mikhail","Nogueiras Santiago, Jesus",1/2-1/2,E00,41,0.0,0.12195121951219512,0.0,1.5853658536585367,0.5853658536585366,0.12195121951219512,2.5121951219512195,10.439024390243903,7.2682926829268295,14.544417912710594,11.975609756097562,0.0,11.975609756097562,0.1951219512195122,0.0975609756097561,18,10,2,0,0,2,0.439,0.2439,0.0488,0.0,0.0,48.06,51.94,Positional
New York m rapid,New York m rapid,1991.??.??,"Tal, Mikhail","Dzindzichashvili, Roman",1/2-1/2,A54,51,0.0,0.0784313725490196,0.0,0.5098039215686274,0.8823529411764706,0.0784313725490196,2.9607843137254903,9.509803921568627,6.7254901960784315,14.16692528604293,11.666666666666666,0.0,11.666666666666666,0.2549019607843137,0.058823529411764705,26,10,4,0,0,2,0.5098,0.1961,0.0784,0.0,0.0,55.75,44.25,Aggressive
It (cat.11),Buenos Aires (Argentina),1991.??.??,Amura Claudia N (ARG),Tal Mikhail (LAT),0-1,A41,86,0.0,0.9651162790697675,1.2209302325581395,0.05813953488372093,0.6744186046511628,0.8255813953488372,2.395348837209302,8.511627906976743,5.767441860465116,9.928344426890943,7.558139534883721,0.09302325581395349,7.558139534883721,0.2558139534883721,0.011627906976744186,28,18,2,0,0,0,0.3256,0.2093,0.0233,0.0,0.0,65.69,34.31,Aggressive
It (cat.11),Buenos Aires (Argentina),1991.??.??,Barbero Gerardo F (ARG),Tal Mikhail (LAT),1/2-1/2,A38,29,0.0,0.10344827586206896,0.0,0.6896551724137931,0.0,0.10344827586206896,3.2413793103448274,8.758620689655173,4.620689655172414,16.039181508147024,14.03448275862069,0.034482758620689655,14.03448275862069,0.0,0.0,6,4,0,0,0,0,0.2069,0.1379,0.0,0.0,0.0,22.82,77.18,Positional
It (cat.11),Buenos Aires (Argentina),1991.??.??,Dolmatov Sergey (RUS),Tal Mikhail (LAT),1/2-1/2,B33,27,0.0,0.2222222222222222,0.0,1.2222222222222223,0.0,0.2222222222222222,2.5555555555555554,9.518518518518519,6.7407407407407405,14.757142857142856,12.555555555555555,0.14814814814814814,12.555555555555555,0.0,0.0,2,2,0,0,0,0,0.0741,0.0741,0.0,0.0,0.0,13.03,86.97,Positional
It (cat.11),Buenos Aires (Argentina),1991.??.??,Fedorowicz John P (USA),Tal Mikhail (LAT),1/2-1/2,D35,23,0.0,0.13043478260869565,0.0,1.3043478260869565,0.0,0.13043478260869565,2.6956521739130435,8.521739130434783,5.391304347826087,14.114938684503903,11.826086956521738,0.0,11.826086956521738,0.0,0.0,8,6,0,0,0,0,0.3478,0.2609,0.0,0.0,0.0,31.54,68.46,Positional
It (cat.11),Buenos Aires (Argentina),1991.??.??,Granda Zuniga Julio E (PER),Tal Mikhail (LAT),0-1,E52,82,0.0,0.6707317073170732,0.0975609756097561,1.0975609756097562,4.2073170731707314,0.5609756097560976,2.8780487804878048,8.902439024390244,8.487804878048781,10.590003661650002,8.353658536585366,0.0,8.353658536585366,0.14634146341463414,0.012195121951219513,22,16,6,0,0,2,0.2683,0.1951,0.0732,0.0,0.0,62.25,37.75,Aggressive
It (cat.11),Buenos Aires (Argentina),1991.??.??,Milos Gilberto (BRA),Tal Mikhail (LAT),1/2-1/2,A18,40,0.0,0.175,0.05,1.825,0.25,0.15,2.875,9.525,6.7,13.944329004328997,11.3,0.0,11.3,0.15,0.0,14,6,4,0,0,0,0.35,0.15,0.1,0.0,0.0,43.97,56.03,Positional
Cologne (Germany),Cologne (Germany),1991.??.??,Badea Bela (ROM),Tal Mikhail (LAT),1/2-1/2,A17,49,0.0,0.12244897959183673,0.0,0.20408163265306123,0.5510204081632653,0.12244897959183673,2.979591836734694,10.081632653061224,7.163265306122449,15.921316438663377,13.448979591836734,0.1836734693877551,13.448979591836734,0.0,0.02040816326530612,10,4,4,0,0,0,0.2041,0.0816,0.0816,0.0,0.0,33.37,66.63,Positional
Bundesliga 1990/91,Germany,1991.??.??,Lobron Eric (GER),Tal Mikhail (LAT),0-1,D46,81,0.0,0.7160493827160493,0.0,2.6419753086419755,1.4938271604938271,0.7160493827160493,3.1481481481481484,10.333333333333334,9.444444444444445,13.470715361456103,10.234567901234568,0.037037037037037035,10.234567901234568,0.38271604938271603,0.13580246913580246,20,16,6,0,0,2,0.2469,0.1975,0.0741,0.0,0.0,56.63,43.37,Aggressive
It (open),Leningrad (Russia),1991.??.??,Appel Ralf (GER),Tal Mikhail (LAT),1/2-1/2,D46,26,0.0,0.3076923076923077,0.0,0.07692307692307693,0.0,0.3076923076923077,2.923076923076923,9.615384615384615,5.730769230769231,15.95435333896872,13.73076923076923,0.0,13.73076923076923,0.0,0.0,4,4,0,0,0,0,0.1538,0.1538,0.0,0.0,0.0,18.07,81.93,Positional
It (open),Leningrad (Russia),1991.??.??,Dukhov Alexander (RUS),Tal Mikhail (LAT),0-1,A41,62,0.0,0.8387096774193549,0.5483870967741935,0.08064516129032258,1.5483870967741935,0.46774193548387094,2.9193548387096775,9.629032258064516,7.596774193548387,12.62919173120786,10.225806451612904,0.016129032258064516,10.225806451612904,0.3870967741935484,0.016129032258064516,26,10,2,0,0,0,0.4194,0.1613,0.0323,0.0,0.0,56.11,43.89,Aggressive
It (open),Leningrad (Russia),1991.??.??,Feibert Fred (GER),Tal Mikhail (LAT),0-1,A46,63,0.0,0.07936507936507936,0.0,0.20634920634920634,0.3492063492063492,0.07936507936507936,2.9206349206349205,9.984126984126984,6.190476190476191,15.00193532217342,12.412698412698413,0.07936507936507936,12.412698412698413,0.09523809523809523,0.0,18,6,6,0,0,2,0.2857,0.0952,0.0952,0.0,0.0,47.65,52.35,Positional
Ch URS (swiss),Moscow (Russia),1991.??.??,Kantsler Boris (ISR),Tal Mikhail (LAT),1/2-1/2,D35,21,0.0,0.047619047619047616,0.0,0.5238095238095238,0.0,0.047619047619047616,2.4761904761904763,8.857142857142858,5.523809523809524,14.736891679748819,12.476190476190476,0.0,12.476190476190476,0.0,0.0,6,4,0,0,0,0,0.2857,0.1905,0.0,0.0,0.0,23.51,76.49,Positional
Ch URS (swiss),Moscow (Russia),1991.??.??,Korzubov Peter (BLR),Tal Mikhail (LAT),0-1,A35,122,0.0,1.0081967213114753,0.8934426229508197,0.4344262295081967,3.737704918032787,0.6557377049180327,2.442622950819672,8.204918032786885,8.967213114754099,9.3491719801146,5.844262295081967,0.00819672131147541,5.844262295081967,0.4344262295081967,0.0,32,22,6,0,0,2,0.2623,0.1803,0.0492,0.0,0.0,71.22,28.78,Aggressive
Ch URS (swiss),Moscow (Russia),1991.??.??,Maljutin Evgeni (RUS),Tal Mikhail (LAT),1/2-1/2,B54,67,0.0,0.44776119402985076,0.08955223880597014,1.044776119402985,2.253731343283582,0.2537313432835821,2.4029850746268657,8.73134328358209,7.955223880597015,12.396830408397571,9.149253731343284,0.0,9.149253731343284,0.4925373134328358,0.07462686567164178,32,12,8,0,0,2,0.4776,0.1791,0.1194,0.0,0.0,65.14,34.86,Aggressive
Ch URS (swiss),Moscow (Russia),1991.??.??,Serper Grigory (USA),Tal Mikhail (LAT),1/2-1/2,A29,69,0.0,0.391304347826087,0.0,1.289855072463768,1.5797101449275361,0.2463768115942029,2.9130434782608696,10.289855072463768,6.942028985507246,13.983302285476206,10.81159420289855,0.07246376811594203,10.81159420289855,0.10144927536231885,0.0,22,10,2,0,0,0,0.3188,0.1449,0.029,0.0,0.0,52.4,47.6,Aggressive
It (open),Moscow (Russia),1991.??.??,Dragomarezkij Evgeni (RUS),Tal Mikhail (LAT),1/2-1/2,D45,67,0.0,1.1044776119402986,0.5970149253731343,2.955223880597015,1.1492537313432836,0.9701492537313433,2.9402985074626864,10.746268656716419,8.985074626865671,12.44360995555025,9.64179104477612,0.04477611940298507,9.64179104477612,0.34328358208955223,0.13432835820895522,20,12,6,0,0,0,0.2985,0.1791,0.0896,0.0,0.0,55.98,44.02,Aggressive
It (open),Moscow (Russia),1991.??.??,Kummerow Heiko (GER),Tal Mikhail (LAT),1/2-1/2,B96,80,0.0,1.1125,0.4625,1.9875,1.975,0.8125,2.425,9.1,9.2625,11.066525523088023,7.5875,0.2125,7.5875,0.3625,0.025,24,20,8,0,0,2,0.3,0.25,0.1,0.0,0.0,65.24,34.76,Aggressive
It (open),Moscow (Russia),1991.??.??,Narodizki Efim (RUS),Tal Mikhail (LAT),0-1,B23,67,0.0,0.5373134328358209,0.2835820895522388,1.835820895522388,0.8507462686567164,0.5373134328358209,2.462686567164179,9.567164179104477,6.597014925373134,13.691537898254317,10.880597014925373,0.0,10.880597014925373,0.22388059701492538,0.07462686567164178,20,8,0,0,0,0,0.2985,0.1194,0.0,0.0,0.0,49.54,50.46,Positional
Match (active),New York (USA),1991.??.??,Dzindzichashvili Roman (USA),Tal Mikhail (LAT),1/2-1/2,B25,88,0.0,0.6704545454545454,0.03409090909090909,3.102272727272727,2.7613636363636362,0.5454545454545454,2.7954545454545454,9.568181818181818,10.0,13.106306856022767,10.215909090909092,0.03409090909090909,10.215909090909092,0.375,0.20454545454545456,24,20,6,0,0,2,0.2727,0.2273,0.0682,0.0,0.0,61.24,38.76,Aggressive
Match (active),New York (USA),1991.??.??,Dzindzichashvili Roman (USA),Tal Mikhail (LAT),1/2-1/2,E61,140,0.0,1.2142857142857142,1.0928571428571427,0.35,1.1785714285714286,0.9071428571428571,2.2214285714285715,7.771428571428571,7.414285714285715,8.398060253238826,5.564285714285714,0.11428571428571428,5.564285714285714,0.2714285714285714,0.02142857142857143,32,32,8,0,0,2,0.2286,0.2286,0.0571,0.0,0.0,75.32,24.68,Aggressive
It (cat.12),San Francisco (USA),1991.??.??,Browne Walter S (USA),Tal Mikhail (LAT),1/2-1/2,E94,44,0.0,0.11363636363636363,0.0,0.6818181818181818,0.13636363636363635,0.11363636363636363,3.0454545454545454,9.954545454545455,6.136363636363637,15.261541867223684,12.681818181818182,0.0,12.681818181818182,0.11363636363636363,0.20454545454545456,16,4,4,0,0,0,0.3636,0.0909,0.0909,0.0,0.0,42.08,57.92,Positional
It (cat.12),San Francisco (USA),1991.??.??,Christiansen Larry M (USA),Tal Mikhail (LAT),1/2-1/2,E48,76,0.0,0.8157894736842105,0.02631578947368421,4.092105263157895,0.9605263157894737,0.8157894736842105,2.6842105263157894,9.81578947368421,9.31578947368421,12.757262912526068,9.223684210526315,0.09210526315789473,9.223684210526315,0.3157894736842105,0.27631578947368424,22,18,4,0,0,0,0.2895,0.2368,0.0526,0.0,0.0,59.27,40.73,Aggressive
It (cat.12),San Francisco (USA),1991.??.??,Fedorowicz John P (USA),Tal Mikhail (LAT),1/2-1/2,D45,27,0.0,0.3333333333333333,0.0,0.2222222222222222,0.0,0.3333333333333333,2.962962962962963,9.88888888888889,6.296296296296297,15.791032424365756,13.407407407407407,0.0,13.407407407407407,0.07407407407407407,0.0,4,4,0,0,0,0,0.1481,0.1481,0.0,0.0,0.0,18.32,81.68,Positional
Najdorf,Buenos Aires ARG,1991.04.??,"Granda Zuniga, Julio E","Tal, Mikhail",0-1,E52,82,0.0,0.6707317073170732,0.0975609756097561,1.0975609756097562,4.2073170731707314,0.5609756097560976,2.8780487804878048,8.902439024390244,8.487804878048781,10.590003661650002,8.353658536585366,0.0,8.353658536585366,0.14634146341463414,0.012195121951219513,22,16,6,0,0,2,0.2683,0.1951,0.0732,0.0,0.0,62.25,37.75,Aggressive
Duitsland tt,Duitsland tt,1991.??.??,"Lobron, Eric","Tal, Mikhail",0-1,D46,57,0.0,0.6140350877192983,0.0,2.6315789473684212,0.7192982456140351,0.6140350877192983,3.1228070175438596,10.666666666666666,8.56140350877193,14.533031831716047,11.43859649122807,0.05263157894736842,11.43859649122807,0.21052631578947367,0.17543859649122806,12,10,2,0,0,0,0.2105,0.1754,0.0351,0.0,0.0,42.42,57.58,Positional
Bundesliga 1989/90,Germany,1990.??.??,Tal Mikhail (LAT),Mohr Stefan (GER),1-0,B09,61,0.0,0.7704918032786885,0.3770491803278688,3.0327868852459017,1.7704918032786885,0.7704918032786885,3.2459016393442623,11.01639344262295,9.868852459016393,14.45338004436365,11.147540983606557,0.03278688524590164,11.147540983606557,0.3114754098360656,0.14754098360655737,20,6,2,0,0,2,0.3279,0.0984,0.0328,0.0,0.0,48.85,51.15,Positional
Bundesliga 1989/90,Germany,1990.??.??,Tal Mikhail (LAT),Wahls Matthias (GER),1/2-1/2,A30,151,0.0,0.4768211920529801,0.36423841059602646,2.152317880794702,3.119205298013245,0.33112582781456956,2.6887417218543046,9.344370860927153,8.23841059602649,11.171104116633915,7.496688741721854,0.0,7.496688741721854,0.4503311258278146,0.12582781456953643,28,20,4,0,0,2,0.1854,0.1325,0.0265,0.0,0.0,65.9,34.1,Aggressive
Bundesliga 1990/91,Germany,1990.??.??,Tal Mikhail (LAT),Lorenz Sascha (GER),1-0,A25,58,0.0,0.3793103448275862,0.15517241379310345,1.0517241379310345,0.8103448275862069,0.3275862068965517,2.4310344827586206,8.551724137931034,6.0,11.491280510677056,9.120689655172415,0.0,9.120689655172415,0.10344827586206896,0.034482758620689655,14,18,6,0,0,0,0.2414,0.3103,0.1034,0.0,0.0,56.34,43.66,Aggressive
Izt,Manila (Philippines),1990.??.??,Tal Mikhail (LAT),Dzindzichashvili Roman (USA),1/2-1/2,B66,30,0.0,0.0,0.06666666666666667,0.7666666666666667,0.0,0.0,2.8,9.966666666666667,5.966666666666667,15.018821733821731,12.666666666666666,0.0,12.666666666666666,0.03333333333333333,0.03333333333333333,8,4,0,0,0,0,0.2667,0.1333,0.0,0.0,0.0,26.59,73.41,Positional
Izt,Manila (Philippines),1990.??.??,Tal Mikhail (LAT),Ivanovic Bozidar (SCG),1/2-1/2,E98,88,0.0,0.375,0.5,0.625,2.3181818181818183,0.2727272727272727,2.8068181818181817,10.034090909090908,8.022727272727273,13.200042791804158,10.011363636363637,0.022727272727272728,10.011363636363637,0.36363636363636365,0.0,26,10,4,0,0,0,0.2955,0.1136,0.0455,0.0,0.0,56.88,43.12,Aggressive
Izt,Manila (Philippines),1990.??.??,Tal Mikhail (LAT),Lin Ta (CHN),1-0,A34,123,0.0,0.3983739837398374,0.056910569105691054,2.902439024390244,1.3414634146341464,0.21138211382113822,2.7560975609756095,10.252032520325203,8.764227642276422,12.936513960294445,9.829268292682928,0.0,9.829268292682928,0.24390243902439024,0.032520325203252036,28,16,8,0,0,2,0.2276,0.1301,0.065,0.0,0.0,62.76,37.24,Aggressive
Izt,Manila (Philippines),1990.??.??,Tal Mikhail (LAT),Ljubojevic Ljubomir (SCG),0-1,E54,110,0.0,0.4,0.0,3.9909090909090907,2.3727272727272726,0.4,3.018181818181818,10.563636363636364,9.954545454545455,13.052518945700767,8.836363636363636,0.01818181818181818,8.836363636363636,0.7636363636363637,0.44545454545454544,22,16,0,0,0,0,0.2,0.1455,0.0,0.0,0.0,55.73,44.27,Aggressive
Izt,Manila (Philippines),1990.??.??,Tal Mikhail (LAT),Lputian Smbat G (ARM),1/2-1/2,E08,30,0.0,0.2,0.0,0.9,0.0,0.2,2.933333333333333,9.6,5.533333333333333,15.764285714285712,13.733333333333333,0.0,13.733333333333333,0.0,0.0,4,0,0,0,0,0,0.1333,0.0,0.0,0.0,0.0,13.87,86.13,Positional
Izt,Manila (Philippines),1990.??.??,Tal Mikhail (LAT),Marin Mihail (ROM),1/2-1/2,E60,59,0.0,0.288135593220339,0.0,2.169491525423729,0.7966101694915254,0.288135593220339,2.9152542372881354,10.152542372881356,6.288135593220339,15.368136383390624,12.711864406779661,0.05084745762711865,12.711864406779661,0.0,0.0,10,6,2,0,0,0,0.1695,0.1017,0.0339,0.0,0.0,36.55,63.45,Positional
Izt,Manila (Philippines),1990.??.??,Tal Mikhail (LAT),Miles Anthony J (ENG),1/2-1/2,C84,43,0.0,0.37209302325581395,0.0,1.627906976744186,0.9069767441860465,0.37209302325581395,2.7674418604651163,10.116279069767442,7.906976744186046,14.900346552672138,12.232558139534884,0.0,12.232558139534884,0.3488372093023256,0.16279069767441862,12,4,2,0,0,2,0.2791,0.093,0.0465,0.0,0.0,38.07,61.93,Positional
Cup World (qual),Moscow (Russia),1990.??.??,Tal Mikhail (LAT),Gavrikov Viktor (LTU),1/2-1/2,E12,27,0.0,0.1111111111111111,0.0,0.4074074074074074,0.0,0.1111111111111111,2.5185185185185186,8.851851851851851,4.62962962962963,14.951051417718084,12.814814814814815,0.0,12.814814814814815,0.0,0.0,8,4,0,0,0,0,0.2963,0.1481,0.0,0.0,0.0,27.45,72.55,Positional
Cup World (qual),Moscow (Russia),1990.??.??,Tal Mikhail (LAT),Hjartarson Johann (ISL),1/2-1/2,A62,52,0.0,0.11538461538461539,0.0,1.1538461538461537,0.4807692307692308,0.11538461538461539,2.980769230769231,9.807692307692308,6.0576923076923075,14.366249028749026,11.73076923076923,0.0,11.73076923076923,0.0,0.07692307692307693,18,14,6,0,0,0,0.3462,0.2692,0.1154,0.0,0.0,52.64,47.36,Aggressive
Cup World (qual),Moscow (Russia),1990.??.??,Tal Mikhail (LAT),Makarichev Sergey (RUS),1/2-1/2,A93,37,0.0,0.21621621621621623,0.0,0.8108108108108109,0.0,0.21621621621621623,2.918918918918919,9.405405405405405,6.0,15.61565191565191,13.378378378378379,0.16216216216216217,13.378378378378379,0.0,0.0,6,4,0,0,0,0,0.1622,0.1081,0.0,0.0,0.0,23.18,76.82,Positional
Cup World (qual),Moscow (Russia),1990.??.??,Tal Mikhail (LAT),Naumkin Igor (RUS),1/2-1/2,A14,45,0.0,0.26666666666666666,0.0,0.5333333333333333,0.3333333333333333,0.26666666666666666,2.911111111111111,9.555555555555555,5.466666666666667,15.71797091797092,13.311111111111112,0.0,13.311111111111112,0.08888888888888889,0.022222222222222223,12,6,0,0,0,0,0.2667,0.1333,0.0,0.0,0.0,35.05,64.95,Positional
It (open),Moscow (Russia),1990.??.??,Tal Mikhail (LAT),Kremenietsky Anatoly M (RUS),1-0,E60,75,0.0,0.26666666666666666,0.0,3.013333333333333,1.48,0.26666666666666666,3.04,10.68,8.266666666666667,15.460748473748469,12.453333333333333,0.0,12.453333333333333,0.18666666666666668,0.08,20,6,0,0,0,0,0.2667,0.08,0.0,0.0,0.0,45.69,54.31,Positional
It (open),Moscow (Russia),1990.??.??,Tal Mikhail (LAT),Sveshnikov Evgeny (LAT),1-0,B10,73,0.0,0.6712328767123288,0.0,3.5205479452054793,1.7808219178082192,0.6712328767123288,2.547945205479452,9.821917808219178,8.219178082191782,13.466154507592865,10.315068493150685,0.0547945205479452,10.315068493150685,0.3835616438356164,0.273972602739726,16,12,4,0,0,0,0.2192,0.1644,0.0548,0.0,0.0,52.09,47.91,Aggressive
It (open),New York (USA),1990.??.??,Tal Mikhail (LAT),Wedberg Tom (SWE),1-0,E06,69,0.0,0.5217391304347826,0.0,2.4057971014492754,2.8840579710144927,0.5217391304347826,3.101449275362319,10.028985507246377,9.27536231884058,13.935189810189812,10.521739130434783,0.0,10.521739130434783,0.4927536231884058,0.15942028985507245,24,14,2,0,0,2,0.3478,0.2029,0.029,0.0,0.0,56.42,43.58,Aggressive
Ch URS (club),Podolsk (Russia),1990.??.??,Tal Mikhail (LAT),Smirin Ilia (ISR),1-0,E92,69,0.0,0.7681159420289855,0.6666666666666666,0.057971014492753624,3.4927536231884058,0.5217391304347826,2.4782608695652173,8.18840579710145,7.391304347826087,9.986130214391084,7.202898550724638,0.0,7.202898550724638,0.463768115942029,0.014492753623188406,28,20,2,0,0,2,0.4058,0.2899,0.029,0.0,0.0,66.79,33.21,Aggressive
It,Tel Aviv (Israel),1990.??.??,Tal Mikhail (LAT),Karp Michael (ISR),1-0,B06,76,0.0,0.5921052631578947,0.2236842105263158,0.4342105263157895,1.9473684210526316,0.40789473684210525,2.8552631578947367,9.157894736842104,6.855263157894737,12.342514831659576,9.842105263157896,0.013157894736842105,9.842105263157896,0.15789473684210525,0.0,24,18,8,0,0,6,0.3158,0.2368,0.1053,0.0,0.0,63.3,36.7,Aggressive
It,Tel Aviv (Israel),1990.??.??,Tal Mikhail (LAT),Lahav Ehud (ISR),1-0,C14,81,0.0,1.123456790123457,0.5925925925925926,1.0740740740740742,3.4691358024691357,0.7530864197530864,2.3580246913580245,10.061728395061728,8.641975308641975,9.94154614247207,7.160493827160494,0.0,7.160493827160494,0.3950617283950617,0.0,30,26,6,0,0,2,0.3704,0.321,0.0741,0.0,0.0,69.54,30.46,Aggressive
It,Tel Aviv (Israel),1990.??.??,Tal Mikhail (LAT),Murey Jacob (ISR),1-0,E98,99,0.0,0.26262626262626265,0.8080808080808081,0.6262626262626263,0.6666666666666666,0.21212121212121213,2.4545454545454546,9.222222222222221,7.171717171717172,10.830386168264956,8.0,0.0,8.0,0.36363636363636365,0.04040404040404041,30,22,4,0,0,2,0.303,0.2222,0.0404,0.0,0.0,66.63,33.37,Aggressive
It,Tel Aviv (Israel),1990.??.??,Tal Mikhail (LAT),Soffer Ram (ISR),1-0,E11,79,0.0,0.6835443037974683,0.189873417721519,3.8860759493670884,1.4556962025316456,0.6835443037974683,2.7468354430379747,10.215189873417721,9.49367088607595,12.74980139410519,9.632911392405063,0.02531645569620253,9.632911392405063,0.35443037974683544,0.1518987341772152,26,18,6,0,0,2,0.3291,0.2278,0.0759,0.0,0.0,62.13,37.87,Aggressive
It (cat.12),San Francisco (USA),1991.??.??,Torre Eugenio (PHI),Tal Mikhail (LAT),1/2-1/2,D38,30,0.0,0.2,0.0,1.4333333333333333,0.3333333333333333,0.2,2.6333333333333333,9.6,5.966666666666667,13.928896658896656,11.666666666666666,0.03333333333333333,11.666666666666666,0.0,0.0,12,6,0,0,0,0,0.4,0.2,0.0,0.0,0.0,37.63,62.37,Positional
San Francisco,"San Francisco, CA USA",1991.??.??,"Browne, Walter S","Tal, Mikhail",1/2-1/2,E94,44,0.0,0.11363636363636363,0.0,0.6818181818181818,0.13636363636363635,0.11363636363636363,3.022727272727273,9.909090909090908,6.113636363636363,15.273663079344896,12.704545454545455,0.0,12.704545454545455,0.11363636363636363,0.20454545454545456,16,4,4,0,0,0,0.3636,0.0909,0.0909,0.0,0.0,42.1,57.9,Positional
Moscow4,Moscow RUS,1991.??.??,"Dragomarezkij, Evgeni","Tal, Mikhail",1/2-1/2,D45,67,0.0,1.0298507462686568,0.5970149253731343,2.8656716417910446,1.1492537313432836,0.9253731343283582,2.9402985074626864,10.686567164179104,8.970149253731343,12.430816778577972,9.656716417910447,0.04477611940298507,9.656716417910447,0.34328358208955223,0.13432835820895522,20,12,6,0,0,0,0.2985,0.1791,0.0896,0.0,0.0,55.89,44.11,Aggressive
Ch Moscow (blitz),Moscow (Russia),1990.??.??,Sokolov Andrei (FRA),Tal Mikhail (LAT),0-1,B85,66,0.0,0.5757575757575758,0.0,2.727272727272727,0.9545454545454546,0.3787878787878788,3.0757575757575757,11.106060606060606,7.909090909090909,14.076520365156728,10.924242424242424,0.09090909090909091,10.924242424242424,0.25757575757575757,0.0,20,12,2,0,0,0,0.303,0.1818,0.0303,0.0,0.0,51.45,48.55,Aggressive
Bundesliga 1989/90,Germany,1990.??.??,Adorjan Andras (HUN),Tal Mikhail (LAT),1/2-1/2,A36,25,0.0,0.0,0.0,0.28,0.0,0.0,2.36,7.6,2.96,15.085554445554449,12.96,0.0,12.96,0.0,0.0,12,0,4,0,0,0,0.48,0.0,0.16,0.0,0.0,36.21,63.79,Positional
Bundesliga 1990/91,Germany,1990.??.??,Maus Siegfried (GER),Tal Mikhail (LAT),0-1,A36,56,0.0,0.16071428571428573,0.0,2.142857142857143,0.4107142857142857,0.16071428571428573,3.142857142857143,10.464285714285714,6.875,15.836907090924944,12.946428571428571,0.0,12.946428571428571,0.125,0.07142857142857142,20,8,2,0,0,0,0.3571,0.1429,0.0357,0.0,0.0,47.06,52.94,Positional
Izt,Manila (Philippines),1990.??.??,Arencibia Walter (CUB),Tal Mikhail (LAT),0-1,E76,71,0.0,0.5492957746478874,0.11267605633802817,2.380281690140845,0.30985915492957744,0.4507042253521127,2.7746478873239435,9.67605633802817,8.32394366197183,11.765966193430975,8.67605633802817,0.14084507042253522,8.67605633802817,0.08450704225352113,0.3380281690140845,30,18,4,0,0,0,0.4225,0.2535,0.0563,0.0,0.0,63.81,36.19,Aggressive
Izt,Manila (Philippines),1990.??.??,Gurevich Mikhail (TUR),Tal Mikhail (LAT),1-0,D34,71,0.0,0.6901408450704225,0.23943661971830985,4.352112676056338,1.9014084507042253,0.6056338028169014,2.9014084507042255,10.32394366197183,10.309859154929578,13.0492224911239,9.859154929577464,0.0,9.859154929577464,0.43661971830985913,0.11267605633802817,20,12,6,0,0,0,0.2817,0.169,0.0845,0.0,0.0,55.71,44.29,Aggressive
Izt,Manila (Philippines),1990.??.??,Hjartarson Johann (ISL),Tal Mikhail (LAT),0-1,B63,70,0.0,0.5571428571428572,0.18571428571428572,2.9571428571428573,1.1428571428571428,0.34285714285714286,2.914285714285714,10.757142857142858,9.085714285714285,14.021212993355853,11.2,0.014285714285714285,11.2,0.18571428571428572,0.0,22,12,2,0,0,0,0.3143,0.1714,0.0286,0.0,0.0,52.7,47.3,Aggressive
Izt,Manila (Philippines),1990.??.??,Spasov Vasil (BUL),Tal Mikhail (LAT),1-0,C07,107,0.0,0.6542056074766355,0.11214953271028037,0.3364485981308411,4.05607476635514,0.514018691588785,2.3457943925233646,8.448598130841122,9.383177570093459,10.383012781610919,7.514018691588785,0.018691588785046728,7.514018691588785,0.3364485981308411,0.028037383177570093,22,16,6,0,0,2,0.2056,0.1495,0.0561,0.0,0.0,62.59,37.41,Aggressive
Cup World (qual),Moscow (Russia),1990.??.??,De Firmian Nick E (USA),Tal Mikhail (LAT),1-0,B04,57,0.0,0.43859649122807015,0.0,1.1578947368421053,1.087719298245614,0.3157894736842105,2.807017543859649,10.403508771929825,7.666666666666667,14.520007770007773,11.649122807017545,0.10526315789473684,11.649122807017545,0.2631578947368421,0.24561403508771928,18,4,6,0,0,0,0.3158,0.0702,0.1053,0.0,0.0,47.17,52.83,Positional
Cup World (qual),Moscow (Russia),1990.??.??,Tal Mikhail (LAT),Pigusov Evgeny (RUS),1/2-1/2,B36,39,0.0,0.15384615384615385,0.07692307692307693,1.0769230769230769,0.2564102564102564,0.15384615384615385,2.641025641025641,9.846153846153847,6.487179487179487,13.84660809276194,11.564102564102564,0.02564102564102564,11.564102564102564,0.05128205128205128,0.0,12,8,2,0,0,0,0.3077,0.2051,0.0513,0.0,0.0,40.43,59.57,Positional
Cup World (qual),Moscow (Russia),1990.??.??,Tal Mikhail (LAT),Vladimirov Evgeny (KAZ),1/2-1/2,A14,68,0.0,0.1323529411764706,0.0,1.3823529411764706,1.2794117647058822,0.1323529411764706,3.1029411764705883,10.264705882352942,6.897058823529412,15.213243211037325,12.441176470588236,0.058823529411764705,12.441176470588236,0.27941176470588236,0.11764705882352941,20,6,2,0,0,0,0.2941,0.0882,0.0294,0.0,0.0,46.54,53.46,Positional
It (open),Moscow (Russia),1990.??.??,Tal Mikhail (LAT),Neverov Valeriy (UKR),1/2-1/2,A39,53,0.0,0.1509433962264151,0.0,1.5660377358490567,0.2641509433962264,0.05660377358490566,2.811320754716981,9.226415094339623,6.377358490566038,14.298132004264083,11.528301886792454,0.018867924528301886,11.528301886792454,0.09433962264150944,0.16981132075471697,14,16,4,0,0,4,0.2642,0.3019,0.0755,0.0,0.0,50.92,49.08,Aggressive
It (open),Moscow (Russia),1990.??.??,Tal Mikhail (LAT),Vaganian Rafael A (ARM),1/2-1/2,D58,33,0.0,0.2727272727272727,0.0,0.0,0.030303030303030304,0.2727272727272727,2.8484848484848486,9.878787878787879,5.878787878787879,16.38439338439338,14.121212121212121,0.09090909090909091,14.121212121212121,0.0,0.0,6,4,2,0,0,0,0.1818,0.1212,0.0606,0.0,0.0,24.44,75.56,Positional
It (open),New York (USA),1990.??.??,Kamsky Gata (USA),Tal Mikhail (LAT),1-0,E92,89,0.0,0.5393258426966292,0.5842696629213483,1.4269662921348314,0.7640449438202247,0.4157303370786517,2.831460674157303,9.955056179775282,7.764044943820225,12.203535883592064,9.51685393258427,0.033707865168539325,9.51685393258427,0.2247191011235955,0.0,20,14,4,0,0,2,0.2247,0.1573,0.0449,0.0,0.0,56.01,43.99,Aggressive
It (open),New York (USA),1990.??.??,Orlov Georgi (USA),Tal Mikhail (LAT),0-1,E06,64,0.0,0.3125,0.0,0.9375,0.796875,0.3125,2.75,10.3125,7.625,14.377692576520703,11.875,0.0,11.875,0.40625,0.015625,20,18,6,0,0,2,0.3125,0.2812,0.0938,0.0,0.0,55.46,44.54,Aggressive
It (open),New York (USA),1990.??.??,Rohde Michael A (USA),Tal Mikhail (LAT),0-1,D45,60,0.0,0.7666666666666667,0.016666666666666666,2.8333333333333335,0.75,0.7666666666666667,3.033333333333333,10.383333333333333,8.85,14.208115634365635,10.933333333333334,0.0,10.933333333333334,0.2833333333333333,0.016666666666666666,16,10,4,2,2,0,0.2667,0.1667,0.0667,0.0333,0.0333,50.68,49.32,Aggressive
It (open),New York (USA),1990.??.??,Tal Mikhail (LAT),Dlugy Maxim (USA),1/2-1/2,D27,30,0.0,0.36666666666666664,0.23333333333333334,1.1,0.0,0.36666666666666664,2.933333333333333,9.2,5.833333333333333,14.602575202575203,11.933333333333334,0.0,11.933333333333334,0.1,0.16666666666666666,14,8,2,0,0,2,0.4667,0.2667,0.0667,0.0,0.0,43.75,56.25,Positional
It (open),New York (USA),1990.??.??,Tal Mikhail (LAT),Geller Efim P (RUS),1/2-1/2,E05,38,0.0,0.13157894736842105,0.0,1.736842105263158,0.10526315789473684,0.13157894736842105,2.210526315789474,9.552631578947368,6.342105263157895,15.359348546190654,12.842105263157896,0.0,12.842105263157896,0.05263157894736842,0.18421052631578946,14,10,0,0,0,0,0.3684,0.2632,0.0,0.0,0.0,41.61,58.39,Positional
It (open),New York (USA),1990.??.??,Tal Mikhail (LAT),Lerner Konstantin Z (UKR),1/2-1/2,A30,39,0.0,0.05128205128205128,0.0,1.564102564102564,0.2564102564102564,0.05128205128205128,3.0256410256410255,10.128205128205128,5.051282051282051,15.458856955010805,13.179487179487179,0.0,13.179487179487179,0.0,0.0,8,6,2,0,0,2,0.2051,0.1538,0.0513,0.0,0.0,33.5,66.5,Positional
It (open),New York (USA),1990.??.??,Tal Mikhail (LAT),Yudasin Leonid (ISR),1/2-1/2,A30,37,0.0,0.08108108108108109,0.0,0.08108108108108109,0.0,0.08108108108108109,3.2972972972972974,9.297297297297296,4.1891891891891895,15.620859320859317,13.567567567567568,0.0,13.567567567567568,0.0,0.0,10,4,0,0,0,0,0.2703,0.1081,0.0,0.0,0.0,29.36,70.64,Positional
Ch URS (club),Podolsk (Russia),1990.??.??,Tal Mikhail (LAT),Sveshnikov Evgeny (LAT),1/2-1/2,E02,29,0.0,0.13793103448275862,0.13793103448275862,1.3793103448275863,0.13793103448275862,0.13793103448275862,2.689655172413793,9.551724137931034,6.172413793103448,14.84675611744577,12.758620689655173,0.0,12.758620689655173,0.034482758620689655,0.06896551724137931,12,10,4,0,0,2,0.4138,0.3448,0.1379,0.0,0.0,43.68,56.32,Positional
Ch URS (club),Podolsk (Russia),1990.??.??,Tal Mikhail (LAT),Yurtaev Leonid (KGZ),1/2-1/2,A49,35,0.0,0.17142857142857143,0.0,0.22857142857142856,0.14285714285714285,0.17142857142857143,2.4857142857142858,9.057142857142857,4.742857142857143,16.21333333333333,14.17142857142857,0.02857142857142857,14.17142857142857,0.0,0.0,0,0,0,0,0,0,0.0,0.0,0.0,0.0,0.0,1.73,98.27,Positional
Ch URS (club),Podolsk (Russia),1990.??.??,Utemov Vladimir (RUS),Tal Mikhail (LAT),0-1,A35,56,0.0,0.26785714285714285,0.0,1.0892857142857142,0.8392857142857143,0.26785714285714285,2.357142857142857,9.142857142857142,6.589285714285714,13.595221494775066,11.160714285714286,0.0,11.160714285714286,0.125,0.0,22,12,4,0,0,2,0.3929,0.2143,0.0714,0.0,0.0,55.59,44.41,Aggressive
It,Tel Aviv (Israel),1990.??.??,Tal Mikhail (LAT),Cramling Pia (SWE),1/2-1/2,B47,65,0.0,0.18461538461538463,0.0,0.7692307692307693,1.5692307692307692,0.18461538461538463,2.3846153846153846,8.846153846153847,6.2615384615384615,12.547400676246827,9.63076923076923,0.1076923076923077,9.63076923076923,0.07692307692307693,0.0,26,16,6,0,0,4,0.4,0.2462,0.0923,0.0,0.0,62.97,37.03,Aggressive
It,Tel Aviv (Israel),1990.??.??,Tal Mikhail (LAT),Kagan Shimon (ISR),1/2-1/2,A42,66,0.0,0.5303030303030303,1.0606060606060606,0.10606060606060606,2.106060606060606,0.5,2.5,8.954545454545455,6.696969696969697,11.989772180681271,9.075757575757576,0.030303030303030304,9.075757575757576,0.7272727272727273,0.015151515151515152,24,16,6,0,0,0,0.3636,0.2424,0.0909,0.0,0.0,61.4,38.6,Aggressive
Manila Interzonal,Manila PHI,1990.07.02,Vasil Spas Spasov,Mikhail Tal,1-0,C07,106,0.0,0.6509433962264151,0.11320754716981132,0.33962264150943394,4.0,0.5094339622641509,2.349056603773585,8.452830188679245,9.283018867924529,10.413041204078946,7.556603773584905,0.018867924528301886,7.556603773584905,0.33962264150943394,0.02830188679245283,22,16,6,0,0,2,0.2075,0.1509,0.0566,0.0,0.0,62.57,37.43,Aggressive
Match \,Cannes (France),1989.??.??,Tal Mikhail (LAT),Anand Viswanathan (IND),0-1,A35,74,0.0,0.6756756756756757,0.0,4.878378378378378,1.7297297297297298,0.6756756756756757,2.689189189189189,10.22972972972973,8.513513513513514,13.459460546960548,10.45945945945946,0.0,10.45945945945946,0.16216216216216217,0.16216216216216217,16,12,0,0,0,0,0.2162,0.1622,0.0,0.0,0.0,49.88,50.12,Positional
Match \,Cannes (France),1989.??.??,Tal Mikhail (LAT),Renet Olivier (FRA),1/2-1/2,D36,65,0.0,0.8,0.0,2.6307692307692307,1.3076923076923077,0.8,2.830769230769231,10.476923076923077,9.153846153846153,14.166403596403592,11.076923076923077,0.03076923076923077,11.076923076923077,0.23076923076923078,0.0,20,6,4,0,0,0,0.3077,0.0923,0.0615,0.0,0.0,50.06,49.94,Aggressive
Bundesliga 1989/90,Germany,1989.??.??,Tal Mikhail (LAT),Meduna Eduard (CZE),1-0,B17,39,0.0,0.7948717948717948,0.358974358974359,1.9230769230769231,0.7948717948717948,0.7948717948717948,2.8461538461538463,10.153846153846153,8.025641025641026,14.219909577601884,11.23076923076923,0.0,11.23076923076923,0.2564102564102564,0.10256410256410256,12,12,4,0,0,0,0.3077,0.3077,0.1026,0.0,0.0,45.96,54.04,Positional
Bundesliga 1989/90,Germany,1989.??.??,Tal Mikhail (LAT),Smejkal Jan (CZE),1/2-1/2,C67,42,0.0,0.09523809523809523,0.3333333333333333,0.23809523809523808,0.8809523809523809,0.09523809523809523,2.5238095238095237,9.595238095238095,7.071428571428571,13.388112680969822,10.976190476190476,0.0,10.976190476190476,0.2857142857142857,0.047619047619047616,8,8,2,0,0,0,0.1905,0.1905,0.0476,0.0,0.0,34.97,65.03,Positional
Bundesliga 1989/90,Germany,1989.??.??,Tal Mikhail (LAT),Spassky Boris V (FRA),1/2-1/2,E11,30,0.0,0.16666666666666666,0.0,1.0333333333333334,0.36666666666666664,0.16666666666666666,2.7333333333333334,9.233333333333333,5.3,14.638472083472083,12.4,0.0,12.4,0.23333333333333334,0.13333333333333333,8,6,0,0,0,0,0.2667,0.2,0.0,0.0,0.0,30.71,69.29,Positional
It (active),Oslo (Norway),1989.??.??,Tal Mikhail (LAT),Agdestein Simen (NOR),0-1,D36,76,0.0,0.6578947368421053,0.0,4.5,0.6447368421052632,0.6447368421052632,2.9342105263157894,9.93421052631579,9.93421052631579,12.52866869972133,9.157894736842104,0.07894736842105263,9.157894736842104,0.2894736842105263,0.11842105263157894,18,20,2,0,0,2,0.2368,0.2632,0.0263,0.0,0.0,56.65,43.35,Aggressive
It (active),Oslo (Norway),1989.??.??,Tal Mikhail (LAT),Beliavsky Alexander G (SLO),1-0,B56,53,0.0,0.6037735849056604,0.0,2.943396226415094,0.22641509433962265,0.6037735849056604,3.0754716981132075,11.39622641509434,9.566037735849056,14.710847957074378,12.018867924528301,0.05660377358490566,12.018867924528301,0.0,0.0,12,8,4,0,0,0,0.2264,0.1509,0.0755,0.0,0.0,41.63,58.37,Positional
Bundesliga 1989/90,Germany,1990.??.??,Armas Julius (FRA),Tal Mikhail (LAT),1/2-1/2,B19,48,0.0,0.16666666666666666,0.10416666666666667,0.8541666666666666,0.4375,0.16666666666666666,2.5833333333333335,9.145833333333334,5.979166666666667,13.054212743275238,10.604166666666666,0.041666666666666664,10.604166666666666,0.041666666666666664,0.0,16,14,4,0,0,2,0.3333,0.2917,0.0833,0.0,0.0,52.34,47.66,Aggressive
Izt,Manila (Philippines),1990.??.??,Ftacnik Lubomir (SVK),Tal Mikhail (LAT),1/2-1/2,E97,23,0.0,0.0,0.0,0.043478260869565216,0.0,0.0,2.9130434782608696,9.0,4.260869565217392,16.004968944099378,14.08695652173913,0.0,14.08695652173913,0.0,0.0,4,2,0,0,0,0,0.1739,0.087,0.0,0.0,0.0,14.62,85.38,Positional
Izt,Manila (Philippines),1990.??.??,Gulko Boris F (USA),Tal Mikhail (LAT),1/2-1/2,A30,37,0.0,0.02702702702702703,0.0,1.5675675675675675,0.5135135135135135,0.02702702702702703,3.3513513513513513,9.783783783783784,5.27027027027027,15.878160578160575,13.54054054054054,0.0,13.54054054054054,0.0,0.0,10,4,2,0,0,2,0.2703,0.1081,0.0541,0.0,0.0,34.32,65.68,Positional
Cup World (qual),Moscow (Russia),1990.??.??,Eingorn Vereslav S (UKR),Tal Mikhail (LAT),1/2-1/2,D43,75,0.0,0.5066666666666667,0.09333333333333334,0.9333333333333333,2.933333333333333,0.5066666666666667,2.9466666666666668,9.626666666666667,7.786666666666667,12.811588559588559,9.733333333333333,0.0,9.733333333333333,0.29333333333333333,0.0,26,20,6,0,0,2,0.3467,0.2667,0.08,0.0,0.0,62.84,37.16,Aggressive
Cup World (qual),Moscow (Russia),1990.??.??,Hulak Krunoslav (CRO),Tal Mikhail (LAT),1/2-1/2,D76,60,0.0,0.03333333333333333,0.03333333333333333,0.21666666666666667,1.5666666666666667,0.016666666666666666,2.716666666666667,8.95,5.866666666666666,13.399695952195954,10.733333333333333,0.0,10.733333333333333,0.31666666666666665,0.016666666666666666,16,8,6,0,0,2,0.2667,0.1333,0.1,0.0,0.0,50.31,49.69,Aggressive
Cup World (qual),Moscow (Russia),1990.??.??,Malaniuk Vladimir P (UKR),Tal Mikhail (LAT),1/2-1/2,D27,17,0.0,0.058823529411764705,0.17647058823529413,0.6470588235294118,0.0,0.058823529411764705,2.2941176470588234,8.352941176470589,4.647058823529412,14.68965740142211,12.705882352941176,0.0,12.705882352941176,0.0,0.11764705882352941,6,8,0,0,0,0,0.3529,0.4706,0.0,0.0,0.0,28.82,71.18,Positional
Cup World (qual),Moscow (Russia),1990.??.??,Timoscenko Gennadij (SVK),Tal Mikhail (LAT),1/2-1/2,D13,19,0.0,0.0,0.0,0.0,0.0,0.0,2.8421052631578947,9.052631578947368,5.526315789473684,15.443358395989973,13.210526315789474,0.0,13.210526315789474,0.0,0.0,6,2,0,0,0,0,0.3158,0.1053,0.0,0.0,0.0,19.21,80.79,Positional
It (open),Moscow (Russia),1990.??.??,Dvoirys Semen I (RUS),Tal Mikhail (LAT),1/2-1/2,B19,39,0.0,0.0,0.0,2.1538461538461537,0.4358974358974359,0.0,2.4615384615384617,9.435897435897436,6.743589743589744,14.23901568516953,11.666666666666666,0.0,11.666666666666666,0.0,0.0,4,4,0,0,0,0,0.1026,0.1026,0.0,0.0,0.0,22.39,77.61,Positional
It (open),Moscow (Russia),1990.??.??,Lukin Andrei M (RUS),Tal Mikhail (LAT),1/2-1/2,B85,60,0.0,0.11666666666666667,0.0,2.033333333333333,0.6166666666666667,0.11666666666666667,2.85,10.616666666666667,7.4,14.171903235653234,11.266666666666667,0.0,11.266666666666667,0.3,0.05,22,12,6,0,0,4,0.3667,0.2,0.1,0.0,0.0,55.65,44.35,Aggressive
It (open),Moscow (Russia),1990.??.??,Yuferov Sergey N (RUS),Tal Mikhail (LAT),1/2-1/2,B06,105,0.0,0.4857142857142857,0.1523809523809524,2.8476190476190477,1.019047619047619,0.3904761904761905,3.038095238095238,10.2,8.942857142857143,13.222791837791837,10.60952380952381,0.10476190476190476,10.60952380952381,0.3238095238095238,0.12380952380952381,22,14,6,0,0,2,0.2095,0.1333,0.0571,0.0,0.0,57.02,42.98,Aggressive
It (open),New York (USA),1990.??.??,Ubilava Elizbar (ESP),Tal Mikhail (LAT),1/2-1/2,C42,19,0.0,0.2631578947368421,0.5789473684210527,0.7368421052631579,0.0,0.2631578947368421,2.1578947368421053,8.210526315789474,4.473684210526316,13.694563331405435,11.789473684210526,0.0,11.789473684210526,0.0,0.21052631578947367,4,6,2,0,0,2,0.2105,0.3158,0.1053,0.0,0.0,29.28,70.72,Positional
Ch URS (club),Podolsk (Russia),1990.??.??,Pigusov Evgeny (RUS),Tal Mikhail (LAT),1/2-1/2,A37,78,0.0,0.24358974358974358,0.0,0.5769230769230769,2.6923076923076925,0.24358974358974358,2.371794871794872,8.807692307692308,6.461538461538462,12.648828557482402,9.679487179487179,0.0,9.679487179487179,0.5512820512820513,0.10256410256410256,22,18,2,0,0,2,0.2821,0.2308,0.0256,0.0,0.0,59.12,40.88,Aggressive
It,Tel Aviv (Israel),1990.??.??,Bruk Ofer (ISR),Tal Mikhail (LAT),1/2-1/2,A41,29,0.0,0.4827586206896552,0.6551724137931034,0.1724137931034483,0.6206896551724138,0.3448275862068966,2.7241379310344827,9.310344827586206,5.275862068965517,13.498673740053052,11.413793103448276,0.0,11.413793103448276,0.20689655172413793,0.034482758620689655,14,6,0,0,0,0,0.4828,0.2069,0.0,0.0,0.0,40.46,59.54,Positional
It,Tel Aviv (Israel),1990.??.??,Davies Nigel R (ENG),Tal Mikhail (LAT),1/2-1/2,B03,64,0.0,0.1875,0.0,1.65625,1.828125,0.1875,2.578125,10.09375,7.484375,13.948413175366298,10.84375,0.0,10.84375,0.25,0.0625,24,14,2,0,0,2,0.375,0.2188,0.0312,0.0,0.0,56.24,43.76,Aggressive
It,Tel Aviv (Israel),1990.??.??,Gruenfeld Yehuda (ISR),Tal Mikhail (LAT),1/2-1/2,B09,121,0.0,0.8429752066115702,0.2727272727272727,4.801652892561983,1.2975206611570247,0.6694214876033058,2.3057851239669422,9.338842975206612,8.099173553719009,10.034697992549233,6.537190082644628,0.03305785123966942,6.537190082644628,0.3884297520661157,0.09090909090909091,20,28,2,0,0,2,0.1653,0.2314,0.0165,0.0,0.0,66.01,33.99,Aggressive
It,Tel Aviv (Israel),1990.??.??,Lev Ronen (ISR),Tal Mikhail (LAT),1/2-1/2,D45,65,0.0,0.6923076923076923,0.26153846153846155,0.7538461538461538,0.6,0.6923076923076923,2.8923076923076922,10.261538461538462,7.338461538461538,13.410038508500042,10.553846153846154,0.06153846153846154,10.553846153846154,0.24615384615384617,0.0,16,10,6,0,0,2,0.2462,0.1538,0.0923,0.0,0.0,50.69,49.31,Aggressive
It,Tel Aviv (Israel),1990.??.??,Psakhis Lev (ISR),Tal Mikhail (LAT),1/2-1/2,D27,37,0.0,0.4864864864864865,0.24324324324324326,0.7567567567567568,0.35135135135135137,0.4864864864864865,2.945945945945946,9.405405405405405,6.54054054054054,14.034134334134334,11.18918918918919,0.0,11.18918918918919,0.10810810810810811,0.13513513513513514,18,10,4,0,0,2,0.4865,0.2703,0.1081,0.0,0.0,50.72,49.28,Aggressive
FIDE (37) 1990-1993,Manila izt,1990.07.??,"Ftacnik, Lubomir","Tal, Mikhail",1/2-1/2,E97,24,0.0,0.0,0.0,0.041666666666666664,0.0,0.0,2.9166666666666665,9.041666666666666,4.333333333333333,15.975,14.041666666666666,0.0,14.041666666666666,0.0,0.0,4,2,0,0,0,0,0.1667,0.0833,0.0,0.0,0.0,14.61,85.39,Positional
Match \,Cannes (France),1989.??.??,Adams Michael (ENG),Tal Mikhail (LAT),1/2-1/2,C99,44,0.0,0.06818181818181818,0.0,0.7727272727272727,0.13636363636363635,0.06818181818181818,3.5,10.681818181818182,6.9772727272727275,15.717599067599066,13.590909090909092,0.0,13.590909090909092,0.20454545454545456,0.18181818181818182,8,0,0,0,0,0,0.1818,0.0,0.0,0.0,0.0,21.03,78.97,Positional
Match \,Cannes (France),1989.??.??,Lautier Joel (FRA),Tal Mikhail (LAT),1/2-1/2,A55,55,0.0,0.32727272727272727,0.14545454545454545,0.7090909090909091,0.6727272727272727,0.32727272727272727,2.9454545454545453,9.745454545454546,6.636363636363637,14.366074329710697,11.581818181818182,0.07272727272727272,11.581818181818182,0.2,0.12727272727272726,20,8,4,0,0,2,0.3636,0.1455,0.0727,0.0,0.0,50.6,49.4,Aggressive
Match \,Cannes (France),1989.??.??,Miralles Gilles (FRA),Tal Mikhail (LAT),1-0,A26,71,0.0,0.16901408450704225,0.4647887323943662,0.4084507042253521,1.591549295774648,0.16901408450704225,2.816901408450704,9.661971830985916,6.957746478873239,13.402022117162963,10.394366197183098,0.04225352112676056,10.394366197183098,0.29577464788732394,0.028169014084507043,32,16,10,0,0,2,0.4507,0.2254,0.1408,0.0,0.0,64.9,35.1,Aggressive
Cup BRD,Cologne (Germany),1989.??.??,Reeh Oliver (GER),Tal Mikhail (LAT),1-0,B36,109,0.0,0.6513761467889908,0.3486238532110092,1.871559633027523,1.7064220183486238,0.5412844036697247,2.6055045871559632,10.0,10.311926605504587,11.11027158366608,8.247706422018348,0.12844036697247707,8.247706422018348,0.26605504587155965,0.11926605504587157,22,22,6,0,0,2,0.2018,0.2018,0.055,0.0,0.0,62.01,37.99,Aggressive
Bundesliga 1989/90,Germany,1989.??.??,Huebner Robert Dr (GER),Tal Mikhail (LAT),1/2-1/2,B47,39,0.0,0.10256410256410256,0.0,1.564102564102564,0.7692307692307693,0.10256410256410256,2.769230769230769,10.051282051282051,6.717948717948718,14.560196214042367,11.794871794871796,0.1282051282051282,11.794871794871796,0.20512820512820512,0.05128205128205128,12,6,2,0,0,0,0.3077,0.1538,0.0513,0.0,0.0,38.87,61.13,Positional
Bundesliga 1989/90,Germany,1989.??.??,Schmittdiel Eckhard (GER),Tal Mikhail (LAT),1/2-1/2,B07,101,0.0,0.43564356435643564,0.039603960396039604,0.1188118811881188,0.43564356435643564,0.37623762376237624,2.9405940594059405,9.98019801980198,7.9405940594059405,12.14950767054727,10.089108910891088,0.12871287128712872,10.089108910891088,0.24752475247524752,0.0297029702970297,26,12,6,0,0,2,0.2574,0.1188,0.0594,0.0,0.0,58.73,41.27,Aggressive
Bundesliga 1989/90,Germany,1989.??.??,Unzicker Wolfgang (GER),Tal Mikhail (LAT),1-0,A64,87,0.0,0.4942528735632184,0.0,1.9080459770114941,1.6896551724137931,0.40229885057471265,2.7471264367816093,9.60919540229885,8.74712643678161,12.42140228864367,9.758620689655173,0.0,9.758620689655173,0.11494252873563218,0.09195402298850575,22,12,6,0,0,2,0.2529,0.1379,0.069,0.0,0.0,57.66,42.34,Aggressive
It,Marseilles (France),1989.??.??,Andruet Gilles (FRA),Tal Mikhail (LAT),1-0,C02,144,0.0,1.3402777777777777,0.9097222222222222,1.4791666666666667,0.2986111111111111,1.0138888888888888,2.7916666666666665,9.284722222222221,9.694444444444445,8.935052698073532,5.923611111111111,0.1388888888888889,5.923611111111111,0.13194444444444445,0.034722222222222224,30,30,12,0,0,8,0.2083,0.2083,0.0833,0.0,0.0,73.39,26.61,Aggressive
It,Marseilles (France),1989.??.??,Koch Jean-Rene (FRA),Tal Mikhail (LAT),1/2-1/2,B35,73,0.0,0.4931506849315068,0.3150684931506849,0.863013698630137,1.0410958904109588,0.4246575342465753,2.671232876712329,9.835616438356164,6.506849315068493,12.372686027823013,9.95890410958904,0.0,9.95890410958904,0.3013698630136986,0.0,22,12,4,0,0,2,0.3014,0.1644,0.0548,0.0,0.0,56.76,43.24,Aggressive
It,Marseilles (France),1989.??.??,Renet Olivier (FRA),Tal Mikhail (LAT),0-1,B17,58,0.0,0.1724137931034483,0.29310344827586204,0.9310344827586207,0.3793103448275862,0.10344827586206896,2.6379310344827585,9.637931034482758,6.448275862068965,13.00238745928401,10.517241379310345,0.0,10.517241379310345,0.1896551724137931,0.034482758620689655,16,12,4,0,0,0,0.2759,0.2069,0.069,0.0,0.0,50.1,49.9,Aggressive
It,Marseilles (France),1989.??.??,Tal Mikhail (LAT),Dorfman Josif D (FRA),1/2-1/2,A34,41,0.0,0.14634146341463414,0.3170731707317073,0.5121951219512195,0.3170731707317073,0.14634146341463414,2.4878048780487805,8.585365853658537,5.804878048780488,13.123984484350341,10.21951219512195,0.0,10.21951219512195,0.17073170731707318,0.07317073170731707,24,8,2,0,0,2,0.5854,0.1951,0.0488,0.0,0.0,54.99,45.01,Aggressive
It,Marseilles (France),1989.??.??,Tal Mikhail (LAT),Kozul Zdenko (CRO),1/2-1/2,B67,81,0.0,0.43209876543209874,0.06172839506172839,3.419753086419753,2.3580246913580245,0.43209876543209874,2.950617283950617,10.530864197530864,9.074074074074074,12.815047606714272,9.580246913580247,0.012345679012345678,9.580246913580247,0.012345679012345678,0.07407407407407407,16,14,4,0,0,0,0.1975,0.1728,0.0494,0.0,0.0,52.88,47.12,Aggressive
It,Marseilles (France),1989.??.??,Tal Mikhail (LAT),Lobron Eric (GER),1/2-1/2,C07,48,0.0,0.5416666666666666,0.4583333333333333,3.8541666666666665,0.9583333333333334,0.5416666666666666,2.75,10.3125,8.9375,13.563428354053356,10.5,0.0,10.5,0.4166666666666667,0.1875,18,8,2,0,0,0,0.375,0.1667,0.0417,0.0,0.0,49.21,50.79,Positional
It,Marseilles (France),1989.??.??,Tal Mikhail (LAT),Spraggett Kevin (CAN),1/2-1/2,E16,25,0.0,0.08,0.0,0.56,0.0,0.08,2.6,8.64,4.4,15.11658608058608,13.12,0.0,13.12,0.0,0.0,6,4,0,0,0,0,0.24,0.16,0.0,0.0,0.0,23.67,76.33,Positional
It,Marseilles (France),1989.??.??,Todorcevic Miodrag (ESP),Tal Mikhail (LAT),0-1,C44,84,0.0,0.42857142857142855,0.2261904761904762,0.5238095238095238,1.8214285714285714,0.42857142857142855,2.6785714285714284,9.607142857142858,7.916666666666667,12.485340188911616,9.702380952380953,0.10714285714285714,9.702380952380953,0.39285714285714285,0.011904761904761904,18,22,6,0,0,2,0.2143,0.2619,0.0714,0.0,0.0,58.65,41.35,Aggressive
It (active),Oslo (Norway),1989.??.??,Agdestein Simen (NOR),Tal Mikhail (LAT),0-1,A40,146,0.0,0.6232876712328768,0.5547945205479452,0.684931506849315,2.143835616438356,0.3561643835616438,2.219178082191781,8.623287671232877,9.23972602739726,9.930675964066372,7.054794520547945,0.136986301369863,7.054794520547945,0.1232876712328767,0.03424657534246575,26,30,10,0,0,6,0.1781,0.2055,0.0685,0.0,0.0,70.62,29.38,Aggressive
It (active),Oslo (Norway),1989.??.??,Tal Mikhail (LAT),Smyslov Vassily (RUS),1/2-1/2,C42,54,0.0,0.14814814814814814,0.25925925925925924,0.4444444444444444,0.7962962962962963,0.14814814814814814,2.9074074074074074,9.833333333333334,6.944444444444445,13.479922752144976,11.12962962962963,0.0,11.12962962962963,0.37037037037037035,0.0,20,14,6,0,0,2,0.3704,0.2593,0.1111,0.0,0.0,54.84,45.16,Aggressive
Cup World,Skelleftea (Sweden),1989.??.??,Short Nigel D (ENG),Tal Mikhail (LAT),1-0,B46,79,0.0,0.3037974683544304,0.0,2.4430379746835444,0.3037974683544304,0.3037974683544304,3.0253164556962027,10.151898734177216,8.126582278481013,12.990065876458281,9.708860759493671,0.02531645569620253,9.708860759493671,0.12658227848101267,0.25316455696202533,22,16,4,0,0,0,0.2785,0.2025,0.0506,0.0,0.0,56.83,43.17,Aggressive
Cup World,Skelleftea (Sweden),1989.??.??,Tal Mikhail (LAT),Huebner Robert Dr (GER),1/2-1/2,D27,30,0.0,0.03333333333333333,0.0,0.8333333333333334,0.0,0.03333333333333333,2.7333333333333334,9.366666666666667,5.433333333333334,15.41631868131868,12.9,0.0,12.9,0.0,0.0,10,6,0,0,0,0,0.3333,0.2,0.0,0.0,0.0,32.25,67.75,Positional
Cup World,Skelleftea (Sweden),1989.??.??,Tal Mikhail (LAT),Karpov Anatoly (RUS),1/2-1/2,C92,66,0.0,0.45454545454545453,0.0,1.8636363636363635,0.5606060606060606,0.45454545454545453,3.1363636363636362,10.318181818181818,7.515151515151516,13.665490780263509,10.530303030303031,0.0,10.530303030303031,0.10606060606060606,0.15151515151515152,24,10,2,0,0,0,0.3636,0.1515,0.0303,0.0,0.0,53.86,46.14,Aggressive
Cup World,Skelleftea (Sweden),1989.??.??,Tal Mikhail (LAT),Korchnoi Viktor (SUI),1/2-1/2,D27,27,0.0,0.25925925925925924,0.0,0.48148148148148145,0.0,0.25925925925925924,2.962962962962963,9.481481481481481,5.444444444444445,15.632600732600734,13.222222222222221,0.0,13.222222222222221,0.07407407407407407,0.037037037037037035,4,6,0,0,0,0,0.1481,0.2222,0.0,0.0,0.0,21.48,78.52,Positional
Cup World,Skelleftea (Sweden),1989.??.??,Tal Mikhail (LAT),Nikolic Predrag (BIH),1/2-1/2,C89,37,0.0,0.21621621621621623,0.0,1.2972972972972974,1.2702702702702702,0.21621621621621623,2.864864864864865,9.162162162162161,7.216216216216216,14.454584604584607,12.054054054054054,0.0,12.054054054054054,0.24324324324324326,0.0,8,2,2,0,0,0,0.2162,0.0541,0.0541,0.0,0.0,30.21,69.79,Positional
Cup World,Skelleftea (Sweden),1989.??.??,Tal Mikhail (LAT),Ribli Zoltan (HUN),1/2-1/2,A14,28,0.0,0.03571428571428571,0.0,0.39285714285714285,0.0,0.03571428571428571,2.5,8.75,4.321428571428571,15.920198848770278,13.892857142857142,0.0,13.892857142857142,0.0,0.03571428571428571,6,2,2,0,0,0,0.2143,0.0714,0.0714,0.0,0.0,23.4,76.6,Positional
Cup World,Skelleftea (Sweden),1989.??.??,Tal Mikhail (LAT),Seirawan Yasser (USA),1/2-1/2,D42,23,0.0,0.13043478260869565,0.0,0.21739130434782608,0.08695652173913043,0.13043478260869565,2.4782608695652173,9.347826086956522,5.782608695652174,15.226182513139038,12.73913043478261,0.0,12.73913043478261,0.0,0.0,6,2,0,0,0,0,0.2609,0.087,0.0,0.0,0.0,20.34,79.66,Positional
Cup World,Skelleftea (Sweden),1989.??.??,Tal Mikhail (LAT),Vaganian Rafael A (ARM),1/2-1/2,C09,31,0.0,0.25806451612903225,0.25806451612903225,0.5483870967741935,0.1935483870967742,0.25806451612903225,2.903225806451613,10.32258064516129,7.419354838709677,14.851778329197687,12.290322580645162,0.0,12.290322580645162,0.22580645161290322,0.0,8,6,0,0,0,0,0.2581,0.1935,0.0,0.0,0.0,28.73,71.27,Positional
Tournament (open),Pittsburgh (USA),1988.??.??,Tal Mikhail (LAT),Lief Adam (USA),1-0,C94,83,0.0,0.39759036144578314,0.2891566265060241,0.25301204819277107,1.108433734939759,0.30120481927710846,2.9518072289156625,10.168674698795181,7.409638554216867,13.372169630904565,10.831325301204819,0.08433734939759036,10.831325301204819,0.10843373493975904,0.0,26,16,6,0,0,2,0.3133,0.1928,0.0723,0.0,0.0,59.47,40.53,Aggressive
It \,Brussels (Belgium),1988.??.??,Tal Mikhail (LAT),Sokolov Andrei (FRA),1-0,E04,81,0.0,0.5679012345679012,0.35802469135802467,1.4814814814814814,0.6790123456790124,0.4691358024691358,2.3703703703703702,9.876543209876543,7.54320987654321,11.798589955997357,9.024691358024691,0.012345679012345678,9.024691358024691,0.32098765432098764,0.12345679012345678,22,24,10,0,0,2,0.2716,0.2963,0.1235,0.0,0.0,64.46,35.54,Aggressive
It (open),Chicago (USA),1988.??.??,Tal Mikhail (LAT),Forbes Cathy (ENG),1-0,B77,54,0.0,0.2962962962962963,0.0,3.0185185185185186,0.3888888888888889,0.2777777777777778,2.6296296296296298,9.944444444444445,7.574074074074074,13.767760017760018,10.981481481481481,0.0,10.981481481481481,0.0,0.0,14,8,2,0,0,0,0.2593,0.1481,0.037,0.0,0.0,44.66,55.34,Positional
Match,Hilversum (Netherlands),1988.??.??,Tal Mikhail (LAT),Timman Jan H (NED),1-0,A34,71,0.0,1.2253521126760563,0.5492957746478874,0.4225352112676056,1.943661971830986,0.8450704225352113,2.4225352112676055,8.943661971830986,7.901408450704225,10.491161342569793,7.873239436619718,0.014084507042253521,7.873239436619718,0.15492957746478872,0.0,18,20,4,0,0,0,0.2535,0.2817,0.0563,0.0,0.0,60.1,39.9,Aggressive
Cup World (cat.15),Reykjavik (Iceland),1988.??.??,Tal Mikhail (LAT),Portisch Lajos (HUN),1-0,C65,79,0.0,0.5569620253164557,0.08860759493670886,3.607594936708861,1.0886075949367089,0.5569620253164557,2.8860759493670884,9.987341772151899,7.531645569620253,13.333639461804017,10.443037974683545,0.02531645569620253,10.443037974683545,0.26582278481012656,0.06329113924050633,20,14,6,0,0,0,0.2532,0.1772,0.0759,0.0,0.0,56.75,43.25,Aggressive
Cup World (cat.15),Reykjavik (Iceland),1988.??.??,Tal Mikhail (LAT),Speelman Jonathan S (ENG),1-0,A43,67,0.0,0.6119402985074627,0.0,4.731343283582089,1.4776119402985075,0.582089552238806,3.2388059701492535,10.477611940298507,9.895522388059701,13.879478316045477,11.0,0.0,11.0,0.014925373134328358,0.04477611940298507,8,14,2,0,0,0,0.1194,0.209,0.0299,0.0,0.0,43.02,56.98,Positional
Cup World (cat.15),Reykjavik (Iceland),1988.??.??,Tal Mikhail (LAT),Timman Jan H (NED),1-0,D32,39,0.0,0.20512820512820512,0.4358974358974359,2.41025641025641,0.358974358974359,0.20512820512820512,2.948717948717949,9.615384615384615,7.384615384615385,13.444945652637958,10.717948717948717,0.02564102564102564,10.717948717948717,0.1282051282051282,0.10256410256410256,18,10,6,0,0,0,0.4615,0.2564,0.1538,0.0,0.0,52.17,47.83,Aggressive
Ch World (blitz),Saint John (Canada),1988.??.??,Tal Mikhail (LAT),Chernin Alexander (HUN),1-0,B09,75,0.0,0.3466666666666667,0.0,2.013333333333333,0.7333333333333333,0.3466666666666667,2.8133333333333335,11.106666666666667,7.453333333333333,14.083080475080479,11.24,0.0,11.24,0.0,0.06666666666666667,24,12,4,0,0,0,0.32,0.16,0.0533,0.0,0.0,55.0,45.0,Aggressive
Ch World (blitz),Saint John (Canada),1988.??.??,Tal Mikhail (LAT),Chernin Alexander (HUN),1-0,C10,57,0.0,0.42105263157894735,0.10526315789473684,2.263157894736842,0.38596491228070173,0.42105263157894735,3.0,10.789473684210526,8.070175438596491,15.1023643023643,12.12280701754386,0.0,12.12280701754386,0.05263157894736842,0.017543859649122806,14,8,4,0,0,2,0.2456,0.1404,0.0702,0.0,0.0,44.45,55.55,Positional
Ch World (blitz),Saint John (Canada),1988.??.??,Tal Mikhail (LAT),Gurevich Dmitry (USA),1-0,A34,97,0.0,0.7835051546391752,0.30927835051546393,1.9690721649484537,0.7731958762886598,0.7010309278350515,2.597938144329897,9.896907216494846,8.45360824742268,12.206255714503142,9.412371134020619,0.05154639175257732,9.412371134020619,0.041237113402061855,0.061855670103092786,18,18,8,0,0,4,0.1856,0.1856,0.0825,0.0,0.0,59.32,40.68,Aggressive
Ch World (blitz),Saint John (Canada),1988.??.??,Tal Mikhail (LAT),Jussupow Artur (GER),1-0,B30,111,0.0,0.6486486486486487,0.22522522522522523,1.4414414414414414,3.027027027027027,0.43243243243243246,2.5315315315315314,8.882882882882884,8.513513513513514,10.369408919408924,7.486486486486487,0.036036036036036036,7.486486486486487,0.2882882882882883,0.0,32,22,6,0,0,4,0.2883,0.1982,0.0541,0.0,0.0,69.59,30.41,Aggressive
Ch World (blitz),Saint John (Canada),1988.??.??,Tal Mikhail (LAT),Jussupow Artur (GER),1-0,C43,77,0.0,0.5844155844155844,0.11688311688311688,0.38961038961038963,1.3636363636363635,0.5844155844155844,1.8571428571428572,8.194805194805195,8.662337662337663,9.665768358625504,6.363636363636363,0.07792207792207792,6.363636363636363,0.23376623376623376,0.03896103896103896,20,30,10,0,0,4,0.2597,0.3896,0.1299,0.0,0.0,69.1,30.9,Aggressive
Ch World (blitz),Saint John (Canada),1988.??.??,Tal Mikhail (LAT),Nogueiras Jesus (CUB),1-0,E43,87,0.0,0.9195402298850575,0.5172413793103449,0.1839080459770115,1.206896551724138,0.4827586206896552,2.8045977011494254,8.931034482758621,5.655172413793103,10.399841410186243,7.977011494252873,0.022988505747126436,7.977011494252873,0.16091954022988506,0.0,28,12,6,0,0,2,0.3218,0.1379,0.069,0.0,0.0,64.99,35.01,Aggressive
Ch World (blitz),Saint John (Canada),1988.??.??,Tal Mikhail (LAT),Vaganian Rafael A (ARM),1-0,C16,94,0.0,0.9042553191489362,0.02127659574468085,4.117021276595745,2.723404255319149,0.8936170212765957,2.851063829787234,10.914893617021276,10.840425531914894,12.97656247416886,10.095744680851064,0.0,10.095744680851064,0.4574468085106383,0.031914893617021274,14,14,2,0,0,0,0.1489,0.1489,0.0213,0.0,0.0,49.71,50.29,Positional
Ch World (blitz),Saint John (Canada),1988.??.??,Tal Mikhail (LAT),Vaganian Rafael A (ARM),1-0,A13,71,0.0,0.352112676056338,0.11267605633802817,2.4507042253521125,2.084507042253521,0.352112676056338,2.9577464788732395,9.76056338028169,7.873239436619718,12.465342990342988,9.71830985915493,0.014084507042253521,9.71830985915493,0.2535211267605634,0.0,24,16,6,0,0,2,0.338,0.2254,0.0845,0.0,0.0,60.84,39.16,Aggressive
It,Marseilles (France),1989.??.??,Kouatly Bachar (FRA),Tal Mikhail (LAT),1/2-1/2,B06,25,0.0,0.28,0.12,0.56,0.32,0.28,2.64,9.16,5.36,14.520776556776552,12.24,0.0,12.24,0.08,0.04,10,6,2,0,0,2,0.4,0.24,0.08,0.0,0.0,37.22,62.78,Positional
It (active),Oslo (Norway),1989.??.??,Beliavsky Alexander G (SLO),Tal Mikhail (LAT),1/2-1/2,E52,98,0.0,0.7448979591836735,0.19387755102040816,1.989795918367347,2.489795918367347,0.7346938775510204,3.13265306122449,11.040816326530612,8.83673469387755,13.599265162275369,10.224489795918368,0.19387755102040816,10.224489795918368,0.6938775510204082,0.2755102040816326,16,10,4,0,0,2,0.1633,0.102,0.0408,0.0,0.0,49.88,50.12,Positional
It (active),Oslo (Norway),1989.??.??,Smyslov Vassily (RUS),Tal Mikhail (LAT),1/2-1/2,D40,45,0.0,0.3333333333333333,0.044444444444444446,1.288888888888889,0.8222222222222222,0.3333333333333333,2.977777777777778,10.488888888888889,7.177777777777778,14.701206077872747,11.933333333333334,0.0,11.933333333333334,0.6,0.17777777777777778,18,10,0,0,0,0,0.4,0.2222,0.0,0.0,0.0,45.74,54.26,Positional
Cup World,Skelleftea (Sweden),1989.??.??,Andersson Ulf (SWE),Tal Mikhail (LAT),1/2-1/2,E02,160,0.0,1.3,1.11875,0.41875,0.08125,0.8375,2.46875,8.7875,7.25,8.129357309357303,5.78125,0.00625,5.78125,0.09375,0.0625,36,24,6,0,0,2,0.225,0.15,0.0375,0.0,0.0,73.82,26.18,Aggressive
Cup World,Skelleftea (Sweden),1989.??.??,Ehlvest Jaan (EST),Tal Mikhail (LAT),1/2-1/2,B86,49,0.0,0.1836734693877551,0.22448979591836735,1.510204081632653,0.42857142857142855,0.1836734693877551,2.5714285714285716,9.938775510204081,6.755102040816326,13.147216728849383,10.46938775510204,0.0,10.46938775510204,0.24489795918367346,0.0,16,10,2,0,0,2,0.3265,0.2041,0.0408,0.0,0.0,48.41,51.59,Positional
Cup World,Skelleftea (Sweden),1989.??.??,Kasparov Garry (RUS),Tal Mikhail (LAT),1/2-1/2,D35,120,0.0,0.7416666666666667,0.016666666666666666,5.541666666666667,0.4083333333333333,0.5416666666666666,2.3833333333333333,9.125,10.55,11.16575519388019,7.858333333333333,0.008333333333333333,7.858333333333333,0.225,0.15,28,18,2,0,0,2,0.2333,0.15,0.0167,0.0,0.0,64.09,35.91,Aggressive
Cup World,Skelleftea (Sweden),1989.??.??,Nunn John D M (ENG),Tal Mikhail (LAT),1/2-1/2,B17,29,0.0,0.4482758620689655,0.0,0.9310344827586207,0.0,0.4482758620689655,2.4827586206896552,9.379310344827585,6.275862068965517,14.249779530814012,11.793103448275861,0.0,11.793103448275861,0.0,0.0,12,6,4,0,0,0,0.4138,0.2069,0.1379,0.0,0.0,41.24,58.76,Positional
Cup World,Skelleftea (Sweden),1989.??.??,Portisch Lajos (HUN),Tal Mikhail (LAT),1/2-1/2,E33,36,0.0,0.05555555555555555,0.0,0.4722222222222222,0.16666666666666666,0.05555555555555555,3.2222222222222223,10.055555555555555,6.222222222222222,14.419948107448107,12.222222222222221,0.08333333333333333,12.222222222222221,0.027777777777777776,0.05555555555555555,10,6,0,0,0,0,0.2778,0.1667,0.0,0.0,0.0,31.95,68.05,Positional
Cup World,Skelleftea (Sweden),1989.??.??,Salov Valery (RUS),Tal Mikhail (LAT),1/2-1/2,E90,81,0.0,0.30864197530864196,0.48148148148148145,0.9506172839506173,2.580246913580247,0.2839506172839506,1.8888888888888888,8.25925925925926,7.283950617283951,10.748664161627124,7.765432098765432,0.06172839506172839,7.765432098765432,0.2222222222222222,0.0,24,32,6,0,0,4,0.2963,0.3951,0.0741,0.0,0.0,69.32,30.68,Aggressive
Cup World,Skelleftea (Sweden),1989.??.??,Sax Gyula (HUN),Tal Mikhail (LAT),1/2-1/2,C92,57,0.0,0.7017543859649122,0.0,1.368421052631579,0.08771929824561403,0.6666666666666666,3.1403508771929824,10.403508771929825,8.0,15.527518680150255,13.333333333333334,0.12280701754385964,13.333333333333334,0.0,0.0,10,6,2,0,0,0,0.1754,0.1053,0.0351,0.0,0.0,34.62,65.38,Positional
It \,Brussels (Belgium),1988.??.??,Tal Mikhail (LAT),Karpov Anatoly (RUS),1/2-1/2,C85,28,0.0,0.0,0.03571428571428571,1.1785714285714286,0.10714285714285714,0.0,2.857142857142857,9.607142857142858,6.142857142857143,14.378218210361068,12.214285714285714,0.0,12.214285714285714,0.07142857142857142,0.03571428571428571,8,4,4,0,0,0,0.2857,0.1429,0.1429,0.0,0.0,33.05,66.95,Positional
It \,Brussels (Belgium),1988.??.??,Tal Mikhail (LAT),Korchnoi Viktor (SUI),1/2-1/2,C07,41,0.0,0.34146341463414637,0.0975609756097561,2.5121951219512195,0.34146341463414637,0.34146341463414637,2.658536585365854,9.926829268292684,7.365853658536586,13.44124012843525,10.682926829268293,0.0,10.682926829268293,0.14634146341463414,0.2926829268292683,24,10,8,0,0,4,0.5854,0.2439,0.1951,0.0,0.0,58.71,41.29,Aggressive
It \,Brussels (Belgium),1988.??.??,Tal Mikhail (LAT),Portisch Lajos (HUN),1/2-1/2,C67,54,0.0,0.4444444444444444,0.0,3.259259259259259,0.9629629629629629,0.4444444444444444,2.6481481481481484,9.444444444444445,7.648148148148148,12.99999753333087,10.148148148148149,0.0,10.148148148148149,0.2962962962962963,0.07407407407407407,24,16,4,0,0,2,0.4444,0.2963,0.0741,0.0,0.0,59.85,40.15,Aggressive
It \,Brussels (Belgium),1988.??.??,Tal Mikhail (LAT),Salov Valery (RUS),1/2-1/2,A30,36,0.0,0.2222222222222222,0.0,1.1944444444444444,0.08333333333333333,0.2222222222222222,2.5555555555555554,8.833333333333334,4.277777777777778,14.644695273861942,12.5,0.0,12.5,0.05555555555555555,0.05555555555555555,14,10,4,0,0,2,0.3889,0.2778,0.1111,0.0,0.0,47.34,52.66,Positional
It \,Brussels (Belgium),1988.??.??,Tal Mikhail (LAT),Speelman Jonathan S (ENG),1/2-1/2,D94,27,0.0,0.18518518518518517,0.0,0.8148148148148148,0.037037037037037035,0.18518518518518517,2.888888888888889,9.407407407407407,4.925925925925926,15.636209469542802,13.407407407407407,0.0,13.407407407407407,0.0,0.0,4,4,0,0,0,0,0.1481,0.1481,0.0,0.0,0.0,19.49,80.51,Positional
It \,Brussels (Belgium),1988.??.??,Tal Mikhail (LAT),Timman Jan H (NED),0-1,B63,121,0.0,0.7272727272727273,0.2231404958677686,5.1652892561983474,2.652892561983471,0.7272727272727273,2.7107438016528924,10.603305785123966,12.520661157024794,12.079762936787729,8.49586776859504,0.21487603305785125,8.49586776859504,0.06611570247933884,0.1652892561983471,16,26,4,0,0,0,0.1322,0.2149,0.0331,0.0,0.0,58.41,41.59,Aggressive
It \,Brussels (Belgium),1988.??.??,Tal Mikhail (LAT),Vaganian Rafael A (ARM),1/2-1/2,A14,37,0.0,0.16216216216216217,0.0,1.0810810810810811,0.4864864864864865,0.16216216216216217,3.189189189189189,9.45945945945946,5.162162162162162,15.412034812034815,13.0,0.0,13.0,0.16216216216216217,0.0,18,10,2,0,0,0,0.4865,0.2703,0.0541,0.0,0.0,47.08,52.92,Positional
It \,Brussels (Belgium),1988.??.??,Tal Mikhail (LAT),Winants Luc (BEL),1/2-1/2,C65,27,0.0,0.07407407407407407,0.0,0.4444444444444444,0.0,0.07407407407407407,3.074074074074074,10.703703703703704,7.592592592592593,14.994708994708995,12.777777777777779,0.0,12.777777777777779,0.0,0.0,2,2,0,0,0,0,0.0741,0.0741,0.0,0.0,0.0,10.29,89.71,Positional
It (open),Chicago (USA),1988.??.??,Tal Mikhail (LAT),Rizzitano James (USA),1/2-1/2,B93,77,0.0,0.2727272727272727,0.2597402597402597,1.051948051948052,0.974025974025974,0.2727272727272727,2.6493506493506493,10.584415584415584,6.8311688311688314,13.876986001011979,10.792207792207792,0.0,10.792207792207792,0.09090909090909091,0.0,22,12,4,0,0,2,0.2857,0.1558,0.0519,0.0,0.0,54.72,45.28,Aggressive
Match,Hilversum (Netherlands),1988.??.??,Tal Mikhail (LAT),Timman Jan H (NED),1/2-1/2,D12,60,0.0,0.4666666666666667,0.18333333333333332,0.5166666666666667,0.7833333333333333,0.36666666666666664,2.5,8.55,6.166666666666667,11.333751711251706,8.683333333333334,0.13333333333333333,8.683333333333334,0.1,0.016666666666666666,30,12,14,0,0,4,0.5,0.2,0.2333,0.0,0.0,68.1,31.9,Aggressive
Ch World (blitz),Saint John (Canada),1988.??.??,Tal Mikhail (LAT),Gurevich Dmitry (USA),0-1,B63,72,0.0,0.4166666666666667,0.0,1.9027777777777777,1.7777777777777777,0.4166666666666667,2.9166666666666665,9.708333333333334,7.361111111111111,13.150983738483738,10.208333333333334,0.0,10.208333333333334,0.06944444444444445,0.0,20,16,4,0,0,2,0.2778,0.2222,0.0556,0.0,0.0,56.77,43.23,Aggressive
It (open),Saint John (Canada),1988.??.??,Tal Mikhail (LAT),Ivanovic Bozidar (SCG),1-0,A34,63,0.0,0.38095238095238093,0.49206349206349204,0.8412698412698413,0.5714285714285714,0.38095238095238093,2.8095238095238093,9.428571428571429,7.222222222222222,12.797296046105572,9.936507936507937,0.0,9.936507936507937,0.015873015873015872,0.015873015873015872,22,10,4,2,2,2,0.3492,0.1587,0.0635,0.0317,0.0317,56.88,43.12,Aggressive
Cup URS (active),Tallinn (Estonia),1988.??.??,Tal Mikhail (LAT),Dorfman Josif D (FRA),1-0,B30,67,0.0,0.40298507462686567,0.34328358208955223,1.0149253731343284,0.8805970149253731,0.26865671641791045,2.9402985074626864,9.044776119402986,5.388059701492537,11.868620848471597,9.074626865671641,0.0,9.074626865671641,0.11940298507462686,0.0,22,12,2,0,0,0,0.3284,0.1791,0.0299,0.0,0.0,56.84,43.16,Aggressive
Cup URS (active),Tallinn (Estonia),1988.??.??,Tal Mikhail (LAT),Petrosian Arshak B (ARM),1-0,C87,88,0.0,0.18181818181818182,0.045454545454545456,0.8863636363636364,0.7613636363636364,0.18181818181818182,3.2954545454545454,11.272727272727273,8.5,15.306053416280696,12.920454545454545,0.07954545454545454,12.920454545454545,0.19318181818181818,0.0,22,4,0,0,0,0,0.25,0.0455,0.0,0.0,0.0,43.61,56.39,Positional
Cup URS (active),Tallinn (Estonia),1988.??.??,Tal Mikhail (LAT),Sveshnikov Evgeny (LAT),1-0,D40,41,0.0,0.2682926829268293,0.0,1.1219512195121952,0.4634146341463415,0.2682926829268293,3.4146341463414633,10.682926829268293,7.536585365853658,15.215480048406878,12.585365853658537,0.0,12.585365853658537,0.07317073170731707,0.0,8,4,0,0,0,0,0.1951,0.0976,0.0,0.0,0.0,27.16,72.84,Positional
Cup URS (active),Tallinn (Estonia),1988.??.??,Tal Mikhail (LAT),Tsarev V (RUS),1-0,B93,61,0.0,0.6229508196721312,0.13114754098360656,2.8524590163934427,1.2459016393442623,0.6229508196721312,3.0327868852459017,10.950819672131148,8.40983606557377,14.268755151951867,11.295081967213115,0.0,11.295081967213115,0.18032786885245902,0.09836065573770492,18,12,2,0,0,0,0.2951,0.1967,0.0328,0.0,0.0,49.79,50.21,Positional
Cup URS (active),Tallinn (Estonia),1988.??.??,Tal Mikhail (LAT),Vaisser Anatoly (FRA),0-1,A90,98,0.0,0.3469387755102041,0.2653061224489796,1.7244897959183674,2.2346938775510203,0.24489795918367346,2.9693877551020407,10.244897959183673,7.744897959183674,12.606930795961407,9.673469387755102,0.030612244897959183,9.673469387755102,0.1836734693877551,0.07142857142857142,28,18,6,0,0,2,0.2857,0.1837,0.0612,0.0,0.0,63.02,36.98,Aggressive
Cup URS (active),Tallinn (Estonia),1988.??.??,Tal Mikhail (LAT),Veingold Aleksandr (EST),0-1,C42,68,0.0,0.3088235294117647,0.36764705882352944,1.5147058823529411,0.5588235294117647,0.3088235294117647,3.2794117647058822,10.661764705882353,8.397058823529411,14.938261493408552,12.735294117647058,0.029411764705882353,12.735294117647058,0.29411764705882354,0.058823529411764705,14,8,2,0,0,2,0.2059,0.1176,0.0294,0.0,0.0,41.59,58.41,Positional
It (cat.11),Tbilisi (Georgia),1988.??.??,Tal Mikhail (LAT),Conquest Stuart (ENG),0-1,C92,80,0.0,0.2,0.0,1.7125,0.35,0.2,3.3,11.05,7.85,15.331762196137191,12.7125,0.0625,12.7125,0.1375,0.1125,16,6,2,0,0,0,0.2,0.075,0.025,0.0,0.0,41.35,58.65,Positional
It (cat.11),Tbilisi (Georgia),1988.??.??,Tal Mikhail (LAT),Sznapik Aleksander (POL),1-0,C09,55,0.0,0.509090909090909,0.21818181818181817,1.7272727272727273,1.2545454545454546,0.509090909090909,2.3454545454545452,9.309090909090909,7.818181818181818,12.584381123926578,9.636363636363637,0.0,9.636363636363637,0.12727272727272726,0.0,22,18,8,0,0,2,0.4,0.3273,0.1455,0.0,0.0,61.43,38.57,Aggressive
It (cat.11),Tbilisi (Georgia),1988.??.??,Tal Mikhail (LAT),Zaichik Gennadi (USA),1-0,B82,109,0.0,1.0,0.44036697247706424,2.834862385321101,0.3486238532110092,0.7798165137614679,2.871559633027523,9.899082568807339,10.385321100917432,10.326009591835277,7.477064220183486,0.07339449541284404,7.477064220183486,0.11926605504587157,0.22018348623853212,20,26,6,0,0,0,0.1835,0.2385,0.055,0.0,0.0,62.89,37.11,Aggressive
It (cat.13),Wijk aan Zee (Netherlands),1988.??.??,Tal Mikhail (LAT),Ljubojevic Ljubomir (SCG),0-1,D36,84,0.0,0.6190476190476191,0.0,2.7857142857142856,0.8571428571428571,0.6190476190476191,2.892857142857143,10.392857142857142,7.892857142857143,12.279512650048364,8.964285714285714,0.2619047619047619,8.964285714285714,0.20238095238095238,0.21428571428571427,22,10,10,0,0,6,0.2619,0.119,0.119,0.0,0.0,60.56,39.44,Aggressive
Blitz,?,1988.??.??,Tal Mikhail (LAT),Spassky Boris V (FRA),1-0,B09,111,0.0,0.9459459459459459,0.6576576576576577,2.5855855855855854,2.864864864864865,0.8108108108108109,2.684684684684685,9.504504504504505,9.63963963963964,10.53485783485783,7.153153153153153,0.009009009009009009,7.153153153153153,0.2972972972972973,0.07207207207207207,22,20,2,0,0,2,0.1982,0.1802,0.018,0.0,0.0,62.27,37.73,Aggressive
Brussels World Cup,Brussels BEL,1988.04.12,Mikhail Tal,Jan Timman,0-1,B63,120,0.0,0.725,0.225,5.091666666666667,2.625,0.725,2.725,10.625,12.475,12.142927627927627,8.533333333333333,0.21666666666666667,8.533333333333333,0.06666666666666667,0.16666666666666666,16,26,4,0,0,0,0.1333,0.2167,0.0333,0.0,0.0,58.32,41.68,Aggressive
Simul,"Chicago, IL USA",1988.03.16,Mikhail Tal,Frederick Rhine,1-0,B14,113,0.0,1.0973451327433628,0.168141592920354,3.4601769911504423,1.336283185840708,1.0176991150442478,2.5132743362831858,9.47787610619469,8.176991150442477,10.754515101417761,7.353982300884955,0.0,7.353982300884955,0.061946902654867256,0.26548672566371684,18,14,0,0,0,0,0.1593,0.1239,0.0,0.0,0.0,56.39,43.61,Aggressive
Simultan,Habana (Cuba),1937.??.??,Capablanca Jose Raul (CUB),Corzo Jorge,1/2-1/2,E16,102,0.0,0.8235294117647058,0.3235294117647059,0.7941176470588235,1.5588235294117647,0.4215686274509804,2.6666666666666665,8.911764705882353,5.607843137254902,10.541135308047073,7.882352941176471,0.0,7.882352941176471,0.11764705882352941,0.0,34,20,0,0,0,0,0.3333,0.1961,0.0,0.0,0.0,67.93,32.07,Aggressive
It,Semmering (Austria),1937.??.??,Capablanca Jose Raul (CUB),Eliskases Erich G (AUT),1/2-1/2,D63,98,0.0,0.5306122448979592,0.0,5.061224489795919,0.17346938775510204,0.40816326530612246,2.979591836734694,10.26530612244898,9.081632653061224,11.671023902401448,9.071428571428571,0.02040816326530612,9.071428571428571,0.061224489795918366,0.21428571428571427,24,18,4,0,0,0,0.2449,0.1837,0.0408,0.0,0.0,60.76,39.24,Aggressive
It,Semmering (Austria),1937.??.??,Capablanca Jose Raul (CUB),Fine Reuben (USA),1/2-1/2,D19,148,0.0,0.7027027027027027,0.20945945945945946,0.5540540540540541,3.310810810810811,0.5337837837837838,2.364864864864865,8.41891891891892,8.736486486486486,9.991001378501371,6.331081081081081,0.05405405405405406,6.331081081081081,0.3581081081081081,0.0,30,30,6,0,0,2,0.2027,0.2027,0.0405,0.0,0.0,71.39,28.61,Aggressive
It,Semmering (Austria),1937.??.??,Capablanca Jose Raul (CUB),Flohr Salomon M (CZE),1-0,D93,65,0.0,0.06153846153846154,0.0,0.46153846153846156,0.12307692307692308,0.06153846153846154,2.923076923076923,9.907692307692308,6.938461538461539,14.803781603012373,12.246153846153845,0.2,12.246153846153845,0.015384615384615385,0.0,16,8,6,0,0,2,0.2462,0.1231,0.0923,0.0,0.0,46.8,53.2,Positional
It,Semmering (Austria),1937.??.??,Capablanca Jose Raul (CUB),Keres Paul (EST),1/2-1/2,D18,42,0.0,0.2619047619047619,0.0,1.9285714285714286,0.14285714285714285,0.2619047619047619,2.9761904761904763,10.357142857142858,7.0,14.399899703471135,11.571428571428571,0.07142857142857142,11.571428571428571,0.0,0.09523809523809523,18,12,0,0,0,0,0.4286,0.2857,0.0,0.0,0.0,47.48,52.52,Positional
It,Semmering (Austria),1937.??.??,Capablanca Jose Raul (CUB),Petrov Vladimir M (LAT),1/2-1/2,E34,70,0.0,0.5142857142857142,0.34285714285714286,1.0142857142857142,0.7142857142857143,0.35714285714285715,2.5,8.814285714285715,5.5,9.45797845012131,6.957142857142857,0.014285714285714285,6.957142857142857,0.2571428571428571,0.1,32,16,6,0,0,2,0.4571,0.2286,0.0857,0.0,0.0,69.67,30.33,Aggressive
It,Semmering (Austria),1937.??.??,Capablanca Jose Raul (CUB),Ragozin Viacheslav V (RUS),1/2-1/2,D64,83,0.0,0.7831325301204819,0.4819277108433735,2.1204819277108435,1.3975903614457832,0.6144578313253012,2.7349397590361444,10.36144578313253,8.602409638554217,13.186762601521636,10.590361445783133,0.20481927710843373,10.590361445783133,0.25301204819277107,0.08433734939759036,20,14,6,0,0,2,0.241,0.1687,0.0723,0.0,0.0,56.05,43.95,Aggressive
It,Semmering (Austria),1937.??.??,Capablanca Jose Raul (CUB),Reshevsky Samuel H (USA),1/2-1/2,A28,102,0.0,0.5490196078431373,0.30392156862745096,0.22549019607843138,2.2058823529411766,0.3235294117647059,2.4313725490196076,8.42156862745098,7.411764705882353,10.721398808163517,7.676470588235294,0.1568627450980392,7.676470588235294,0.3137254901960784,0.00980392156862745,34,20,10,0,0,2,0.3333,0.1961,0.098,0.0,0.0,70.68,29.32,Aggressive
"It \""AVRO\""",Amsterdam (Netherlands),1938.??.??,Alekhine Alexander A (RUS),Capablanca Jose Raul (CUB),1-0,C06,70,0.0,0.6714285714285714,0.0,0.8142857142857143,0.34285714285714286,0.44285714285714284,2.757142857142857,10.842857142857143,9.071428571428571,14.816808905380334,12.4,0.15714285714285714,12.4,0.07142857142857142,0.0,10,4,0,0,0,0,0.1429,0.0571,0.0,0.0,0.0,30.4,69.6,Positional
"It \""AVRO\""",Amsterdam (Netherlands),1938.??.??,Botvinnik Mikhail M (RUS),Capablanca Jose Raul (CUB),1-0,E49,81,0.0,0.5679012345679012,0.2962962962962963,4.530864197530864,0.37037037037037035,0.35802469135802467,2.802469135802469,9.45679012345679,9.333333333333334,11.903252474548768,9.567901234567902,0.2716049382716049,9.567901234567902,0.06172839506172839,0.12345679012345678,24,20,6,0,0,2,0.2963,0.2469,0.0741,0.0,0.0,62.37,37.63,Aggressive
"It \""AVRO\""",Amsterdam (Netherlands),1938.??.??,Euwe Max (NED),Capablanca Jose Raul (CUB),1-0,E18,77,0.0,0.45454545454545453,0.2077922077922078,0.3116883116883117,0.961038961038961,0.18181818181818182,2.2467532467532467,8.844155844155845,6.298701298701299,10.173670485358794,7.909090909090909,0.07792207792207792,7.909090909090909,0.0,0.0,34,20,6,0,0,2,0.4416,0.2597,0.0779,0.0,0.0,69.83,30.17,Aggressive
"It \""AVRO\""",Amsterdam (Netherlands),1938.??.??,Fine Reuben (USA),Capablanca Jose Raul (CUB),1/2-1/2,C17,87,0.0,0.8505747126436781,0.6551724137931034,4.344827586206897,0.5632183908045977,0.6781609195402298,2.413793103448276,9.620689655172415,8.35632183908046,10.089476551545514,7.252873563218391,0.034482758620689655,7.252873563218391,0.14942528735632185,0.19540229885057472,22,20,2,0,0,0,0.2529,0.2299,0.023,0.0,0.0,62.72,37.28,Aggressive
"It \""AVRO\""",Amsterdam (Netherlands),1938.??.??,Flohr Salomon M (CZE),Capablanca Jose Raul (CUB),1/2-1/2,D19,81,0.0,0.345679012345679,0.0,2.2839506172839505,1.0123456790123457,0.345679012345679,2.7037037037037037,10.037037037037036,7.666666666666667,14.050506181061742,11.037037037037036,0.08641975308641975,11.037037037037036,0.037037037037037035,0.024691358024691357,26,14,6,0,0,2,0.321,0.1728,0.0741,0.0,0.0,59.26,40.74,Aggressive
"It \""AVRO\""",Amsterdam (Netherlands),1938.??.??,Keres Paul (EST),Capablanca Jose Raul (CUB),1-0,C09,75,0.0,0.84,0.36,1.4,1.6266666666666667,0.8266666666666667,2.7066666666666666,9.986666666666666,7.786666666666667,12.487046250046252,9.2,0.0,9.2,0.2,0.02666666666666667,24,16,6,0,0,4,0.32,0.2133,0.08,0.0,0.0,61.5,38.5,Aggressive
"It \""AVRO\""",Amsterdam (Netherlands),1938.??.??,Reshevsky Samuel H (USA),Capablanca Jose Raul (CUB),1/2-1/2,E37,112,0.0,1.1696428571428572,1.1964285714285714,0.3482142857142857,3.2857142857142856,1.0,2.2857142857142856,8.169642857142858,8.419642857142858,8.89013389883926,5.544642857142857,0.05357142857142857,5.544642857142857,0.4017857142857143,0.008928571428571428,32,22,4,0,0,4,0.2857,0.1964,0.0357,0.0,0.0,71.82,28.18,Aggressive
It,Baden-Baden (Germany),1938.??.??,Zukerman I,Capablanca Jose Raul (CUB),0-1,A46,182,0.0,1.1593406593406594,0.7252747252747253,1.10989010989011,3.2637362637362637,0.9505494505494505,2.5,9.280219780219781,10.840659340659341,10.379743226858617,6.472527472527473,0.25274725274725274,6.472527472527473,0.5989010989010989,0.11538461538461539,30,22,8,0,0,2,0.1648,0.1209,0.044,0.0,0.0,68.55,31.45,Aggressive
Simultan,Habana (Cuba),1938.??.??,Capablanca Jose Raul (CUB),Gelabert J A,1/2-1/2,D93,70,0.0,0.2,0.0,5.4,0.5857142857142857,0.2,3.0714285714285716,10.1,9.528571428571428,13.551497708640563,10.342857142857143,0.0,10.342857142857143,0.15714285714285714,0.24285714285714285,26,12,2,0,0,0,0.3714,0.1714,0.0286,0.0,0.0,56.93,43.07,Aggressive
,Habana (Cuba),1938.??.??,Capablanca Jose Raul (CUB),Corzo Jorge,1/2-1/2,E11,106,0.0,1.2169811320754718,0.4528301886792453,0.7735849056603774,0.3867924528301887,0.6886792452830188,3.1226415094339623,9.839622641509434,6.7924528301886795,10.43004969349309,8.226415094339623,0.11320754716981132,8.226415094339623,0.1792452830188679,0.009433962264150943,34,16,2,0,0,2,0.3208,0.1509,0.0189,0.0,0.0,66.18,33.82,Aggressive
,Paris (France),1938.??.??,Capablanca Jose Raul (CUB),Zukerman I,1/2-1/2,D70,39,0.0,0.2564102564102564,0.0,1.6923076923076923,0.5384615384615384,0.2564102564102564,2.4871794871794872,9.871794871794872,7.256410256410256,14.832932879086721,12.435897435897436,0.23076923076923078,12.435897435897436,0.1794871794871795,0.10256410256410256,12,6,2,0,0,0,0.3077,0.1538,0.0513,0.0,0.0,38.53,61.47,Positional
,Paris (France),1938.??.??,Romi Massimiliano,Capablanca Jose Raul (CUB),1/2-1/2,A47,101,0.0,0.6039603960396039,0.48514851485148514,3.396039603960396,1.3465346534653466,0.5742574257425742,3.089108910891089,10.465346534653465,8.316831683168317,12.175312146599271,8.970297029702971,0.0594059405940594,8.970297029702971,0.18811881188118812,0.04950495049504951,34,22,2,0,0,0,0.3366,0.2178,0.0198,0.0,0.0,65.81,34.19,Aggressive
,Paris (France),1938.??.??,Rossolimo Nicholas (RUS),Capablanca Jose Raul (CUB),1/2-1/2,C50,32,0.0,0.4375,0.0,0.4375,0.0,0.4375,3.15625,10.46875,7.625,15.742027243589746,13.375,0.0625,13.375,0.0,0.0,10,6,2,0,0,0,0.3125,0.1875,0.0625,0.0,0.0,33.05,66.95,Positional
Simultan,Santiago (Cuba),1938.??.??,Capablanca Jose Raul (CUB),Circulo Militar,1/2-1/2,A14,86,0.0,0.43023255813953487,0.0,6.244186046511628,0.47674418604651164,0.4069767441860465,2.6511627906976742,9.569767441860465,10.081395348837209,12.215516912028539,9.337209302325581,0.011627906976744186,9.337209302325581,0.11627906976744186,0.09302325581395349,32,16,6,0,0,0,0.3721,0.186,0.0698,0.0,0.0,64.97,35.03,Aggressive
AVRO,The Netherlands,1938.11.19,Alexander Alekhine,Jose Raul Capablanca,1-0,C05,69,0.0,0.6521739130434783,0.0,0.8115942028985508,0.34782608695652173,0.42028985507246375,2.7681159420289854,10.869565217391305,9.130434782608695,14.836551853943158,12.420289855072463,0.15942028985507245,12.420289855072463,0.07246376811594203,0.0,10,4,0,0,0,0,0.1449,0.058,0.0,0.0,0.0,30.3,69.7,Positional
Semmering/Baden,Semmering/Baden AUT,1937.09.10,Jose Raul Capablanca,Erich Eliskases,1/2-1/2,D55,98,0.0,0.5510204081632653,0.0,5.051020408163265,0.17346938775510204,0.40816326530612246,2.979591836734694,10.224489795918368,9.010204081632653,11.597894650700768,9.010204081632653,0.02040816326530612,9.010204081632653,0.061224489795918366,0.19387755102040816,24,20,4,0,0,0,0.2449,0.2041,0.0408,0.0,0.0,61.57,38.43,Aggressive
Semmering/Baden,Semmering/Baden AUT,1937.09.08,Jose Raul Capablanca,Reuben Fine,1/2-1/2,D19,148,0.0,0.668918918918919,0.20270270270270271,0.5540540540540541,2.939189189189189,0.5135135135135135,2.310810810810811,8.243243243243244,8.486486486486486,9.991001378501373,6.297297297297297,0.05405405405405406,6.297297297297297,0.33783783783783783,0.0,30,30,6,0,0,2,0.2027,0.2027,0.0405,0.0,0.0,71.58,28.42,Aggressive
Match,Sveti-Stefan/Belgrade (Yugoslavia),1992.??.??,Fischer Robert J (USA),Spassky Boris V (FRA),1-0,C95,99,0.0,0.7272727272727273,0.25252525252525254,1.9595959595959596,0.42424242424242425,0.6666666666666666,3.2626262626262625,11.222222222222221,9.222222222222221,14.310271854968827,11.8989898989899,0.0,11.8989898989899,0.1111111111111111,0.1919191919191919,22,16,2,0,0,0,0.2222,0.1616,0.0202,0.0,0.0,52.74,47.26,Aggressive
Match,Sveti-Stefan/Belgrade (Yugoslavia),1992.??.??,Fischer Robert J (USA),Spassky Boris V (FRA),1/2-1/2,C95,78,0.0,0.1794871794871795,0.16666666666666666,0.47435897435897434,1.064102564102564,0.1794871794871795,2.8205128205128207,10.487179487179487,7.461538461538462,13.91048147009686,11.115384615384615,0.0,11.115384615384615,0.46153846153846156,0.20512820512820512,26,12,4,0,0,2,0.3333,0.1538,0.0513,0.0,0.0,56.34,43.66,Aggressive
Match,Sveti-Stefan/Belgrade (Yugoslavia),1992.??.??,Fischer Robert J (USA),Spassky Boris V (FRA),0-1,C95,90,0.0,0.34444444444444444,0.0,3.4555555555555557,0.7444444444444445,0.34444444444444444,3.433333333333333,10.922222222222222,9.155555555555555,14.295843354176693,11.477777777777778,0.13333333333333333,11.477777777777778,0.1,0.03333333333333333,16,18,4,0,0,2,0.1778,0.2,0.0444,0.0,0.0,51.97,48.03,Aggressive
Match,Sveti-Stefan/Belgrade (Yugoslavia),1992.??.??,Fischer Robert J (USA),Spassky Boris V (FRA),1-0,C90,87,0.0,0.6206896551724138,0.5172413793103449,0.8160919540229885,0.26436781609195403,0.3793103448275862,2.9195402298850577,9.080459770114942,7.206896551724138,11.527180003904139,9.011494252873563,0.034482758620689655,9.011494252873563,0.05747126436781609,0.1839080459770115,30,24,10,0,0,4,0.3448,0.2759,0.1149,0.0,0.0,68.4,31.6,Aggressive
Match,Sveti-Stefan/Belgrade (Yugoslavia),1992.??.??,Fischer Robert J (USA),Spassky Boris V (FRA),1-0,C69,41,0.0,0.5853658536585366,0.2682926829268293,0.36585365853658536,0.7317073170731707,0.4146341463414634,2.3902439024390243,8.804878048780488,6.414634146341464,12.335700343017415,9.902439024390244,0.0,9.902439024390244,0.24390243902439024,0.07317073170731707,20,10,6,0,0,2,0.4878,0.2439,0.1463,0.0,0.0,56.1,43.9,Aggressive
Match,Sveti-Stefan/Belgrade (Yugoslavia),1992.??.??,Fischer Robert J (USA),Spassky Boris V (FRA),1-0,B31,81,0.0,0.7901234567901234,0.5802469135802469,0.4567901234567901,1.9506172839506173,0.6049382716049383,2.740740740740741,8.17283950617284,7.679012345679013,9.340477286773583,6.679012345679013,0.0,6.679012345679013,0.2345679012345679,0.06172839506172839,34,22,12,0,0,4,0.4198,0.2716,0.1481,0.0,0.0,73.38,26.62,Aggressive
Match,Sveti-Stefan/Belgrade (Yugoslavia),1992.??.??,Fischer Robert J (USA),Spassky Boris V (FRA),1/2-1/2,B31,90,0.0,0.7666666666666667,0.0,0.2777777777777778,0.6333333333333333,0.7666666666666667,2.911111111111111,9.966666666666667,6.466666666666667,13.14471953971954,10.466666666666667,0.24444444444444444,10.466666666666667,0.0,0.0,14,8,4,0,0,2,0.1556,0.0889,0.0444,0.0,0.0,46.83,53.17,Positional
Match,Sveti-Stefan/Belgrade (Yugoslavia),1992.??.??,Fischer Robert J (USA),Spassky Boris V (FRA),1/2-1/2,E07,66,0.0,0.6818181818181818,0.10606060606060606,2.6818181818181817,0.8636363636363636,0.45454545454545453,2.696969696969697,9.393939393939394,7.666666666666667,13.429436094208825,10.621212121212121,0.13636363636363635,10.621212121212121,0.13636363636363635,0.09090909090909091,24,16,6,0,0,0,0.3636,0.2424,0.0909,0.0,0.0,59.58,40.42,Aggressive
Match,Sveti-Stefan/Belgrade (Yugoslavia),1992.??.??,Fischer Robert J (USA),Spassky Boris V (FRA),1-0,B23,115,0.0,1.1391304347826088,0.45217391304347826,0.43478260869565216,4.017391304347826,0.6434782608695652,2.3391304347826085,8.843478260869565,10.243478260869566,9.986616668355799,6.982608695652174,0.034782608695652174,6.982608695652174,0.34782608695652173,0.017391304347826087,22,26,2,0,0,2,0.1913,0.2261,0.0174,0.0,0.0,64.36,35.64,Aggressive
Match,Sveti-Stefan/Belgrade (Yugoslavia),1992.??.??,Fischer Robert J (USA),Spassky Boris V (FRA),1/2-1/2,B23,168,0.0,0.9226190476190477,0.8630952380952381,5.714285714285714,0.42857142857142855,0.6011904761904762,2.505952380952381,8.345238095238095,9.648809523809524,9.654148794327366,5.684523809523809,0.07142857142857142,5.684523809523809,0.1130952380952381,0.42857142857142855,28,24,8,0,0,2,0.1667,0.1429,0.0476,0.0,0.0,70.98,29.02,Aggressive
Match,Sveti-Stefan/Belgrade (Yugoslavia),1992.??.??,Fischer Robert J (USA),Spassky Boris V (FRA),1-0,B44,133,0.0,0.556390977443609,0.21804511278195488,3.5789473684210527,1.7894736842105263,0.39097744360902253,2.5714285714285716,9.518796992481203,8.62406015037594,12.49274712338622,9.112781954887218,0.03759398496240601,9.112781954887218,0.2857142857142857,0.19548872180451127,32,18,6,0,0,2,0.2406,0.1353,0.0451,0.0,0.0,66.04,33.96,Aggressive
Match,Sveti-Stefan/Belgrade (Yugoslavia),1992.??.??,Fischer Robert J (USA),Spassky Boris V (FRA),1/2-1/2,B23,159,0.0,1.2955974842767295,1.1446540880503144,2.641509433962264,0.2830188679245283,0.9559748427672956,2.591194968553459,9.38993710691824,10.69811320754717,9.427831811794075,5.685534591194968,0.07547169811320754,5.685534591194968,0.18867924528301888,0.25157232704402516,30,32,6,0,0,2,0.1887,0.2013,0.0377,0.0,0.0,71.13,28.87,Aggressive
Match,Sveti-Stefan/Belgrade (Yugoslavia),1992.??.??,Fischer Robert J (USA),Spassky Boris V (FRA),1-0,B80,69,0.0,0.8260869565217391,0.15942028985507245,1.5072463768115942,1.3043478260869565,0.5797101449275363,2.782608695652174,9.72463768115942,8.46376811594203,13.863282611108698,11.072463768115941,0.0,11.072463768115941,0.2028985507246377,0.043478260869565216,16,8,0,0,0,0,0.2319,0.1159,0.0,0.0,0.0,44.56,55.44,Positional
Match,Sveti-Stefan/Belgrade (Yugoslavia),1992.??.??,Fischer Robert J (USA),Spassky Boris V (FRA),1/2-1/2,C69,92,0.0,1.608695652173913,0.42391304347826086,0.16304347826086957,0.34782608695652173,0.967391304347826,2.3369565217391304,8.967391304347826,7.0,9.614973160897078,7.554347826086956,0.08695652173913043,7.554347826086956,0.20652173913043478,0.03260869565217391,28,12,8,0,0,2,0.3043,0.1304,0.087,0.0,0.0,66.26,33.74,Aggressive
Match,Sveti-Stefan/Belgrade (Yugoslavia),1992.??.??,Fischer Robert J (USA),Spassky Boris V (FRA),1/2-1/2,C95,89,0.0,0.898876404494382,0.7415730337078652,1.0224719101123596,1.8426966292134832,0.7191011235955056,2.932584269662921,9.887640449438202,8.561797752808989,11.045792004499866,8.303370786516854,0.0,8.303370786516854,0.23595505617977527,0.10112359550561797,26,18,4,0,0,2,0.2921,0.2022,0.0449,0.0,0.0,62.74,37.26,Aggressive
Match,Sveti-Stefan/Belgrade (Yugoslavia),1992.??.??,Spassky Boris V (FRA),Fischer Robert J (USA),1-0,D27,99,0.0,1.2626262626262625,0.9292929292929293,0.08080808080808081,2.4545454545454546,1.0808080808080809,3.0303030303030303,10.565656565656566,8.06060606060606,10.955601497268164,8.080808080808081,0.0,8.080808080808081,0.8585858585858586,0.010101010101010102,16,20,4,0,0,2,0.1616,0.202,0.0404,0.0,0.0,57.5,42.5,Aggressive
Match,Sveti-Stefan/Belgrade (Yugoslavia),1992.??.??,Spassky Boris V (FRA),Fischer Robert J (USA),1-0,E83,107,0.0,0.9626168224299065,0.4205607476635514,0.2616822429906542,0.6261682242990654,0.4672897196261682,2.8317757009345796,10.476635514018692,8.925233644859814,12.294202422707093,10.158878504672897,0.34579439252336447,10.158878504672897,0.2336448598130841,0.06542056074766354,24,14,4,0,0,2,0.2243,0.1308,0.0374,0.0,0.0,56.83,43.17,Aggressive
Match,Sveti-Stefan/Belgrade YUG,1992.??.??,"Fischer, Robert J","Spassky, Boris V",1/2-1/2,C69,96,0.0,1.6770833333333333,0.40625,0.15625,0.3333333333333333,0.9791666666666666,2.3333333333333335,9.0,7.0625,9.569673353267108,7.510416666666667,0.10416666666666667,7.510416666666667,0.19791666666666666,0.03125,28,12,8,0,0,2,0.2917,0.125,0.0833,0.0,0.0,66.29,33.71,Aggressive
St Stefan/Belgrade m,Belgrade SRB,1992.??.??,"Fischer, Robert J","Spassky, Boris V",1/2-1/2,B23,168,0.0,0.9226190476190477,0.8690476190476191,5.714285714285714,0.42857142857142855,0.6011904761904762,2.505952380952381,8.345238095238095,9.648809523809524,9.65861308004165,5.690476190476191,0.07142857142857142,5.690476190476191,0.1130952380952381,0.42857142857142855,28,24,8,0,0,2,0.1667,0.1429,0.0476,0.0,0.0,70.97,29.03,Aggressive
Match,Sveti Stefan YUG,1992.??.??,"Fischer, Robert J","Spassky, Boris V",1-0,C95,99,0.0,0.7272727272727273,0.25252525252525254,1.9595959595959596,0.42424242424242425,0.6666666666666666,3.2626262626262625,11.222222222222221,9.222222222222221,14.338554683251655,11.929292929292929,0.0,11.929292929292929,0.1111111111111111,0.1919191919191919,22,16,2,0,0,0,0.2222,0.1616,0.0202,0.0,0.0,52.71,47.29,Aggressive
St Stefan/Belgrade m,Belgrade SRB,1992.??.??,"Fischer, Robert J","Spassky, Boris V",1-0,B23,115,0.0,1.1391304347826088,0.45217391304347826,0.3217391304347826,4.017391304347826,0.6434782608695652,2.3391304347826085,8.852173913043478,10.182608695652174,9.939177054829226,6.947826086956522,0.043478260869565216,6.947826086956522,0.34782608695652173,0.017391304347826087,22,26,2,0,0,2,0.1913,0.2261,0.0174,0.0,0.0,64.39,35.61,Aggressive
Fischer - Spassky,Sveti Stefan & Belgrade YUG,1992.09.05,Robert James Fischer,Boris Spassky,1/2-1/2,C95,78,0.0,0.1794871794871795,0.16666666666666666,0.47435897435897434,1.064102564102564,0.1794871794871795,2.8205128205128207,10.487179487179487,7.461538461538462,13.946378905994298,11.153846153846153,0.0,11.153846153846153,0.46153846153846156,0.20512820512820512,26,12,4,0,0,2,0.3333,0.1538,0.0513,0.0,0.0,56.3,43.7,Aggressive
Fischer - Spassky,Sveti Stefan & Belgrade YUG,1992.10.17,Robert James Fischer,Boris Spassky,1-0,B44,133,0.0,0.5488721804511278,0.21804511278195488,3.5789473684210527,1.7894736842105263,0.39097744360902253,2.56390977443609,9.518796992481203,8.61654135338346,12.502145619626821,9.1203007518797,0.03759398496240601,9.1203007518797,0.2857142857142857,0.19548872180451127,32,18,6,0,0,2,0.2406,0.1353,0.0451,0.0,0.0,66.03,33.97,Aggressive
Fischer - Spassky,Sveti Stefan & Belgrade YUG,1992.11.04,Robert James Fischer,Boris Spassky,1/2-1/2,C95,85,0.0,0.8117647058823529,0.6470588235294118,1.0705882352941176,1.7176470588235293,0.6823529411764706,2.9647058823529413,9.858823529411765,8.31764705882353,11.34382927529986,8.611764705882353,0.0,8.611764705882353,0.23529411764705882,0.10588235294117647,26,18,4,0,0,2,0.3059,0.2118,0.0471,0.0,0.0,62.41,37.59,Aggressive
Fischer - Spassky,Sveti Stefan & Belgrade YUG,1992.10.28,Robert James Fischer,Boris Spassky,1-0,B45,69,0.0,0.8260869565217391,0.15942028985507245,1.536231884057971,1.3043478260869565,0.5797101449275363,2.8115942028985508,9.753623188405797,8.44927536231884,13.87039096169531,11.072463768115941,0.0,11.072463768115941,0.2028985507246377,0.043478260869565216,16,8,0,0,0,0,0.2319,0.1159,0.0,0.0,0.0,44.56,55.44,Positional
Ch Germany (team) (South-west) 1975/76,Germany,1976.??.??,Fischer,Bernhardt,0-1,C27,74,0.0,0.5135135135135135,0.04054054054054054,3.5945945945945947,1.027027027027027,0.5135135135135135,2.8513513513513513,9.824324324324325,8.256756756756756,13.338241225741225,10.364864864864865,0.0,10.364864864864865,0.3108108108108108,0.20270270270270271,14,12,4,0,0,2,0.1892,0.1622,0.0541,0.0,0.0,50.48,49.52,Aggressive
Ch Germany (team) (South) 1975/76,Germany,1976.??.??,Fischer,Hunerkopf Heinz,0-1,B09,50,0.0,0.22,0.0,1.96,1.1,0.22,2.98,10.46,8.98,13.943280830280825,11.58,0.12,11.58,0.1,0.02,12,12,2,0,0,2,0.24,0.24,0.04,0.0,0.0,43.7,56.3,Positional
,Cambridge Springs (USA),1977.??.??,"Computer \""Greenblatt\""",Fischer Robert J (USA),0-1,B34,94,0.0,0.8617021276595744,0.8723404255319149,0.6276595744680851,0.7978723404255319,0.776595744680851,2.202127659574468,8.24468085106383,7.25531914893617,9.510967312829013,6.808510638297872,0.07446808510638298,6.808510638297872,0.20212765957446807,0.02127659574468085,26,18,6,0,0,2,0.2766,0.1915,0.0638,0.0,0.0,67.17,32.83,Aggressive
,Cambridge Springs (USA),1977.??.??,"Computer \""Greenblatt\""",Fischer Robert J (USA),0-1,B92,78,0.0,0.4358974358974359,0.44871794871794873,4.884615384615385,0.9871794871794872,0.4230769230769231,2.948717948717949,10.85897435897436,11.0,13.527550690050685,10.192307692307692,0.01282051282051282,10.192307692307692,0.19230769230769232,0.14102564102564102,22,16,6,2,2,0,0.2821,0.2051,0.0769,0.0256,0.0256,58.48,41.52,Aggressive
,Cambridge Springs (USA),1977.??.??,Fischer Robert J (USA),"Computer \""Greenblatt\""",1-0,C33,41,0.0,0.8048780487804879,0.0,2.4390243902439024,0.43902439024390244,0.7560975609756098,1.951219512195122,8.853658536585366,7.658536585365853,13.443176471225257,10.682926829268293,0.2926829268292683,10.682926829268293,0.0975609756097561,0.07317073170731707,8,6,2,0,0,0,0.1951,0.1463,0.0488,0.0,0.0,37.46,62.54,Positional
Match,Sveti-Stefan/Belgrade (Yugoslavia),1992.??.??,Spassky Boris V (FRA),Fischer Robert J (USA),1/2-1/2,E80,117,0.0,1.1452991452991452,1.6495726495726495,0.042735042735042736,2.52991452991453,0.9914529914529915,2.4957264957264957,8.478632478632479,9.136752136752136,9.097553111655676,6.034188034188034,0.09401709401709402,6.034188034188034,0.36752136752136755,0.008547008547008548,24,28,0,0,0,0,0.2051,0.2393,0.0,0.0,0.0,66.25,33.75,Aggressive
Match,Sveti-Stefan/Belgrade (Yugoslavia),1992.??.??,Spassky Boris V (FRA),Fischer Robert J (USA),1/2-1/2,D27,122,0.0,1.5081967213114753,0.6229508196721312,0.06557377049180328,5.540983606557377,1.1475409836065573,2.598360655737705,8.245901639344263,10.426229508196721,9.149520993578372,5.754098360655738,0.09016393442622951,5.754098360655738,0.45081967213114754,0.00819672131147541,26,30,4,0,0,2,0.2131,0.2459,0.0328,0.0,0.0,69.98,30.02,Aggressive
Match,Sveti-Stefan/Belgrade (Yugoslavia),1992.??.??,Spassky Boris V (FRA),Fischer Robert J (USA),0-1,E84,80,0.0,0.5625,0.2625,1.0,1.1375,0.5125,2.9,10.5875,8.0625,14.007855720668218,11.45,0.1875,11.45,0.2875,0.0125,12,14,6,0,0,2,0.15,0.175,0.075,0.0,0.0,48.07,51.93,Positional
Match,Sveti-Stefan/Belgrade (Yugoslavia),1992.??.??,Spassky Boris V (FRA),Fischer Robert J (USA),1/2-1/2,E35,135,0.0,0.9333333333333333,1.1111111111111112,1.6888888888888889,2.8074074074074074,0.8296296296296296,2.4814814814814814,8.985185185185186,10.57037037037037,8.95085657141213,5.9185185185185185,0.06666666666666667,5.9185185185185185,0.28888888888888886,0.14074074074074075,28,24,6,0,0,2,0.2074,0.1778,0.0444,0.0,0.0,69.12,30.88,Aggressive
Match,Sveti-Stefan/Belgrade (Yugoslavia),1992.??.??,Spassky Boris V (FRA),Fischer Robert J (USA),1/2-1/2,D27,64,0.0,0.421875,0.359375,0.125,0.84375,0.421875,2.71875,9.859375,6.453125,12.061428502053502,9.40625,0.0,9.40625,0.625,0.015625,28,18,4,0,0,2,0.4375,0.2812,0.0625,0.0,0.0,62.62,37.38,Aggressive
Match,Sveti-Stefan/Belgrade (Yugoslavia),1992.??.??,Spassky Boris V (FRA),Fischer Robert J (USA),0-1,E70,68,0.0,0.38235294117647056,0.0,3.3970588235294117,1.088235294117647,0.36764705882352944,2.8970588235294117,11.0,9.220588235294118,13.65711771888243,10.838235294117647,0.0,10.838235294117647,0.0,0.0,12,12,4,0,0,0,0.1765,0.1765,0.0588,0.0,0.0,46.18,53.82,Positional
Match,Sveti-Stefan/Belgrade (Yugoslavia),1992.??.??,Spassky Boris V (FRA),Fischer Robert J (USA),1/2-1/2,D27,72,0.0,0.20833333333333334,0.4305555555555556,0.1111111111111111,0.2638888888888889,0.18055555555555555,2.513888888888889,9.722222222222221,6.819444444444445,11.85678314740815,9.416666666666666,0.2638888888888889,9.416666666666666,0.1527777777777778,0.013888888888888888,32,18,6,0,0,2,0.4444,0.25,0.0833,0.0,0.0,65.13,34.87,Aggressive
Match,Sveti-Stefan/Belgrade (Yugoslavia),1992.??.??,Spassky Boris V (FRA),Fischer Robert J (USA),1-0,B24,85,0.0,0.29411764705882354,0.1411764705882353,0.9411764705882353,2.1176470588235294,0.29411764705882354,3.3058823529411763,10.75294117647059,8.211764705882352,14.454709147062083,11.541176470588235,0.08235294117647059,11.541176470588235,0.27058823529411763,0.09411764705882353,20,10,4,0,0,2,0.2353,0.1176,0.0471,0.0,0.0,50.88,49.12,Aggressive
Match,Sveti-Stefan/Belgrade (Yugoslavia),1992.??.??,Spassky Boris V (FRA),Fischer Robert J (USA),1/2-1/2,B25,51,0.0,0.13725490196078433,0.0,2.176470588235294,1.8823529411764706,0.13725490196078433,3.0980392156862746,9.431372549019608,7.96078431372549,14.221798789445847,11.431372549019608,0.0,11.431372549019608,0.27450980392156865,0.13725490196078433,16,18,0,0,0,0,0.3137,0.3529,0.0,0.0,0.0,49.86,50.14,Positional
Match,Sveti-Stefan/Belgrade (Yugoslavia),1992.??.??,Spassky Boris V (FRA),Fischer Robert J (USA),1/2-1/2,B20,78,0.0,0.32051282051282054,0.3076923076923077,1.3846153846153846,0.5512820512820513,0.24358974358974358,2.769230769230769,9.628205128205128,5.666666666666667,13.003112770420463,10.179487179487179,0.0,10.179487179487179,0.05128205128205128,0.0,26,10,8,0,0,4,0.3333,0.1282,0.1026,0.0,0.0,61.0,39.0,Aggressive
Match,Sveti-Stefan/Belgrade (Yugoslavia),1992.??.??,Spassky Boris V (FRA),Fischer Robert J (USA),1-0,E90,115,0.0,0.8347826086956521,0.3826086956521739,0.2,0.4608695652173913,0.40869565217391307,3.121739130434783,9.965217391304348,8.826086956521738,11.456260599304075,9.417391304347825,0.02608695652173913,9.417391304347825,0.16521739130434782,0.017391304347826087,24,12,4,0,0,2,0.2087,0.1043,0.0348,0.0,0.0,57.09,42.91,Aggressive
Match,Sveti-Stefan/Belgrade (Yugoslavia),1992.??.??,Spassky Boris V (FRA),Fischer Robert J (USA),1/2-1/2,E83,70,0.0,0.5,0.0,0.7142857142857143,1.0285714285714285,0.2714285714285714,3.1,10.771428571428572,7.771428571428571,14.643105703819993,12.185714285714285,0.014285714285714285,12.185714285714285,0.0,0.0,8,4,0,0,0,0,0.1143,0.0571,0.0,0.0,0.0,27.99,72.01,Positional
Match,Sveti-Stefan/Belgrade (Yugoslavia),1992.??.??,Spassky Boris V (FRA),Fischer Robert J (USA),0-1,E83,54,0.0,0.05555555555555555,0.25925925925925924,0.3148148148148148,0.37037037037037035,0.05555555555555555,3.0925925925925926,9.962962962962964,7.185185185185185,14.494421473588137,11.944444444444445,0.3333333333333333,11.944444444444445,0.07407407407407407,0.0,20,10,8,0,0,2,0.3704,0.1852,0.1481,0.0,0.0,52.5,47.5,Aggressive
St Stefan/Belgrade m,Belgrade SRB,1992.??.??,"Spassky, Boris V","Fischer, Robert J",1/2-1/2,D27,72,0.0,0.20833333333333334,0.4305555555555556,0.125,0.2638888888888889,0.18055555555555555,2.513888888888889,9.75,6.847222222222222,11.864322829947831,9.416666666666666,0.2638888888888889,9.416666666666666,0.1527777777777778,0.013888888888888888,32,18,6,0,0,2,0.4444,0.25,0.0833,0.0,0.0,65.1,34.9,Aggressive
Fischer - Spassky,Sveti Stefan & Belgrade YUG,1992.11.01,Boris Spassky,Robert James Fischer,1/2-1/2,E83,70,0.0,0.5,0.0,0.7142857142857143,1.0285714285714285,0.2714285714285714,3.1,10.771428571428572,7.785714285714286,14.64667713239142,12.185714285714285,0.014285714285714285,12.185714285714285,0.0,0.0,8,4,0,0,0,0,0.1143,0.0571,0.0,0.0,0.0,27.98,72.02,Positional
Training Game,Yugoslavia,1992.??.??,Svetozar Gligoric,Robert James Fischer,1/2-1/2,E97,76,0.0,0.23684210526315788,0.39473684210526316,0.11842105263157894,1.1842105263157894,0.14473684210526316,2.8421052631578947,10.236842105263158,7.894736842105263,12.432417764983551,10.118421052631579,0.0,10.118421052631579,0.2236842105263158,0.013157894736842105,34,20,6,0,0,2,0.4474,0.2632,0.0789,0.0,0.0,65.17,34.83,Aggressive
Beograd blitz,Beograd blitz,1992.??.??,Cathy Forbes,Robert James Fischer,0-1,A48,54,0.0,0.18518518518518517,0.0,1.5925925925925926,0.07407407407407407,0.07407407407407407,3.1481481481481484,10.555555555555555,6.592592592592593,15.604158187491523,13.0,0.0,13.0,0.018518518518518517,0.0,10,8,4,0,0,0,0.1852,0.1481,0.0741,0.0,0.0,37.96,62.04,Positional
Training Game,Yugoslavia,1992.??.??,Svetozar Gligoric,Robert James Fischer,0-1,E97,86,0.0,0.4186046511627907,0.046511627906976744,0.9418604651162791,3.5348837209302326,0.4186046511627907,2.7790697674418605,9.232558139534884,10.36046511627907,12.432792401397055,9.395348837209303,0.046511627906976744,9.395348837209303,0.4418604651162791,0.0,26,18,6,0,0,2,0.3023,0.2093,0.0698,0.0,0.0,61.71,38.29,Aggressive
Training Game,Yugoslavia,1992.??.??,Svetozar Gligoric,Robert James Fischer,1/2-1/2,E97,105,0.0,0.819047619047619,0.08571428571428572,2.4095238095238094,0.6571428571428571,0.6190476190476191,3.3714285714285714,10.571428571428571,8.838095238095239,13.576876906162617,11.17142857142857,0.24761904761904763,11.17142857142857,0.20952380952380953,0.12380952380952381,20,14,10,0,0,2,0.1905,0.1333,0.0952,0.0,0.0,56.84,43.16,Aggressive
Training Game,Sveti Stefan YUG,1992.??.??,Eugenio Torre,Robert James Fischer,1/2-1/2,B22,152,0.0,1.3026315789473684,0.5592105263157895,0.7105263157894737,2.8157894736842106,0.9539473684210527,2.2697368421052633,9.868421052631579,9.06578947368421,10.369423595410435,7.467105263157895,0.11842105263157894,7.467105263157895,0.3223684210526316,0.06578947368421052,28,26,2,0,0,2,0.1842,0.1711,0.0132,0.0,0.0,66.69,33.31,Aggressive
Ch World (match) (cand.) (fin),Buenos Aires (Argentina),1971.??.??,Fischer Robert J (USA),Petrosian Tigran V (ARM),1-0,B44,79,0.0,0.27848101265822783,0.24050632911392406,1.3291139240506329,2.151898734177215,0.27848101265822783,2.367088607594937,8.518987341772151,8.012658227848101,10.91864728098905,7.734177215189874,0.08860759493670886,7.734177215189874,0.11392405063291139,0.0,24,30,8,0,0,2,0.3038,0.3797,0.1013,0.0,0.0,68.3,31.7,Aggressive
Ch World (match) (cand.) (fin),Buenos Aires (Argentina),1971.??.??,Fischer Robert J (USA),Petrosian Tigran V (ARM),1-0,B42,67,0.0,0.4925373134328358,0.4925373134328358,0.34328358208955223,2.537313432835821,0.373134328358209,2.0597014925373136,8.522388059701493,7.850746268656716,11.55051764156242,8.611940298507463,0.04477611940298507,8.611940298507463,0.5074626865671642,0.0,22,12,4,0,0,2,0.3284,0.1791,0.0597,0.0,0.0,58.82,41.18,Aggressive
Ch World (match) (cand.) (fin),Buenos Aires (Argentina),1971.??.??,Fischer Robert J (USA),Petrosian Tigran V (ARM),1-0,C10,91,0.0,0.8021978021978022,0.17582417582417584,0.7582417582417582,4.483516483516484,0.5274725274725275,2.7032967032967035,9.12087912087912,8.857142857142858,10.91151931096986,8.285714285714286,0.04395604395604396,8.285714285714286,0.4945054945054945,0.0,30,26,8,0,0,2,0.3297,0.2857,0.0879,0.0,0.0,69.0,31.0,Aggressive
Ch World (match) (cand.) (1/2),Denver (USA),1971.??.??,Fischer Robert J (USA),Larsen Bent (DEN),1-0,C19,81,0.0,0.8518518518518519,0.2222222222222222,5.0,1.0864197530864197,0.8518518518518519,2.8518518518518516,10.08641975308642,11.08641975308642,11.546778393074687,8.395061728395062,0.037037037037037035,8.395061728395062,0.25925925925925924,0.2222222222222222,18,22,6,2,2,2,0.2222,0.2716,0.0741,0.0247,0.0247,61.61,38.39,Aggressive
Ch World (match),Reykjavik (Iceland),1972.??.??,Fischer Robert J (USA),Spassky Boris V (FRA),1/2-1/2,B88,89,0.0,0.9550561797752809,0.10112359550561797,2.3707865168539324,1.247191011235955,0.898876404494382,2.898876404494382,9.98876404494382,9.07865168539326,11.732060480094189,8.382022471910112,0.033707865168539325,8.382022471910112,0.21348314606741572,0.10112359550561797,28,24,4,0,0,2,0.3146,0.2697,0.0449,0.0,0.0,65.18,34.82,Aggressive
Ch World (match),Reykjavik (Iceland),1972.??.??,Fischer Robert J (USA),Spassky Boris V (FRA),1-0,D59,81,0.0,0.2345679012345679,0.18518518518518517,2.3333333333333335,1.5679012345679013,0.2222222222222222,2.3209876543209877,9.765432098765432,7.654320987654321,13.200163314052205,10.049382716049383,0.0,10.049382716049383,0.2839506172839506,0.0,20,10,6,0,0,2,0.2469,0.1235,0.0741,0.0,0.0,55.52,44.48,Aggressive
Ch World (match),Reykjavik (Iceland),1972.??.??,Fischer Robert J (USA),Spassky Boris V (FRA),1-0,A39,73,0.0,0.5753424657534246,0.0684931506849315,1.4931506849315068,2.643835616438356,0.410958904109589,3.041095890410959,9.849315068493151,7.931506849315069,12.318028888919299,9.41095890410959,0.0,9.41095890410959,0.5342465753424658,0.0,18,16,4,0,0,2,0.2466,0.2192,0.0548,0.0,0.0,56.12,43.88,Aggressive
Ch World (match),Reykjavik (Iceland),1972.??.??,Fischer Robert J (USA),Spassky Boris V (FRA),1-0,C95,111,0.0,0.9819819819819819,0.4954954954954955,0.9819819819819819,4.027027027027027,0.7747747747747747,2.954954954954955,9.73873873873874,9.342342342342342,11.54262376762377,8.468468468468469,0.06306306306306306,8.468468468468469,0.6396396396396397,0.06306306306306306,22,16,2,0,0,2,0.1982,0.1441,0.018,0.0,0.0,58.79,41.21,Aggressive
Ch World (match),Reykjavik (Iceland),1972.??.??,Fischer Robert J (USA),Spassky Boris V (FRA),1/2-1/2,D66,110,0.0,0.5545454545454546,0.08181818181818182,4.181818181818182,1.209090909090909,0.509090909090909,3.272727272727273,11.2,10.445454545454545,13.506194865740326,10.245454545454546,0.17272727272727273,10.245454545454546,0.4090909090909091,0.2727272727272727,30,20,6,0,0,0,0.2727,0.1818,0.0545,0.0,0.0,62.19,37.81,Aggressive
Ch World (match),Reykjavik (Iceland),1972.??.??,Fischer Robert J (USA),Spassky Boris V (FRA),1/2-1/2,D37,80,0.0,0.425,0.25,0.8,2.3,0.3625,2.6875,9.1,8.2125,11.985225018037521,8.9625,0.0875,8.9625,0.1875,0.0,28,22,8,0,0,2,0.35,0.275,0.1,0.0,0.0,65.89,34.11,Aggressive
Ch World (match),Reykjavik (Iceland),1972.??.??,Fischer Robert J (USA),Spassky Boris V (FRA),1/2-1/2,C69,120,0.0,0.9583333333333334,0.7166666666666667,0.10833333333333334,4.641666666666667,0.725,1.8333333333333333,7.591666666666667,7.591666666666667,8.74367946867947,4.758333333333334,0.0,4.758333333333334,0.6916666666666667,0.008333333333333333,26,26,8,0,0,4,0.2167,0.2167,0.0667,0.0,0.0,73.52,26.48,Aggressive
Ch World (match),Reykjavik (Iceland),1972.??.??,Fischer Robert J (USA),Spassky Boris V (FRA),1/2-1/2,B69,94,0.0,0.6382978723404256,0.14893617021276595,3.8404255319148937,2.404255319148936,0.2553191489361702,3.1702127659574466,10.97872340425532,9.52127659574468,13.892060480890263,10.627659574468085,0.02127659574468085,10.627659574468085,0.2127659574468085,0.11702127659574468,20,10,4,0,0,0,0.2128,0.1064,0.0426,0.0,0.0,52.58,47.42,Aggressive
Ch World (match),Reykjavik (Iceland),1972.??.??,Fischer Robert J (USA),Spassky Boris V (FRA),1/2-1/2,B68,108,0.0,0.9814814814814815,0.7314814814814815,0.05555555555555555,0.8703703703703703,0.7222222222222222,2.759259259259259,9.462962962962964,6.296296296296297,10.796806357223014,8.444444444444445,0.14814814814814814,8.444444444444445,0.17592592592592593,0.0,24,10,6,0,0,4,0.2222,0.0926,0.0556,0.0,0.0,61.1,38.9,Aggressive
Ch World (match),Reykjavik (Iceland),1972.??.??,Spassky Boris V (FRA),Fischer Robert J (USA),1-0,E56,111,0.0,0.6846846846846847,0.6936936936936937,0.04504504504504504,0.4594594594594595,0.4774774774774775,2.2972972972972974,8.0990990990991,5.558558558558558,8.126998201998202,6.009009009009009,0.02702702702702703,6.009009009009009,0.1981981981981982,0.009009009009009009,34,28,4,0,0,2,0.3063,0.2523,0.036,0.0,0.0,74.39,25.61,Aggressive
Ch World (match),Reykjavik (Iceland),1972.??.??,Spassky Boris V (FRA),Fischer Robert J (USA),0-1,A77,82,0.0,0.34146341463414637,0.06097560975609756,2.3292682926829267,0.25609756097560976,0.24390243902439024,2.792682926829268,10.670731707317072,8.390243902439025,13.128821754126628,10.548780487804878,0.0,10.548780487804878,0.04878048780487805,0.036585365853658534,24,8,4,0,0,0,0.2927,0.0976,0.0488,0.0,0.0,53.96,46.04,Aggressive
Ch World (match),Reykjavik (Iceland),1972.??.??,Spassky Boris V (FRA),Fischer Robert J (USA),0-1,E41,54,0.0,0.05555555555555555,0.5370370370370371,0.4444444444444444,0.5185185185185185,0.05555555555555555,3.1296296296296298,10.12962962962963,6.851851851851852,13.25030925864259,11.074074074074074,0.05555555555555555,11.074074074074074,0.42592592592592593,0.0,18,8,4,0,0,0,0.3333,0.1481,0.0741,0.0,0.0,48.0,52.0,Positional
Ch World (match),Reykjavik (Iceland),1972.??.??,Spassky Boris V (FRA),Fischer Robert J (USA),1/2-1/2,B97,97,0.0,0.8556701030927835,0.18556701030927836,1.8865979381443299,3.0618556701030926,0.7216494845360825,2.5876288659793816,9.927835051546392,10.721649484536082,11.230451850554942,7.88659793814433,0.29896907216494845,7.88659793814433,0.6804123711340206,0.10309278350515463,22,22,4,0,0,2,0.2268,0.2268,0.0412,0.0,0.0,61.65,38.35,Aggressive
Ch World (match),Reykjavik (Iceland),1972.??.??,Spassky Boris V (FRA),Fischer Robert J (USA),1/2-1/2,D41,58,0.0,0.13793103448275862,0.0,1.2758620689655173,2.810344827586207,0.13793103448275862,2.706896551724138,8.741379310344827,7.275862068965517,12.138514024289886,8.931034482758621,0.0,8.931034482758621,0.5517241379310345,0.1724137931034483,30,14,4,0,0,2,0.5172,0.2414,0.069,0.0,0.0,63.72,36.28,Aggressive
Ch World (match),Reykjavik (Iceland),1972.??.??,Spassky Boris V (FRA),Fischer Robert J (USA),1-0,B97,61,0.0,0.3442622950819672,0.03278688524590164,3.639344262295082,0.9344262295081968,0.19672131147540983,2.80327868852459,10.426229508196721,9.19672131147541,13.554010743355008,10.573770491803279,0.04918032786885246,10.573770491803279,0.0,0.0,18,10,6,0,0,2,0.2951,0.1639,0.0984,0.0,0.0,52.73,47.27,Aggressive
Spassky - Fischer World Championship Match,Reykjavik ISL,1972.08.10,Boris Spassky,Robert James Fischer,0-1,B04,148,0.0,1.1824324324324325,0.40540540540540543,0.4594594594594595,2.0405405405405403,0.6621621621621622,2.47972972972973,8.804054054054054,9.763513513513514,10.70440361065361,7.601351351351352,0.20945945945945946,7.601351351351352,0.22297297297297297,0.08108108108108109,28,22,8,0,0,6,0.1892,0.1486,0.0541,0.0,0.0,67.78,32.22,Aggressive
Ch World (match),Reykjavik (Iceland),1972.??.??,Spassky Boris V (FRA),Fischer Robert J (USA),1/2-1/2,B99,86,0.0,0.3488372093023256,0.6046511627906976,3.895348837209302,1.4767441860465116,0.3488372093023256,3.0930232558139537,10.790697674418604,9.744186046511627,12.570627466848395,9.174418604651162,0.06976744186046512,9.174418604651162,0.2558139534883721,0.16279069767441862,22,16,2,0,0,0,0.2558,0.186,0.0233,0.0,0.0,56.42,43.58,Aggressive
Ch World (match),Reykjavik (Iceland),1972.??.??,Spassky Boris V (FRA),Fischer Robert J (USA),1/2-1/2,B05,80,0.0,0.4625,0.575,0.4375,2.425,0.4,2.1375,8.6625,7.3625,11.036876907814406,8.3625,0.0,8.3625,0.325,0.0,26,22,6,0,0,2,0.325,0.275,0.075,0.0,0.0,66.09,33.91,Aggressive
Ch World (match),Reykjavik (Iceland),1972.??.??,Spassky Boris V (FRA),Fischer Robert J (USA),0-1,B46,81,0.0,0.7777777777777778,0.5555555555555556,0.30864197530864196,2.271604938271605,0.654320987654321,2.0864197530864197,7.432098765432099,7.283950617283951,9.81127305479157,6.925925925925926,0.037037037037037035,6.925925925925926,0.25925925925925924,0.0,26,22,6,0,0,2,0.321,0.2716,0.0741,0.0,0.0,68.8,31.2,Aggressive
Spassky - Fischer World Championship Match,Reykjavik ISL,1972.08.01,Boris Spassky,Robert James Fischer,1/2-1/2,D41,57,0.0,0.12280701754385964,0.0,1.2982456140350878,2.7017543859649122,0.12280701754385964,2.719298245614035,8.771929824561404,7.245614035087719,12.219891463312516,9.035087719298245,0.0,9.035087719298245,0.543859649122807,0.17543859649122806,28,12,4,0,0,2,0.4912,0.2105,0.0702,0.0,0.0,61.85,38.15,Aggressive
Spassky - Fischer World Championship Match,Reykjavik ISL,1972.08.22,Boris Spassky,Robert James Fischer,1/2-1/2,B09,89,0.0,0.3707865168539326,0.0,1.853932584269663,2.651685393258427,0.33707865168539325,2.752808988764045,10.426966292134832,7.842696629213483,12.126242858265327,9.134831460674157,0.0,9.134831460674157,0.25842696629213485,0.02247191011235955,22,14,8,0,0,2,0.2472,0.1573,0.0899,0.0,0.0,60.21,39.79,Aggressive
,Berlin (Germany),1971.??.??,Fischer Robert J (USA),Szmetan Jorge (ARG),1/2-1/2,C31,168,0.0,1.1845238095238095,0.8869047619047619,0.5119047619047619,5.9523809523809526,1.0535714285714286,1.6607142857142858,6.785714285714286,10.583333333333334,7.007410496249781,3.6904761904761907,0.05357142857142857,3.6904761904761907,0.23214285714285715,0.0,22,38,6,0,0,2,0.131,0.2262,0.0357,0.0,0.0,75.09,24.91,Aggressive
Ch World (match) (cand.) (fin),Buenos Aires (Argentina),1971.??.??,Fischer Robert J (USA),Petrosian Tigran V (ARM),1/2-1/2,C11,66,0.0,0.3333333333333333,0.2727272727272727,3.090909090909091,1.1363636363636365,0.2727272727272727,2.909090909090909,9.575757575757576,7.484848484848484,12.902070782752597,9.696969696969697,0.0,9.696969696969697,0.2878787878787879,0.21212121212121213,22,6,4,0,0,0,0.3333,0.0909,0.0606,0.0,0.0,54.06,45.94,Aggressive
Ch World (match) (cand.) (fin),Buenos Aires (Argentina),1971.??.??,Fischer Robert J (USA),Petrosian Tigran V (ARM),1/2-1/2,C42,76,0.0,0.27631578947368424,0.07894736842105263,0.7894736842105263,0.8289473684210527,0.27631578947368424,3.1710526315789473,10.31578947368421,7.394736842105263,13.765428248651936,11.026315789473685,0.013157894736842105,11.026315789473685,0.4342105263157895,0.09210526315789473,22,20,6,0,0,2,0.2895,0.2632,0.0789,0.0,0.0,58.08,41.92,Aggressive
Simultan,Buenos Aires (Argentina),1971.??.??,Fischer Robert J (USA),Rubinstein Jose (ARG),0-1,B89,60,0.0,0.5166666666666667,0.016666666666666666,2.5166666666666666,1.1833333333333333,0.5,2.7,10.433333333333334,8.183333333333334,14.002604525104521,11.416666666666666,0.0,11.416666666666666,0.13333333333333333,0.06666666666666667,20,10,4,0,0,0,0.3333,0.1667,0.0667,0.0,0.0,51.88,48.12,Aggressive
Ch World (match) (cand.) (1/2),Denver (USA),1971.??.??,Fischer Robert J (USA),Larsen Bent (DEN),1-0,B88,81,0.0,0.5185185185185185,0.5925925925925926,1.5925925925925926,1.2839506172839505,0.4691358024691358,2.3580246913580245,9.555555555555555,8.222222222222221,12.292824493750416,9.432098765432098,0.25925925925925924,9.432098765432098,0.5679012345679012,0.0,24,18,6,0,0,2,0.2963,0.2222,0.0741,0.0,0.0,61.37,38.63,Aggressive
Ch World (match) (cand.) (1/2),Denver (USA),1971.??.??,Fischer Robert J (USA),Larsen Bent (DEN),1-0,B88,91,0.0,0.8131868131868132,0.6703296703296703,0.5164835164835165,2.3076923076923075,0.7472527472527473,2.3956043956043955,9.31868131868132,7.5054945054945055,10.531129310250197,7.472527472527473,0.0989010989010989,7.472527472527473,0.17582417582417584,0.02197802197802198,26,18,8,0,0,2,0.2857,0.1978,0.0879,0.0,0.0,66.31,33.69,Aggressive
Ch Manhattan Chess Club,New York (USA),1971.??.??,Fischer Robert J (USA),Brandts P,1-0,C98,75,0.0,0.41333333333333333,0.0,1.5866666666666667,0.6666666666666666,0.37333333333333335,3.1333333333333333,10.573333333333334,8.48,14.023489695489694,11.306666666666667,0.0,11.306666666666667,0.2,0.06666666666666667,14,12,4,0,0,2,0.1867,0.16,0.0533,0.0,0.0,47.16,52.84,Positional
Ch Manhattan Chess Club,New York (USA),1971.??.??,Fischer Robert J (USA),Byrne Robert E (USA),1-0,B57,51,0.0,0.8431372549019608,0.0,3.5294117647058822,2.176470588235294,0.6666666666666666,3.019607843137255,10.647058823529411,9.019607843137255,13.937704561233973,11.0,0.0,11.0,0.39215686274509803,0.0392156862745098,18,8,6,0,0,0,0.3529,0.1569,0.1176,0.0,0.0,51.65,48.35,Aggressive
Ch Manhattan Chess Club,New York (USA),1971.??.??,Fischer Robert J (USA),Feuerstein Arthur (USA),1-0,A07,67,0.0,0.23880597014925373,0.0,0.7761194029850746,2.0597014925373136,0.19402985074626866,2.746268656716418,9.343283582089553,7.134328358208955,13.220588284021117,10.388059701492537,0.0,10.388059701492537,0.26865671641791045,0.16417910447761194,34,12,4,0,0,2,0.5075,0.1791,0.0597,0.0,0.0,62.98,37.02,Aggressive
Ch Manhattan Chess Club,New York (USA),1971.??.??,Fischer Robert J (USA),Gore James,1-0,C98,94,0.0,0.32978723404255317,0.24468085106382978,1.4361702127659575,0.23404255319148937,0.2127659574468085,3.0,10.75531914893617,8.202127659574469,13.450043101106932,10.957446808510639,0.0,10.957446808510639,0.06382978723404255,0.13829787234042554,26,12,2,0,0,0,0.2766,0.1277,0.0213,0.0,0.0,54.88,45.12,Aggressive
Ch Manhattan Chess Club,New York (USA),1971.??.??,Fischer Robert J (USA),Kramer George Mo (USA),1-0,C69,79,0.0,0.9240506329113924,0.012658227848101266,2.430379746835443,1.4303797468354431,0.6835443037974683,2.7468354430379747,10.10126582278481,8.860759493670885,12.394653904464027,9.848101265822784,0.17721518987341772,9.848101265822784,0.11392405063291139,0.0,18,20,8,0,0,6,0.2278,0.2532,0.1013,0.0,0.0,60.16,39.84,Aggressive
Ch Manhattan Chess Club,New York (USA),1971.??.??,Fischer Robert J (USA),Mednis Edmar J (USA),1-0,C18,60,0.0,0.03333333333333333,0.03333333333333333,0.7166666666666667,0.6,0.03333333333333333,2.183333333333333,8.683333333333334,5.783333333333333,12.034721158471159,9.5,0.0,9.5,0.18333333333333332,0.016666666666666666,24,14,4,0,0,2,0.4,0.2333,0.0667,0.0,0.0,60.07,39.93,Aggressive
Ch Manhattan Chess Club,New York (USA),1971.??.??,Fischer Robert J (USA),Shipman Walter (USA),1-0,C60,47,0.0,0.46808510638297873,0.0425531914893617,3.148936170212766,1.0,0.46808510638297873,2.6382978723404253,10.382978723404255,8.53191489361702,13.671003818876157,11.106382978723405,0.0,11.106382978723405,0.14893617021276595,0.0,16,8,6,0,0,2,0.3404,0.1702,0.1277,0.0,0.0,50.18,49.82,Aggressive
Ch Manhattan Chess Club,New York (USA),1971.??.??,Fischer Robert J (USA),Soltis Andrew E (USA),1-0,B33,49,0.0,0.5306122448979592,0.0,2.9183673469387754,0.14285714285714285,0.5306122448979592,2.5918367346938775,9.591836734693878,8.142857142857142,13.695421245421251,11.26530612244898,0.10204081632653061,11.26530612244898,0.0,0.0,12,4,2,0,0,0,0.2449,0.0816,0.0408,0.0,0.0,39.54,60.46,Positional
Ch World (match) (cand.) (1/4),Vancouver (Canada),1971.??.??,Fischer Robert J (USA),Taimanov Mark E (RUS),1-0,B44,177,0.0,1.271186440677966,1.2824858757062148,0.15254237288135594,2.468926553672316,1.1242937853107344,2.2033898305084745,8.361581920903955,7.994350282485875,8.699153247882064,4.864406779661017,0.0,4.864406779661017,0.4463276836158192,0.0,30,32,4,0,0,4,0.1695,0.1808,0.0226,0.0,0.0,73.89,26.11,Aggressive
Ch World (match) (cand.) (1/4),Vancouver (Canada),1971.??.??,Fischer Robert J (USA),Taimanov Mark E (RUS),1-0,B47,141,0.0,1.3191489361702127,0.8794326241134752,0.5106382978723404,0.9078014184397163,0.8581560283687943,3.021276595744681,8.666666666666666,6.652482269503546,8.7932333623823,6.787234042553192,0.04964539007092199,6.787234042553192,0.24822695035460993,0.05673758865248227,24,18,4,0,0,0,0.1702,0.1277,0.0284,0.0,0.0,65.18,34.82,Aggressive
Ch World (match) (cand.) (1/4),Vancouver (Canada),1971.??.??,Fischer Robert J (USA),Taimanov Mark E (RUS),1-0,B44,86,0.0,0.45348837209302323,0.0,1.2093023255813953,1.7093023255813953,0.37209302325581395,2.604651162790698,9.30232558139535,6.593023255813954,10.680750547901706,7.8604651162790695,0.023255813953488372,7.8604651162790695,0.09302325581395349,0.0,26,16,8,0,0,4,0.3023,0.186,0.093,0.0,0.0,66.01,33.99,Aggressive
Fischer - Larsen Candidates Semifinal,"Denver, CO USA",1971.07.06,Robert James Fischer,Bent Larsen,1-0,C19,81,0.0,0.8518518518518519,0.2222222222222222,5.0,0.9382716049382716,0.8518518518518519,2.9135802469135803,10.17283950617284,11.135802469135802,11.525379216119955,8.432098765432098,0.037037037037037035,8.432098765432098,0.25925925925925924,0.2222222222222222,18,22,6,2,2,2,0.2222,0.2716,0.0741,0.0247,0.0247,61.45,38.55,Aggressive
Fischer - Taimanov Candidates Quarterfinal,Vancouver CAN,1971.05.18,Robert James Fischer,Mark Taimanov,1-0,B44,177,0.0,1.2598870056497176,1.2824858757062148,0.15254237288135594,2.468926553672316,1.112994350282486,2.2033898305084745,8.350282485875706,7.983050847457627,8.699153247882064,4.864406779661017,0.0,4.864406779661017,0.4463276836158192,0.0,30,32,4,0,0,4,0.1695,0.1808,0.0226,0.0,0.0,73.9,26.1,Aggressive
Manhattan blitz,"New York, NY USA",1971.08.08,Robert James Fischer,Edmar J Mednis,1-0,C18,61,0.0,0.04918032786885246,0.03278688524590164,0.7049180327868853,0.6885245901639344,0.04918032786885246,2.1475409836065573,8.60655737704918,5.852459016393443,11.958742123086385,9.39344262295082,0.0,9.39344262295082,0.19672131147540983,0.01639344262295082,24,16,4,0,0,2,0.3934,0.2623,0.0656,0.0,0.0,61.02,38.98,Aggressive
Fischer - Petrosian Candidates Final,Buenos Aires ARG,1971.10.07,Robert James Fischer,Tigran Vartanovich Petrosian,1/2-1/2,C11,67,0.0,0.34328358208955223,0.2835820895522388,3.1044776119402986,1.1343283582089552,0.26865671641791045,2.91044776119403,9.582089552238806,7.462686567164179,12.84809531264755,9.626865671641792,0.0,9.626865671641792,0.2835820895522388,0.22388059701492538,22,6,4,0,0,0,0.3284,0.0896,0.0597,0.0,0.0,54.16,45.84,Aggressive
Fischer - Petrosian Candidates Final,Buenos Aires ARG,1971.10.19,Robert James Fischer,Tigran Vartanovich Petrosian,1-0,B42,67,0.0,0.4925373134328358,0.4925373134328358,0.34328358208955223,2.537313432835821,0.373134328358209,2.044776119402985,8.522388059701493,7.850746268656716,11.565443014696749,8.626865671641792,0.04477611940298507,8.626865671641792,0.4925373134328358,0.0,22,14,4,0,0,2,0.3284,0.209,0.0597,0.0,0.0,59.61,40.39,Aggressive
Simul,Mendoza ARG,1971.11.24,Robert James Fischer,Manuel Miguel Pereyra Puebla,1-0,B11,85,0.0,0.7294117647058823,0.0,5.247058823529412,1.223529411764706,0.6823529411764706,2.788235294117647,9.847058823529412,9.75294117647059,12.243503032914797,9.058823529411764,0.0,9.058823529411764,0.11764705882352941,0.023529411764705882,18,16,6,0,0,2,0.2118,0.1882,0.0706,0.0,0.0,58.33,41.67,Aggressive
"Simul, 20b",Balcarce ARG,1971.12.01,Robert James Fischer,Carlos Alberto Bustos,1-0,B07,81,0.0,0.48148148148148145,0.38271604938271603,1.5555555555555556,0.6172839506172839,0.16049382716049382,2.6790123456790123,9.777777777777779,7.345679012345679,12.572201015719532,10.148148148148149,0.09876543209876543,10.148148148148149,0.30864197530864196,0.0,20,16,2,0,0,2,0.2469,0.1975,0.0247,0.0,0.0,55.29,44.71,Aggressive
Simul,Buenos Aires ARG,1971.11.??,Robert James Fischer,R Padula,1-0,B10,109,0.0,1.3394495412844036,0.5688073394495413,2.0,6.559633027522936,1.165137614678899,2.6788990825688073,9.752293577981652,11.036697247706423,10.875109879926391,7.8807339449541285,0.05504587155963303,7.8807339449541285,0.3211009174311927,0.0,18,26,4,0,0,0,0.1651,0.2385,0.0367,0.0,0.0,62.17,37.83,Aggressive
"Match \""URS-All World\""",Belgrade (Yugoslavia),1970.??.??,Fischer Robert J (USA),Petrosian Tigran V (ARM),1-0,B13,77,0.0,0.7012987012987013,0.4155844155844156,3.155844155844156,0.7012987012987013,0.6883116883116883,2.909090909090909,10.337662337662337,9.207792207792208,13.818297899791403,10.766233766233766,0.07792207792207792,10.766233766233766,0.38961038961038963,0.11688311688311688,24,12,4,0,0,0,0.3117,0.1558,0.0519,0.0,0.0,55.76,44.24,Aggressive
It,Buenos Aires (Argentina),1970.??.??,Fischer Robert J (USA),Bisguier Arthur B (USA),1-0,C78,49,0.0,0.7142857142857143,0.16326530612244897,2.693877551020408,0.5102040816326531,0.7142857142857143,2.816326530612245,9.714285714285714,7.938775510204081,13.59645649135445,10.857142857142858,0.04081632653061224,10.857142857142858,0.16326530612244897,0.061224489795918366,12,6,4,0,0,0,0.2449,0.1224,0.0816,0.0,0.0,43.43,56.57,Positional
It,Buenos Aires (Argentina),1970.??.??,Fischer Robert J (USA),Garcia Raimundo (ARG),1-0,B23,71,0.0,0.18309859154929578,0.014084507042253521,1.2816901408450705,0.23943661971830985,0.15492957746478872,2.76056338028169,9.746478873239436,6.985915492957746,14.628761613972875,11.95774647887324,0.14084507042253522,11.95774647887324,0.0,0.028169014084507043,12,16,6,0,0,2,0.169,0.2254,0.0845,0.0,0.0,48.76,51.24,Positional
Ch World (match) (cand.) (fin),Buenos Aires (Argentina),1971.??.??,Petrosian Tigran V (ARM),Fischer Robert J (USA),1-0,D82,63,0.0,0.7936507936507936,0.015873015873015872,4.9523809523809526,0.3968253968253968,0.6190476190476191,2.4285714285714284,10.063492063492063,10.031746031746032,12.554492993778707,9.365079365079366,0.0,9.365079365079366,0.015873015873015872,0.015873015873015872,26,14,10,0,0,4,0.4127,0.2222,0.1587,0.0,0.0,63.36,36.64,Aggressive
Ch World (match) (cand.) (fin),Buenos Aires (Argentina),1971.??.??,Petrosian Tigran V (ARM),Fischer Robert J (USA),1/2-1/2,B36,40,0.0,0.2,0.125,1.125,0.375,0.2,2.525,9.725,6.65,13.553466394716391,11.05,0.025,11.05,0.075,0.0,16,10,2,0,0,0,0.4,0.25,0.05,0.0,0.0,46.92,53.08,Positional
Ch World (match) (cand.) (fin),Buenos Aires (Argentina),1971.??.??,Petrosian Tigran V (ARM),Fischer Robert J (USA),0-1,A06,132,0.0,1.2727272727272727,0.7424242424242424,0.3712121212121212,2.75,0.8106060606060606,2.772727272727273,8.984848484848484,8.772727272727273,10.526500940137298,7.954545454545454,0.06818181818181818,7.954545454545454,0.3484848484848485,0.007575757575757576,26,16,2,0,0,0,0.197,0.1212,0.0152,0.0,0.0,61.98,38.02,Aggressive
Ch World (match) (cand.) (fin),Buenos Aires (Argentina),1971.??.??,Petrosian Tigran V (ARM),Fischer Robert J (USA),0-1,D40,80,0.0,0.325,0.0,2.875,3.0125,0.325,2.9625,10.5,9.1,13.718575660450663,10.1875,0.0125,10.1875,0.25,0.175,26,12,4,0,0,2,0.325,0.15,0.05,0.0,0.0,58.23,41.77,Aggressive
Ch World (match) (cand.) (1/2),Denver (USA),1971.??.??,Larsen Bent (DEN),Fischer Robert J (USA),0-1,B36,108,0.0,0.9722222222222222,0.6203703703703703,1.0185185185185186,3.6574074074074074,0.7777777777777778,2.6666666666666665,9.24074074074074,9.25,11.43369673022451,7.4907407407407405,0.037037037037037035,7.4907407407407405,0.2222222222222222,0.0,24,22,4,0,0,2,0.2222,0.2037,0.037,0.0,0.0,64.06,35.94,Aggressive
Ch World (match) (cand.) (1/2),Denver (USA),1971.??.??,Larsen Bent (DEN),Fischer Robert J (USA),0-1,E97,66,0.0,0.2727272727272727,0.015151515151515152,0.8333333333333334,1.7424242424242424,0.22727272727272727,2.772727272727273,10.348484848484848,7.803030303030303,14.776438040074405,12.333333333333334,0.0,12.333333333333334,0.22727272727272727,0.015151515151515152,16,8,0,0,0,0,0.2424,0.1212,0.0,0.0,0.0,42.25,57.75,Positional
Ch World (match) (cand.) (1/2),Denver (USA),1971.??.??,Larsen Bent (DEN),Fischer Robert J (USA),0-1,B21,80,0.0,0.3125,0.0,3.9375,0.95,0.3125,2.6875,10.325,9.3875,13.478158265345769,10.3,0.0125,10.3,0.55,0.175,26,16,4,0,0,2,0.325,0.2,0.05,0.0,0.0,59.43,40.57,Aggressive
Ch Manhattan Chess Club,New York (USA),1971.??.??,Brandts P,Fischer Robert J (USA),0-1,E98,60,0.0,0.16666666666666666,0.03333333333333333,2.066666666666667,0.48333333333333334,0.11666666666666667,2.85,10.533333333333333,7.533333333333333,14.831366411366409,12.133333333333333,0.0,12.133333333333333,0.03333333333333333,0.0,12,8,0,0,0,0,0.2,0.1333,0.0,0.0,0.0,37.85,62.15,Positional
Ch Manhattan Chess Club,New York (USA),1971.??.??,Byrne Robert E (USA),Fischer Robert J (USA),0-1,B90,104,0.0,0.6153846153846154,0.15384615384615385,2.980769230769231,1.5673076923076923,0.46153846153846156,2.798076923076923,10.01923076923077,10.028846153846153,11.672204798406726,8.586538461538462,0.21153846153846154,8.586538461538462,0.23076923076923078,0.10576923076923077,22,32,6,0,0,4,0.2115,0.3077,0.0577,0.0,0.0,65.14,34.86,Aggressive
Ch Manhattan Chess Club,New York (USA),1971.??.??,Gore James,Fischer Robert J (USA),0-1,B92,60,0.0,0.26666666666666666,0.16666666666666666,3.9166666666666665,0.7333333333333333,0.15,3.1333333333333333,11.15,9.45,14.181675084175083,11.4,0.0,11.4,0.16666666666666666,0.05,14,10,4,0,0,0,0.2333,0.1667,0.0667,0.0,0.0,45.95,54.05,Positional
Ch Manhattan Chess Club,New York (USA),1971.??.??,Kevitz Alexander,Fischer Robert J (USA),0-1,D93,54,0.0,0.25925925925925924,0.018518518518518517,1.7407407407407407,1.2777777777777777,0.25925925925925924,2.8333333333333335,10.555555555555555,8.018518518518519,14.634801515357069,11.796296296296296,0.037037037037037035,11.796296296296296,0.2777777777777778,0.05555555555555555,16,16,8,0,0,2,0.2963,0.2963,0.1481,0.0,0.0,53.18,46.82,Aggressive
Ch Manhattan Chess Club,New York (USA),1971.??.??,Mednis Edmar J (USA),Fischer Robert J (USA),0-1,B92,76,0.0,0.3026315789473684,0.3026315789473684,1.2236842105263157,1.5,0.3026315789473684,2.6184210526315788,10.868421052631579,7.684210526315789,13.582236769078875,10.552631578947368,0.013157894736842105,10.552631578947368,0.32894736842105265,0.0,22,16,6,0,0,2,0.2895,0.2105,0.0789,0.0,0.0,57.4,42.6,Aggressive
Ch Manhattan Chess Club,New York (USA),1971.??.??,Shipman Walter (USA),Fischer Robert J (USA),1/2-1/2,B76,172,0.0,1.3953488372093024,0.31976744186046513,0.27325581395348836,5.284883720930233,0.6337209302325582,2.563953488372093,8.883720930232558,8.459302325581396,8.789441662988166,5.674418604651163,0.0,5.674418604651163,0.37790697674418605,0.0,36,22,4,0,0,2,0.2093,0.1279,0.0233,0.0,0.0,72.78,27.22,Aggressive
Ch World (match) (cand.) (1/4),Vancouver (Canada),1971.??.??,Taimanov Mark E (RUS),Fischer Robert J (USA),0-1,E97,81,0.0,0.4691358024691358,0.0,2.3703703703703702,1.9259259259259258,0.4444444444444444,2.9876543209876543,10.518518518518519,9.839506172839506,13.77004874412282,10.493827160493828,0.0,10.493827160493828,0.35802469135802467,0.024691358024691357,20,18,4,0,0,2,0.2469,0.2222,0.0494,0.0,0.0,55.66,44.34,Aggressive
Ch World (match) (cand.) (1/4),Vancouver (Canada),1971.??.??,Taimanov Mark E (RUS),Fischer Robert J (USA),0-1,E97,82,0.0,0.5,0.24390243902439024,2.926829268292683,2.926829268292683,0.4268292682926829,3.0,10.5,10.24390243902439,12.96897560434146,9.71951219512195,0.012195121951219513,9.71951219512195,0.2073170731707317,0.1951219512195122,30,18,2,0,0,0,0.3659,0.2195,0.0244,0.0,0.0,61.26,38.74,Aggressive
Ch World (match) (cand.) (1/4),Vancouver (Canada),1971.??.??,Taimanov Mark E (RUS),Fischer Robert J (USA),0-1,D80,94,0.0,0.6170212765957447,0.1276595744680851,4.404255319148936,1.7659574468085106,0.6170212765957447,2.8404255319148937,10.02127659574468,10.361702127659575,12.224112471452896,8.861702127659575,0.0425531914893617,8.861702127659575,0.3829787234042553,0.32978723404255317,22,20,4,0,0,0,0.234,0.2128,0.0426,0.0,0.0,60.0,40.0,Aggressive
Fischer - Taimanov Candidates Quarterfinal,Vancouver CAN,1971.05.21,Mark Taimanov,Robert James Fischer,0-1,E97,83,0.0,0.5060240963855421,0.25301204819277107,2.891566265060241,3.0120481927710845,0.43373493975903615,2.9879518072289155,10.46987951807229,10.289156626506024,12.862923689429717,9.650602409638553,0.012048192771084338,9.650602409638553,0.20481927710843373,0.1927710843373494,30,18,2,0,0,0,0.3614,0.2169,0.0241,0.0,0.0,61.37,38.63,Aggressive
Fischer - Taimanov Candidates Quarterfinal,Vancouver CAN,1971.05.16,Mark Taimanov,Robert James Fischer,0-1,E97,80,0.0,0.475,0.0,2.4,1.95,0.45,3.0125,10.55,9.8375,13.833245781995782,10.5625,0.0,10.5625,0.3625,0.025,20,18,4,0,0,2,0.25,0.225,0.05,0.0,0.0,55.59,44.41,Aggressive
Simul,Buenos Aires ARG,1971.11.14,Robert James Fischer,Aldo Emilio Seidler,1/2-1/2,B33,41,0.0,0.6829268292682927,0.34146341463414637,4.317073170731708,1.170731707317073,0.6829268292682927,2.682926829268293,10.121951219512194,9.487804878048781,12.547335997336003,10.146341463414634,0.0,10.146341463414634,0.1951219512195122,0.024390243902439025,12,8,4,0,0,0,0.2927,0.1951,0.0976,0.0,0.0,46.49,53.51,Positional
Fischer - Petrosian Candidates Final,Buenos Aires ARG,1971.10.12,Tigran Vartanovich Petrosian,Robert James Fischer,1/2-1/2,A30,40,0.0,0.2,0.125,1.125,0.375,0.2,2.525,9.725,6.65,13.662187257187256,11.1,0.025,11.1,0.075,0.0,16,10,2,0,0,0,0.4,0.25,0.05,0.0,0.0,46.82,53.18,Positional
Manhattan Blitz Championship,"New York, NY USA",1971.08.08,Louis Levy,Robert James Fischer,0-1,B22,66,0.0,0.21212121212121213,0.0,1.8636363636363635,0.7424242424242424,0.21212121212121213,2.3181818181818183,10.136363636363637,7.196969696969697,13.833251596887955,11.090909090909092,0.015151515151515152,11.090909090909092,0.07575757575757576,0.015151515151515152,18,14,2,0,0,0,0.2727,0.2121,0.0303,0.0,0.0,51.09,48.91,Aggressive
Simul,Mar del Plata ARG,1971.12.05,Robert James Fischer,Ricardo L Velarde,1/2-1/2,B52,70,0.0,0.6,0.1,1.1714285714285715,1.6428571428571428,0.5142857142857142,2.6285714285714286,8.428571428571429,7.185714285714286,10.916318919176064,8.357142857142858,0.02857142857142857,8.357142857142858,0.3142857142857143,0.12857142857142856,32,24,4,0,0,2,0.4571,0.3429,0.0571,0.0,0.0,68.67,31.33,Aggressive
It,Buenos Aires (Argentina),1970.??.??,Fischer Robert J (USA),Gheorghiu Florin (ROM),1-0,C42,69,0.0,0.5942028985507246,0.08695652173913043,0.4782608695652174,1.2028985507246377,0.5942028985507246,2.6956521739130435,10.072463768115941,8.304347826086957,13.143761431804911,10.36231884057971,0.0,10.36231884057971,0.17391304347826086,0.043478260869565216,16,12,2,0,0,2,0.2319,0.1739,0.029,0.0,0.0,48.93,51.07,Positional
It,Buenos Aires (Argentina),1970.??.??,Fischer Robert J (USA),O'kelly De Galway Alberic (BEL),1-0,C98,71,0.0,0.16901408450704225,0.0,1.1549295774647887,0.28169014084507044,0.16901408450704225,3.2816901408450705,10.450704225352112,6.732394366197183,13.575905080834653,11.084507042253522,0.056338028169014086,11.084507042253522,0.14084507042253522,0.16901408450704225,26,14,2,0,0,0,0.3662,0.1972,0.0282,0.0,0.0,55.98,44.02,Aggressive
It,Buenos Aires (Argentina),1970.??.??,Fischer Robert J (USA),Panno Oscar (ARG),1-0,A04,71,0.0,0.6056338028169014,0.15492957746478872,1.647887323943662,0.7746478873239436,0.5915492957746479,3.0,10.845070422535212,8.253521126760564,13.918488397361633,11.535211267605634,0.056338028169014086,11.535211267605634,0.28169014084507044,0.08450704225352113,22,8,2,0,0,0,0.3099,0.1127,0.0282,0.0,0.0,50.17,49.83,Aggressive
It,Buenos Aires (Argentina),1970.??.??,Fischer Robert J (USA),Rossetto Hector (ARG),1-0,C99,99,0.0,0.6666666666666666,0.24242424242424243,1.1616161616161615,0.7878787878787878,0.40404040404040403,2.8585858585858586,9.878787878787879,7.070707070707071,11.350045044742014,9.02020202020202,0.0,9.02020202020202,0.1919191919191919,0.08080808080808081,28,14,8,0,0,2,0.2828,0.1414,0.0808,0.0,0.0,63.87,36.13,Aggressive
It,Buenos Aires (Argentina),1970.??.??,Fischer Robert J (USA),Rubinetti Jorge (ARG),1-0,C69,55,0.0,0.5454545454545454,0.16363636363636364,0.23636363636363636,2.2,0.4727272727272727,2.4727272727272727,8.909090909090908,7.963636363636364,10.184965489056397,7.945454545454545,0.0,7.945454545454545,0.3090909090909091,0.01818181818181818,24,20,8,0,0,4,0.4364,0.3636,0.1455,0.0,0.0,65.75,34.25,Aggressive
It,Buenos Aires (Argentina),1970.??.??,Fischer Robert J (USA),Schweber Samuel (ARG),1-0,C18,94,0.0,0.6063829787234043,0.14893617021276595,0.7978723404255319,1.127659574468085,0.4574468085106383,2.3617021276595747,9.372340425531915,7.946808510638298,11.071664623792284,7.904255319148936,0.031914893617021274,7.904255319148936,0.13829787234042554,0.0,32,22,12,0,0,4,0.3404,0.234,0.1277,0.0,0.0,70.25,29.75,Aggressive
It,Buenos Aires (Argentina),1970.??.??,Fischer Robert J (USA),Tukmakov Vladimir B (UKR),1-0,A01,51,0.0,0.0,0.0,1.803921568627451,0.27450980392156865,0.0,3.3333333333333335,10.509803921568627,6.803921568627451,15.921317244846659,13.392156862745098,0.0,13.392156862745098,0.0784313725490196,0.0,6,4,2,0,0,0,0.1176,0.0784,0.0392,0.0,0.0,26.22,73.78,Positional
Blitz,Herceg Novi (Yugoslavia),1970.??.??,Fischer Robert J (USA),Ivkov Borislav (SCG),1-0,B07,75,0.0,0.32,0.0,1.04,2.12,0.32,2.8933333333333335,10.333333333333334,9.013333333333334,13.906631849631847,10.973333333333333,0.0,10.973333333333333,0.21333333333333335,0.013333333333333334,26,18,8,0,0,2,0.3467,0.24,0.1067,0.0,0.0,60.44,39.56,Aggressive
Blitz,Herceg Novi (Yugoslavia),1970.??.??,Fischer Robert J (USA),Matulovic Milan (SCG),1-0,C63,65,0.0,1.1384615384615384,0.7692307692307693,6.492307692307692,1.9076923076923078,1.0615384615384615,2.0923076923076924,9.4,11.4,10.286694117847963,7.3076923076923075,0.0,7.3076923076923075,0.2,0.13846153846153847,16,24,6,2,2,0,0.2462,0.3692,0.0923,0.0308,0.0308,63.9,36.1,Aggressive
Blitz,Herceg Novi (Yugoslavia),1970.??.??,Fischer Robert J (USA),Ostojic Predrag (YUG),1-0,B34,103,0.0,0.8932038834951457,0.5242718446601942,2.233009708737864,3.533980582524272,0.7669902912621359,2.0097087378640777,8.25242718446602,7.475728155339806,9.282729164039845,6.271844660194175,0.0,6.271844660194175,0.3106796116504854,0.019417475728155338,24,22,8,0,0,4,0.233,0.2136,0.0777,0.0,0.0,70.32,29.68,Aggressive
Blitz,Herceg Novi (Yugoslavia),1970.??.??,Fischer Robert J (USA),Petrosian Tigran V (ARM),1-0,C19,80,0.0,0.925,0.4625,3.8125,1.45,0.925,3.0375,10.3,10.525,12.468975781163284,8.85,0.075,8.85,0.325,0.0625,18,22,2,0,0,0,0.225,0.275,0.025,0.0,0.0,56.86,43.14,Aggressive
Blitz,Herceg Novi (Yugoslavia),1970.??.??,Fischer Robert J (USA),Reshevsky Samuel H (USA),1-0,B40,119,0.0,0.5294117647058824,0.11764705882352941,3.2521008403361344,2.46218487394958,0.42016806722689076,2.176470588235294,9.058823529411764,8.798319327731093,11.070028034523828,7.983193277310924,0.008403361344537815,7.983193277310924,0.31092436974789917,0.17647058823529413,24,20,6,0,0,4,0.2017,0.1681,0.0504,0.0,0.0,65.27,34.73,Aggressive
Blitz,Herceg Novi (Yugoslavia),1970.??.??,Fischer Robert J (USA),Smyslov Vassily (RUS),1-0,A03,127,0.0,0.7716535433070866,0.4566929133858268,0.9291338582677166,4.811023622047244,0.4251968503937008,2.4173228346456694,8.755905511811024,9.299212598425196,10.140716129889359,7.173228346456693,0.16535433070866143,7.173228346456693,0.2283464566929134,0.007874015748031496,24,24,6,0,0,2,0.189,0.189,0.0472,0.0,0.0,66.77,33.23,Aggressive
Blitz,Herceg Novi (Yugoslavia),1970.??.??,Fischer Robert J (USA),Tal Mikhail (LAT),1-0,A49,89,0.0,0.2247191011235955,0.0,0.0449438202247191,2.6292134831460676,0.2247191011235955,2.6292134831460676,9.438202247191011,7.224719101123595,12.058349578012502,8.898876404494382,0.011235955056179775,8.898876404494382,0.5168539325842697,0.011235955056179775,24,24,6,0,0,2,0.2697,0.2697,0.0674,0.0,0.0,63.84,36.16,Aggressive
Blitz,Herceg Novi (Yugoslavia),1970.??.??,Fischer Robert J (USA),Uhlmann Wolfgang (GER),1-0,C15,56,0.0,0.26785714285714285,0.32142857142857145,2.232142857142857,1.375,0.17857142857142858,2.8035714285714284,10.035714285714286,8.089285714285714,13.647425639836353,10.910714285714286,0.0,10.910714285714286,0.017857142857142856,0.05357142857142857,26,10,6,0,0,2,0.4643,0.1786,0.1071,0.0,0.0,57.92,42.08,Aggressive
Izt,Palma de Majorca (Spain),1970.??.??,Fischer Robert J (USA),Addison Wiliam G (USA),1-0,B01,47,0.0,0.44680851063829785,0.10638297872340426,2.5531914893617023,0.2978723404255319,0.44680851063829785,2.4680851063829787,10.297872340425531,8.063829787234043,14.176912094997205,11.297872340425531,0.0,11.297872340425531,0.0851063829787234,0.0425531914893617,8,14,4,0,0,2,0.1702,0.2979,0.0851,0.0,0.0,43.7,56.3,Positional
Izt,Palma de Majorca (Spain),1970.??.??,Fischer Robert J (USA),Filip Miroslav (CZE),1-0,A14,79,0.0,0.3291139240506329,0.0,2.7088607594936707,3.8987341772151898,0.3037974683544304,2.6962025316455698,10.037974683544304,8.430379746835444,13.81113000923128,10.708860759493671,0.0,10.708860759493671,0.620253164556962,0.02531645569620253,12,14,4,0,0,0,0.1519,0.1772,0.0506,0.0,0.0,49.09,50.91,Positional
Izt,Palma de Majorca (Spain),1970.??.??,Fischer Robert J (USA),Ivkov Borislav (SCG),1-0,C93,87,0.0,0.39080459770114945,0.0,2.2528735632183907,0.4827586206896552,0.39080459770114945,3.264367816091954,10.540229885057471,8.67816091954023,14.621214960008057,12.057471264367816,0.05747126436781609,12.057471264367816,0.21839080459770116,0.14942528735632185,14,12,6,0,0,0,0.1609,0.1379,0.069,0.0,0.0,47.29,52.71,Positional
Izt,Palma de Majorca (Spain),1970.??.??,Fischer Robert J (USA),Mecking Henrique (BRA),1-0,A06,83,0.0,0.8072289156626506,0.6746987951807228,0.5662650602409639,2.433734939759036,0.5783132530120482,2.4819277108433737,9.27710843373494,7.397590361445783,10.330818545577586,7.746987951807229,0.04819277108433735,7.746987951807229,0.1927710843373494,0.0,32,20,4,0,0,2,0.3855,0.241,0.0482,0.0,0.0,68.08,31.92,Aggressive
Izt,Palma de Majorca (Spain),1970.??.??,Fischer Robert J (USA),Rubinetti Jorge (ARG),1-0,B87,47,0.0,0.5106382978723404,0.19148936170212766,1.2127659574468086,1.1063829787234043,0.40425531914893614,2.74468085106383,10.170212765957446,7.127659574468085,14.188806229231758,11.617021276595745,0.0,11.617021276595745,0.23404255319148937,0.0851063829787234,16,6,4,0,0,0,0.3404,0.1277,0.0851,0.0,0.0,45.73,54.27,Positional
Izt,Palma de Majorca (Spain),1970.??.??,Fischer Robert J (USA),Taimanov Mark E (RUS),1-0,B44,115,0.0,0.2956521739130435,0.2,1.208695652173913,1.808695652173913,0.2608695652173913,2.7217391304347824,9.2,6.947826086956522,12.059994063907105,9.130434782608695,0.06956521739130435,9.130434782608695,0.1565217391304348,0.008695652173913044,26,14,4,0,0,4,0.2261,0.1217,0.0348,0.0,0.0,61.67,38.33,Aggressive
It,Rovinj/Zagreb (Croatia),1970.??.??,Fischer Robert J (USA),Bertok Mario (CRO),1-0,B24,63,0.0,0.5714285714285714,0.23809523809523808,2.6031746031746033,1.3968253968253967,0.49206349206349204,3.2063492063492065,10.19047619047619,7.841269841269841,14.389568147901478,10.936507936507937,0.0,10.936507936507937,0.23809523809523808,0.015873015873015872,22,12,6,0,0,0,0.3492,0.1905,0.0952,0.0,0.0,55.6,44.4,Aggressive
It,Rovinj/Zagreb (Croatia),1970.??.??,Fischer Robert J (USA),Gligoric Svetozar (SCG),1-0,C93,69,0.0,0.2028985507246377,0.11594202898550725,0.3333333333333333,0.36231884057971014,0.2028985507246377,3.1449275362318843,10.898550724637682,8.130434782608695,15.91300366300366,13.826086956521738,0.028985507246376812,13.826086956521738,0.07246376811594203,0.0,10,4,2,0,0,0,0.1449,0.058,0.029,0.0,0.0,30.38,69.62,Positional
It,Rovinj/Zagreb (Croatia),1970.??.??,Fischer Robert J (USA),Marovic Drazen (CRO),1-0,B10,95,0.0,0.5473684210526316,0.21052631578947367,0.8,4.168421052631579,0.45263157894736844,2.221052631578947,8.357894736842105,7.88421052631579,10.585874330348013,7.71578947368421,0.0,7.71578947368421,0.4105263157894737,0.031578947368421054,28,16,8,0,0,4,0.2947,0.1684,0.0842,0.0,0.0,67.66,32.34,Aggressive
It,Rovinj/Zagreb (Croatia),1970.??.??,Fischer Robert J (USA),Nicevski Risto (MKD),1-0,B80,67,0.0,0.1791044776119403,0.014925373134328358,2.955223880597015,2.253731343283582,0.1791044776119403,2.791044776119403,9.880597014925373,7.7611940298507465,13.497258007332634,10.119402985074627,0.0,10.119402985074627,0.4626865671641791,0.2835820895522388,20,10,4,0,0,0,0.2985,0.1493,0.0597,0.0,0.0,53.72,46.28,Aggressive
"Match \""URS-All World\""",Belgrade (Yugoslavia),1970.??.??,Fischer Robert J (USA),Petrosian Tigran V (ARM),1/2-1/2,B15,63,0.0,0.19047619047619047,0.20634920634920634,1.0952380952380953,0.15873015873015872,0.15873015873015872,2.9682539682539684,9.984126984126984,6.174603174603175,13.669041892851416,11.587301587301587,0.0,11.587301587301587,0.20634920634920634,0.0,22,10,6,0,0,2,0.3492,0.1587,0.0952,0.0,0.0,54.6,45.4,Aggressive
Blitz,Herceg Novi (Yugoslavia),1970.??.??,Fischer Robert J (USA),Bronstein David I (RUS),1/2-1/2,C16,93,0.0,0.6344086021505376,0.44086021505376344,4.193548387096774,2.5698924731182795,0.6344086021505376,2.849462365591398,10.623655913978494,11.913978494623656,12.474499156757226,9.526881720430108,0.0,9.526881720430108,0.15053763440860216,0.1827956989247312,18,20,6,0,0,4,0.1935,0.2151,0.0645,0.0,0.0,58.19,41.81,Aggressive
Blitz,Herceg Novi (Yugoslavia),1970.??.??,Fischer Robert J (USA),Hort Vlastimil (GER),1/2-1/2,D10,69,0.0,1.2753623188405796,0.8405797101449275,0.463768115942029,0.2463768115942029,0.42028985507246375,2.681159420289855,9.652173913043478,5.753623188405797,8.909357832183911,7.202898550724638,0.014492753623188406,7.202898550724638,0.08695652173913043,0.0,34,16,6,0,0,2,0.4928,0.2319,0.087,0.0,0.0,69.98,30.02,Aggressive
Blitz,Herceg Novi (Yugoslavia),1970.??.??,Fischer Robert J (USA),Korchnoi Viktor (SUI),0-1,C19,109,0.0,0.27522935779816515,0.2018348623853211,0.944954128440367,2.073394495412844,0.1651376146788991,2.018348623853211,8.908256880733944,7.743119266055046,10.759400996556957,8.256880733944953,0.0,8.256880733944953,0.26605504587155965,0.0,24,30,12,0,0,4,0.2202,0.2752,0.1101,0.0,0.0,69.56,30.44,Aggressive
Izt,Palma de Majorca (Spain),1970.??.??,Fischer Robert J (USA),Larsen Bent (DEN),0-1,B89,104,0.0,0.6346153846153846,0.38461538461538464,0.9807692307692307,4.625,0.5673076923076923,2.519230769230769,9.538461538461538,9.326923076923077,11.616020864818939,8.173076923076923,0.0,8.173076923076923,0.28846153846153844,0.0,20,22,4,0,0,2,0.1923,0.2115,0.0385,0.0,0.0,61.26,38.74,Aggressive
It,Rovinj/Zagreb (Croatia),1970.??.??,Fischer Robert J (USA),Kovacevic Vladimir (SCG),0-1,C15,60,0.0,0.6,0.0,4.133333333333334,1.3333333333333333,0.6,2.6333333333333333,10.433333333333334,8.9,13.805603285603281,11.083333333333334,0.0,11.083333333333334,0.11666666666666667,0.11666666666666667,12,16,2,0,0,0,0.2,0.2667,0.0333,0.0,0.0,48.2,51.8,Positional
It,Rovinj/Zagreb (Croatia),1970.??.??,Fischer Robert J (USA),Udovcic Mijo (YUG),1-0,B06,61,0.0,0.8524590163934426,0.9672131147540983,1.4098360655737705,1.6065573770491803,0.7213114754098361,2.7868852459016393,9.475409836065573,7.639344262295082,11.599578063102655,8.918032786885245,0.11475409836065574,8.918032786885245,0.4426229508196721,0.22950819672131148,20,14,4,0,0,2,0.3279,0.2295,0.0656,0.0,0.0,57.71,42.29,Aggressive
It,Rovinj/Zagreb (Croatia),1970.??.??,Fischer Robert J (USA),Uhlmann Wolfgang (GER),1-0,C15,61,0.0,0.6721311475409836,0.0,2.5901639344262297,2.3278688524590163,0.5245901639344263,2.80327868852459,9.98360655737705,9.704918032786885,13.107331329872316,10.40983606557377,0.11475409836065574,10.40983606557377,0.16393442622950818,0.0,18,16,8,0,0,2,0.2951,0.2623,0.1311,0.0,0.0,56.87,43.13,Aggressive
Olympiad,Siegen (Germany),1970.??.??,Fischer Robert J (USA),Andersson Ulf (SWE),1-0,A01,85,0.0,0.2823529411764706,0.058823529411764705,1.6470588235294117,1.5058823529411764,0.07058823529411765,2.8588235294117648,10.894117647058824,7.776470588235294,14.613137026372321,11.658823529411764,0.023529411764705882,11.658823529411764,0.16470588235294117,0.047058823529411764,14,8,0,0,0,0,0.1647,0.0941,0.0,0.0,0.0,40.73,59.27,Positional
Olympiad,Siegen (Germany),1970.??.??,Fischer Robert J (USA),Camara Helder (BRA),1-0,B75,47,0.0,0.3404255319148936,0.3191489361702128,1.2127659574468086,1.9361702127659575,0.3404255319148936,3.127659574468085,10.787234042553191,7.702127659574468,14.601951004078666,11.808510638297872,0.0,11.808510638297872,0.1276595744680851,0.0425531914893617,8,8,2,0,0,2,0.1702,0.1702,0.0426,0.0,0.0,36.42,63.58,Positional
Olympiad,Siegen (Germany),1970.??.??,Fischer Robert J (USA),Hook W (IVB),1-0,C18,55,0.0,0.36363636363636365,0.14545454545454545,2.4,1.2545454545454546,0.3090909090909091,2.8,10.272727272727273,7.745454545454545,13.306358590904043,11.163636363636364,0.0,11.163636363636364,0.03636363636363636,0.0,22,10,4,0,0,0,0.4,0.1818,0.0727,0.0,0.0,53.92,46.08,Aggressive
Olympiad,Siegen (Germany),1970.??.??,Fischer Robert J (USA),Ibrahimoglu Ismet (TUR),1-0,A07,77,0.0,0.2727272727272727,0.0,1.7792207792207793,1.1428571428571428,0.2727272727272727,2.5324675324675323,9.727272727272727,6.753246753246753,13.393504331166673,10.805194805194805,0.0,10.805194805194805,0.35064935064935066,0.16883116883116883,20,12,2,0,0,0,0.2597,0.1558,0.026,0.0,0.0,52.65,47.35,Aggressive
Olympiad,Siegen (Germany),1970.??.??,Fischer Robert J (USA),Najdorf Miguel (POL),1-0,B42,96,0.0,0.4166666666666667,0.21875,0.4583333333333333,1.1354166666666667,0.34375,2.59375,9.552083333333334,7.447916666666667,13.000379019129014,10.260416666666666,0.17708333333333334,10.260416666666666,0.15625,0.020833333333333332,30,16,4,0,0,2,0.3125,0.1667,0.0417,0.0,0.0,61.89,38.11,Aggressive
Olympiad,Siegen (Germany),1970.??.??,Fischer Robert J (USA),Unzicker Wolfgang (GER),1-0,C69,83,0.0,0.46987951807228917,0.1927710843373494,1.6385542168674698,0.3614457831325301,0.3132530120481928,2.6626506024096384,9.108433734939759,7.0602409638554215,11.23741914043119,8.542168674698795,0.03614457831325301,8.542168674698795,0.1927710843373494,0.37349397590361444,28,14,4,0,0,2,0.3373,0.1687,0.0482,0.0,0.0,63.01,36.99,Aggressive
Simultan,Solingen (Germany),1970.??.??,Fischer Robert J (USA),Christoph Manfred Dr (GER),0-1,A11,128,0.0,0.515625,0.0,3.8828125,3.53125,0.515625,2.6328125,10.203125,9.8125,13.380356405747035,9.6640625,0.046875,9.6640625,0.5703125,0.2421875,26,8,2,0,0,0,0.2031,0.0625,0.0156,0.0,0.0,56.56,43.44,Aggressive
Simultan,,1970.??.??,Fischer Robert J (USA),NN (ITA),0-1,E68,82,0.0,0.04878048780487805,0.0,1.0121951219512195,1.1219512195121952,0.012195121951219513,3.073170731707317,10.5,6.963414634146342,14.562215697581555,11.890243902439025,0.036585365853658534,11.890243902439025,0.024390243902439025,0.0,18,8,2,0,0,0,0.2195,0.0976,0.0244,0.0,0.0,45.89,54.11,Positional
Rovinj/Zagreb,Rovinj/Zagreb YUG,1970.04.23,Robert James Fischer,Svetozar Gligoric,1-0,C93,69,0.0,0.2028985507246377,0.11594202898550725,0.3333333333333333,0.36231884057971014,0.2028985507246377,3.1449275362318843,10.91304347826087,8.144927536231885,15.925564049477089,13.840579710144928,0.028985507246376812,13.840579710144928,0.07246376811594203,0.0,10,4,2,0,0,0,0.1449,0.058,0.029,0.0,0.0,30.36,69.64,Positional
Buenos Aires,Buenos Aires ARG,1970.07.26,Robert James Fischer,Alberic O'Kelly de Galway,1-0,C98,71,0.0,0.16901408450704225,0.0,1.1549295774647887,0.28169014084507044,0.16901408450704225,3.2816901408450705,10.464788732394366,6.746478873239437,13.577783015106956,11.084507042253522,0.056338028169014086,11.084507042253522,0.14084507042253522,0.16901408450704225,26,14,2,0,0,0,0.3662,0.1972,0.0282,0.0,0.0,55.97,44.03,Aggressive
"Simul, 20b",Solingen FRG,1970.09.29,Robert James Fischer,Ulrich Dresen,0-1,B62,42,0.0,0.47619047619047616,0.0,2.0,0.8809523809523809,0.47619047619047616,3.0476190476190474,9.857142857142858,6.857142857142857,13.324069977641402,10.857142857142858,0.11904761904761904,10.857142857142858,0.0,0.0,14,6,4,0,0,2,0.3333,0.1429,0.0952,0.0,0.0,46.14,53.86,Positional
"Simul, 20b",Muenster FRG,1970.09.27,Robert James Fischer,Seibt,1-0,B15,75,0.0,1.0533333333333332,0.18666666666666668,4.8,1.4133333333333333,1.0533333333333332,3.2533333333333334,11.52,10.52,13.720475117475122,10.373333333333333,0.0,10.373333333333333,0.52,0.18666666666666668,16,14,4,0,0,0,0.2133,0.1867,0.0533,0.0,0.0,51.61,48.39,Aggressive
"Simul, 20b",Muenster FRG,1970.09.27,Robert James Fischer,Hoppe,1-0,A15,49,0.0,0.42857142857142855,0.061224489795918366,0.5510204081632653,0.5918367346938775,0.3673469387755102,2.7142857142857144,9.53061224489796,5.061224489795919,14.251599987314272,12.122448979591837,0.061224489795918366,12.122448979591837,0.04081632653061224,0.04081632653061224,14,10,4,0,0,0,0.2857,0.2041,0.0816,0.0,0.0,46.22,53.78,Positional
"Simul, 20b",Muenster FRG,1970.09.27,Robert James Fischer,Haves,1-0,B10,77,0.0,0.2727272727272727,0.2597402597402597,0.42857142857142855,0.5844155844155844,0.14285714285714285,3.0,11.012987012987013,6.376623376623376,15.499684514619586,13.220779220779221,0.03896103896103896,13.220779220779221,0.2987012987012987,0.025974025974025976,12,8,2,0,0,0,0.1558,0.1039,0.026,0.0,0.0,37.67,62.33,Positional
Simul,Madrid ESP,1970.12.??,Robert James Fischer,Jose Luis Garcia Bachiller,1-0,B43,51,0.0,0.23529411764705882,0.0,2.019607843137255,0.5882352941176471,0.23529411764705882,2.3333333333333335,10.333333333333334,8.254901960784315,13.527232734585672,10.450980392156863,0.0,10.450980392156863,0.21568627450980393,0.0392156862745098,12,12,2,0,0,0,0.2353,0.2353,0.0392,0.0,0.0,44.32,55.68,Positional
Simul,Madrid ESP,1970.12.??,Robert James Fischer,Jose R Arrupe Diego de Somonte,1-0,B90,89,0.0,0.550561797752809,0.4606741573033708,0.5393258426966292,3.640449438202247,0.449438202247191,1.9101123595505618,8.224719101123595,6.752808988764045,10.168986537806761,7.370786516853933,0.07865168539325842,7.370786516853933,0.2696629213483146,0.0,24,22,2,0,0,2,0.2697,0.2472,0.0225,0.0,0.0,65.95,34.05,Aggressive
Herceg Novi blitz,Herceg Novi blitz,1970.04.08,Robert James Fischer,Tigran Vartanovich Petrosian,1-0,C18,81,0.0,0.9506172839506173,0.48148148148148145,3.8641975308641974,1.4444444444444444,0.9506172839506173,3.037037037037037,10.333333333333334,10.555555555555555,12.472445215963736,8.839506172839506,0.07407407407407407,8.839506172839506,0.32098765432098764,0.06172839506172839,18,22,2,0,0,0,0.2222,0.2716,0.0247,0.0,0.0,56.88,43.12,Aggressive
"Match \""URS-All World\""",Belgrade (Yugoslavia),1970.??.??,Petrosian Tigran V (ARM),Fischer Robert J (USA),0-1,A37,132,0.0,0.6363636363636364,0.4318181818181818,1.2272727272727273,1.7045454545454546,0.36363636363636365,2.696969696969697,9.371212121212121,7.257575757575758,10.753529046710865,7.6893939393939394,0.0,7.6893939393939394,0.3939393939393939,0.3409090909090909,38,22,6,0,0,2,0.2879,0.1667,0.0455,0.0,0.0,71.02,28.98,Aggressive
It,Buenos Aires (Argentina),1970.??.??,Agdamus Jose Luis (BRA),Fischer Robert J (USA),0-1,A50,70,0.0,0.22857142857142856,0.1,0.4714285714285714,0.45714285714285713,0.2,3.3142857142857145,9.985714285714286,5.6,12.876187423687428,10.385714285714286,0.04285714285714286,10.385714285714286,0.08571428571428572,0.0,18,8,4,0,0,2,0.2571,0.1143,0.0571,0.0,0.0,50.35,49.65,Aggressive
It,Buenos Aires (Argentina),1970.??.??,Damjanovic Mato (CRO),Fischer Robert J (USA),0-1,B36,155,0.0,1.1419354838709677,1.0451612903225806,0.7612903225806451,0.2,0.6193548387096774,2.703225806451613,9.058064516129033,8.380645161290323,8.788513350448827,6.548387096774194,0.17419354838709677,6.548387096774194,0.24516129032258063,0.07741935483870968,28,26,4,0,0,2,0.1806,0.1677,0.0258,0.0,0.0,68.68,31.32,Aggressive
It,Buenos Aires (Argentina),1970.??.??,Quinteros Miguel A (ARG),Fischer Robert J (USA),0-1,A35,84,0.0,0.38095238095238093,0.4166666666666667,3.4285714285714284,1.0119047619047619,0.34523809523809523,2.619047619047619,9.607142857142858,8.321428571428571,12.364710289710294,9.035714285714286,0.047619047619047616,9.035714285714286,0.19047619047619047,0.10714285714285714,20,20,4,0,0,2,0.2381,0.2381,0.0476,0.0,0.0,59.62,40.38,Aggressive
It,Buenos Aires (Argentina),1970.??.??,Szabo Laszlo (HUN),Fischer Robert J (USA),0-1,E61,74,0.0,0.43243243243243246,0.0,0.33783783783783783,3.310810810810811,0.43243243243243246,2.4324324324324325,9.486486486486486,8.283783783783784,12.76257181257181,9.85135135135135,0.013513513513513514,9.85135135135135,0.5,0.02702702702702703,22,14,4,0,0,2,0.2973,0.1892,0.0541,0.0,0.0,57.35,42.65,Aggressive
Blitz,Herceg Novi (Yugoslavia),1970.??.??,Bronstein David I (RUS),Fischer Robert J (USA),0-1,B22,98,0.0,1.5,0.6530612244897959,1.2959183673469388,1.5510204081632653,1.163265306122449,2.857142857142857,9.979591836734693,7.438775510204081,10.87128056184178,7.857142857142857,0.030612244897959183,7.857142857142857,0.336734693877551,0.08163265306122448,24,18,2,0,0,2,0.2449,0.1837,0.0204,0.0,0.0,62.26,37.74,Aggressive
Blitz,Herceg Novi (Yugoslavia),1970.??.??,Hort Vlastimil (GER),Fischer Robert J (USA),0-1,A48,68,0.0,0.4264705882352941,0.14705882352941177,0.8970588235294118,1.4264705882352942,0.4264705882352941,2.6029411764705883,10.264705882352942,7.1911764705882355,13.807475490196078,11.426470588235293,0.014705882352941176,11.426470588235293,0.23529411764705882,0.07352941176470588,16,14,2,0,0,0,0.2353,0.2059,0.0294,0.0,0.0,48.9,51.1,Positional
Blitz,Herceg Novi (Yugoslavia),1970.??.??,Ivkov Borislav (SCG),Fischer Robert J (USA),0-1,E68,72,0.0,0.375,0.1111111111111111,1.5972222222222223,0.3333333333333333,0.3194444444444444,2.9583333333333335,10.097222222222221,6.444444444444445,14.027202812619477,11.458333333333334,0.0,11.458333333333334,0.05555555555555555,0.06944444444444445,14,14,4,0,0,0,0.1944,0.1944,0.0556,0.0,0.0,48.54,51.46,Positional
Blitz,Herceg Novi (Yugoslavia),1970.??.??,Korchnoi Viktor (SUI),Fischer Robert J (USA),0-1,E97,62,0.0,0.14516129032258066,0.08064516129032258,0.0967741935483871,0.5967741935483871,0.11290322580645161,3.0,10.483870967741936,7.016129032258065,15.424042892591277,13.387096774193548,0.0,13.387096774193548,0.2903225806451613,0.0,12,4,2,0,0,0,0.1935,0.0645,0.0323,0.0,0.0,34.0,66.0,Positional
Blitz,Herceg Novi (Yugoslavia),1970.??.??,Matulovic Milan (SCG),Fischer Robert J (USA),0-1,B97,88,0.0,0.6136363636363636,0.48863636363636365,1.375,2.647727272727273,0.5454545454545454,2.4204545454545454,9.011363636363637,8.511363636363637,10.696055238952967,7.534090909090909,0.125,7.534090909090909,0.2840909090909091,0.011363636363636364,22,20,8,0,0,2,0.25,0.2273,0.0909,0.0,0.0,64.64,35.36,Aggressive
Blitz,Herceg Novi (Yugoslavia),1970.??.??,Ostojic Predrag (YUG),Fischer Robert J (USA),0-1,B90,52,0.0,0.2692307692307692,0.07692307692307693,2.4038461538461537,0.46153846153846156,0.2692307692307692,2.730769230769231,10.307692307692308,6.5576923076923075,14.852316220104681,11.98076923076923,0.019230769230769232,11.98076923076923,0.09615384615384616,0.0,16,10,2,0,0,2,0.3077,0.1923,0.0385,0.0,0.0,47.16,52.84,Positional
Blitz,Herceg Novi (Yugoslavia),1970.??.??,Petrosian Tigran V (ARM),Fischer Robert J (USA),0-1,E70,84,0.0,0.7142857142857143,0.023809523809523808,5.380952380952381,1.1071428571428572,0.7142857142857143,2.7023809523809526,9.261904761904763,10.869047619047619,11.936561751740324,8.678571428571429,0.0,8.678571428571429,0.11904761904761904,0.16666666666666666,18,22,4,0,0,0,0.2143,0.2619,0.0476,0.0,0.0,59.25,40.75,Aggressive
Blitz,Herceg Novi (Yugoslavia),1970.??.??,Smyslov Vassily (RUS),Fischer Robert J (USA),0-1,D79,92,0.0,0.8695652173913043,0.6413043478260869,1.2065217391304348,2.597826086956522,0.6630434782608695,2.5760869565217392,9.554347826086957,6.923913043478261,11.38395191764757,8.554347826086957,0.10869565217391304,8.554347826086957,0.30434782608695654,0.0,32,20,4,0,0,2,0.3478,0.2174,0.0435,0.0,0.0,67.26,32.74,Aggressive
Blitz,Herceg Novi (Yugoslavia),1970.??.??,Tal Mikhail (LAT),Fischer Robert J (USA),0-1,B30,102,0.0,0.8137254901960784,0.6176470588235294,0.7450980392156863,4.196078431372549,0.5686274509803921,2.450980392156863,8.401960784313726,8.549019607843137,10.370422687334454,7.254901960784314,0.00980392156862745,7.254901960784314,0.21568627450980393,0.0196078431372549,26,24,8,0,0,2,0.2549,0.2353,0.0784,0.0,0.0,68.62,31.38,Aggressive
Izt,Palma de Majorca (Spain),1970.??.??,Fischer Robert J (USA),Huebner Robert Dr (GER),1/2-1/2,B10,87,0.0,0.367816091954023,0.14942528735632185,3.7586206896551726,0.3333333333333333,0.367816091954023,3.0344827586206895,9.770114942528735,8.03448275862069,12.226082123495916,9.114942528735632,0.09195402298850575,9.114942528735632,0.12643678160919541,0.27586206896551724,24,24,8,0,0,0,0.2759,0.2759,0.092,0.0,0.0,64.07,35.93,Aggressive
Izt,Palma de Majorca (Spain),1970.??.??,Fischer Robert J (USA),Jimenez Eleazar (CUB),1/2-1/2,C87,82,0.0,0.4878048780487805,0.024390243902439025,0.5609756097560976,2.902439024390244,0.3048780487804878,2.524390243902439,8.865853658536585,8.78048780487805,11.293308622272034,8.463414634146341,0.04878048780487805,8.463414634146341,0.2073170731707317,0.0,22,20,6,0,0,2,0.2683,0.2439,0.0732,0.0,0.0,62.29,37.71,Aggressive
Izt,Palma de Majorca (Spain),1970.??.??,Fischer Robert J (USA),Matulovic Milan (SCG),1/2-1/2,B31,119,0.0,1.2100840336134453,1.1176470588235294,0.36134453781512604,4.689075630252101,1.0420168067226891,2.546218487394958,8.126050420168067,8.630252100840336,8.891131114450445,5.504201680672269,0.0,5.504201680672269,0.31092436974789917,0.0,28,32,4,0,0,2,0.2353,0.2689,0.0336,0.0,0.0,72.42,27.58,Aggressive
Izt,Palma de Majorca (Spain),1970.??.??,Fischer Robert J (USA),Polugaevsky Lev A (RUS),1/2-1/2,A11,76,0.0,0.6842105263157895,0.013157894736842105,0.09210526315789473,2.3026315789473686,0.6578947368421053,2.513157894736842,9.105263157894736,7.973684210526316,11.79837793785162,8.552631578947368,0.0,8.552631578947368,0.3684210526315789,0.0,30,24,10,0,0,2,0.3947,0.3158,0.1316,0.0,0.0,68.4,31.6,Aggressive
Izt,Palma de Majorca (Spain),1970.??.??,Geller Efim P (RUS),Fischer Robert J (USA),0-1,D79,144,0.0,1.0555555555555556,0.6388888888888888,0.7361111111111112,8.930555555555555,0.8472222222222222,2.173611111111111,7.368055555555555,11.131944444444445,10.11156493968994,5.729166666666667,0.034722222222222224,5.729166666666667,0.9236111111111112,0.020833333333333332,34,24,6,0,0,2,0.2361,0.1667,0.0417,0.0,0.0,72.56,27.44,Aggressive
Izt,Palma de Majorca (Spain),1970.??.??,Gligoric Svetozar (SCG),Fischer Robert J (USA),0-1,A77,70,0.0,0.22857142857142856,0.0,2.5142857142857142,0.7285714285714285,0.22857142857142856,3.1285714285714286,10.614285714285714,8.457142857142857,13.708061224489796,10.957142857142857,0.05714285714285714,10.957142857142857,0.05714285714285714,0.04285714285714286,18,18,6,0,0,0,0.2571,0.2571,0.0857,0.0,0.0,54.54,45.46,Aggressive
Izt,Palma de Majorca (Spain),1970.??.??,Hort Vlastimil (GER),Fischer Robert J (USA),0-1,B50,146,0.0,0.7602739726027398,0.3082191780821918,0.4041095890410959,2.6506849315068495,0.4931506849315068,2.5273972602739727,9.294520547945206,8.582191780821917,11.388694695715245,8.438356164383562,0.08904109589041095,8.438356164383562,0.2054794520547945,0.0,30,30,4,0,0,2,0.2055,0.2055,0.0274,0.0,0.0,67.97,32.03,Aggressive
It,Rovinj/Zagreb (Croatia),1970.??.??,Fischer Robert J (USA),Korchnoi Viktor (SUI),1/2-1/2,B88,123,0.0,0.6747967479674797,0.13821138211382114,0.6910569105691057,2.1219512195121952,0.4715447154471545,2.5528455284552845,9.471544715447154,7.373983739837398,10.701879376269622,7.796747967479675,0.008130081300813009,7.796747967479675,0.23577235772357724,0.0,26,16,6,0,0,2,0.2114,0.1301,0.0488,0.0,0.0,64.37,35.63,Aggressive
Olympiad,Siegen (Germany),1970.??.??,Fischer Robert J (USA),Hort Vlastimil (GER),1/2-1/2,B10,120,0.0,0.44166666666666665,0.058333333333333334,1.275,0.325,0.30833333333333335,2.783333333333333,10.683333333333334,7.775,11.87687643375143,9.483333333333333,0.16666666666666666,9.483333333333333,0.2,0.125,36,16,6,0,0,2,0.3,0.1333,0.05,0.0,0.0,65.78,34.22,Aggressive
Olympiad,Siegen (Germany),1970.??.??,Spassky Boris V (FRA),Fischer Robert J (USA),1-0,D87,77,0.0,0.5324675324675324,0.012987012987012988,2.5064935064935066,0.8961038961038961,0.5194805194805194,2.948051948051948,10.220779220779221,8.441558441558442,12.786152015372794,9.480519480519481,0.2597402597402597,9.480519480519481,0.2857142857142857,0.2727272727272727,20,10,4,0,0,0,0.2597,0.1299,0.0519,0.0,0.0,53.4,46.6,Aggressive
Simul,Madrid ESP,1970.12.??,Robert James Fischer,Edwin Peinado,1/2-1/2,A01,65,0.0,0.4307692307692308,0.0,2.1076923076923078,0.27692307692307694,0.4307692307692308,3.1846153846153844,10.492307692307692,8.307692307692308,14.678089688089681,11.8,0.12307692307692308,11.8,0.07692307692307693,0.18461538461538463,14,14,2,0,0,0,0.2154,0.2154,0.0308,0.0,0.0,45.7,54.3,Positional
"Match \""URS-All World\""",Belgrade (Yugoslavia),1970.??.??,Petrosian Tigran V (ARM),Fischer Robert J (USA),1/2-1/2,D90,104,0.0,0.6442307692307693,0.6057692307692307,0.1346153846153846,4.451923076923077,0.5,2.4134615384615383,9.125,9.432692307692308,9.846095917970915,7.173076923076923,0.10576923076923077,7.173076923076923,0.5865384615384616,0.04807692307692308,28,20,4,0,0,2,0.2692,0.1923,0.0385,0.0,0.0,66.17,33.83,Aggressive
Izt,Palma de Majorca (Spain),1970.??.??,Minic Dragoljub (CRO),Fischer Robert J (USA),0-1,B03,89,0.0,0.2696629213483146,0.056179775280898875,2.269662921348315,4.438202247191011,0.2696629213483146,2.303370786516854,9.224719101123595,9.932584269662922,12.31466860230905,8.415730337078651,0.011235955056179775,8.415730337078651,0.4044943820224719,0.23595505617977527,24,22,6,0,0,2,0.2697,0.2472,0.0674,0.0,0.0,63.75,36.25,Aggressive
Izt,Palma de Majorca (Spain),1970.??.??,Reshevsky Samuel H (USA),Fischer Robert J (USA),0-1,A32,60,0.0,0.4666666666666667,0.0,3.5166666666666666,1.1333333333333333,0.4666666666666667,2.3333333333333335,9.65,6.833333333333333,12.938224321974323,9.9,0.03333333333333333,9.9,0.08333333333333333,0.1,20,10,4,0,0,0,0.3333,0.1667,0.0667,0.0,0.0,55.31,44.69,Aggressive
Izt,Palma de Majorca (Spain),1970.??.??,Smyslov Vassily (RUS),Fischer Robert J (USA),0-1,A36,87,0.0,0.7011494252873564,0.2413793103448276,1.8275862068965518,3.4367816091954024,0.6896551724137931,2.6666666666666665,9.045977011494253,8.448275862068966,11.336964886964884,8.310344827586206,0.08045977011494253,8.310344827586206,0.39080459770114945,0.11494252873563218,26,22,6,0,0,4,0.2989,0.2529,0.069,0.0,0.0,66.17,33.83,Aggressive
Izt,Palma de Majorca (Spain),1970.??.??,Suttles Duncan (CAN),Fischer Robert J (USA),0-1,B03,104,0.0,0.38461538461538464,0.4326923076923077,2.0288461538461537,2.605769230769231,0.33653846153846156,2.7115384615384617,10.471153846153847,8.182692307692308,11.900800534935154,9.0,0.0,9.0,0.41346153846153844,0.125,24,12,2,0,0,2,0.2308,0.1154,0.0192,0.0,0.0,57.82,42.18,Aggressive
Izt,Palma de Majorca (Spain),1970.??.??,Uhlmann Wolfgang (GER),Fischer Robert J (USA),0-1,A75,68,0.0,0.4852941176470588,0.058823529411764705,0.5441176470588235,3.073529411764706,0.4264705882352941,2.5294117647058822,9.823529411764707,8.970588235294118,12.047534042754634,9.323529411764707,0.17647058823529413,9.323529411764707,0.16176470588235295,0.058823529411764705,18,12,4,0,0,2,0.2647,0.1765,0.0588,0.0,0.0,53.87,46.13,Aggressive
It,Rovinj/Zagreb (Croatia),1970.??.??,Ghitescu Theodor (ROM),Fischer Robert J (USA),0-1,E82,94,0.0,1.1063829787234043,0.22340425531914893,0.3617021276595745,1.3085106382978724,0.6808510638297872,2.797872340425532,9.659574468085106,7.680851063829787,11.667599392333434,8.957446808510639,0.09574468085106383,8.957446808510639,0.22340425531914893,0.0,20,20,2,0,0,0,0.2128,0.2128,0.0213,0.0,0.0,57.88,42.12,Aggressive
It,Rovinj/Zagreb (Croatia),1970.??.??,Kurajica Bojan (BIH),Fischer Robert J (USA),0-1,B50,70,0.0,0.8,0.35714285714285715,0.8857142857142857,1.2428571428571429,0.6857142857142857,2.4714285714285715,8.657142857142857,7.271428571428571,11.515970220255937,8.714285714285714,0.014285714285714285,8.714285714285714,0.38571428571428573,0.08571428571428572,28,22,12,0,0,4,0.4,0.3143,0.1714,0.0,0.0,68.76,31.24,Aggressive
It,Rovinj/Zagreb (Croatia),1970.??.??,Minic Dragoljub (CRO),Fischer Robert J (USA),0-1,B99,66,0.0,0.7727272727272727,0.13636363636363635,1.5454545454545454,2.242424242424242,0.5757575757575758,3.0303030303030303,10.772727272727273,8.5,12.97134965203147,9.984848484848484,0.10606060606060606,9.984848484848484,0.16666666666666666,0.015151515151515152,18,12,0,0,0,0,0.2727,0.1818,0.0,0.0,0.0,49.72,50.28,Positional
It,Rovinj/Zagreb (Croatia),1970.??.??,Parma Bruno (SLO),Fischer Robert J (USA),0-1,B97,114,0.0,0.5877192982456141,0.34210526315789475,1.263157894736842,3.8771929824561404,0.5877192982456141,2.991228070175439,9.043859649122806,10.657894736842104,9.909921243473882,6.631578947368421,0.07017543859649122,6.631578947368421,0.18421052631578946,0.0,24,20,8,0,0,2,0.2105,0.1754,0.0702,0.0,0.0,65.57,34.43,Aggressive
Olympiad,Siegen (Germany),1970.??.??,Acevedo Armando (MEX),Fischer Robert J (USA),0-1,A49,96,0.0,1.09375,0.07291666666666667,0.5520833333333334,1.09375,0.5104166666666666,2.65625,9.291666666666666,7.041666666666667,13.351648756336255,11.229166666666666,0.0625,11.229166666666666,0.3020833333333333,0.07291666666666667,16,12,2,0,0,2,0.1667,0.125,0.0208,0.0,0.0,49.66,50.34,Positional
Olympiad,Siegen (Germany),1970.??.??,Gligoric Svetozar (SCG),Fischer Robert J (USA),0-1,E94,130,0.0,1.376923076923077,0.5,0.7,4.361538461538461,0.9538461538461539,2.8461538461538463,9.638461538461538,10.953846153846154,10.66746193976963,7.776923076923077,0.3153846153846154,7.776923076923077,0.3153846153846154,0.0,24,24,8,0,0,2,0.1846,0.1846,0.0615,0.0,0.0,65.37,34.63,Aggressive
Olympiad,Siegen (Germany),1970.??.??,Miyasaki Yukio (JPN),Fischer Robert J (USA),0-1,B92,60,0.0,0.35,0.0,1.8166666666666667,1.5833333333333333,0.35,2.95,11.183333333333334,9.65,14.429603452103452,11.433333333333334,0.15,11.433333333333334,0.26666666666666666,0.05,12,6,2,0,0,0,0.2,0.1,0.0333,0.0,0.0,38.51,61.49,Positional
Rovinj/Zagreb,Rovinj/Zagreb YUG,1970.04.14,Dragoljub Minic,Robert James Fischer,0-1,B99,68,0.0,0.8382352941176471,0.16176470588235295,1.6764705882352942,2.264705882352941,0.6323529411764706,3.014705882352941,10.720588235294118,8.661764705882353,12.815242029212618,9.852941176470589,0.10294117647058823,9.852941176470589,0.19117647058823528,0.014705882352941176,18,12,0,0,0,0,0.2647,0.1765,0.0,0.0,0.0,50.02,49.98,Aggressive
Rovinj/Zagreb,Rovinj/Zagreb YUG,1970.04.12,Bruno Parma,Robert James Fischer,0-1,B97,114,0.0,0.5964912280701754,0.34210526315789475,1.263157894736842,3.8684210526315788,0.5964912280701754,2.956140350877193,8.991228070175438,10.587719298245615,9.889161009555748,6.631578947368421,0.07017543859649122,6.631578947368421,0.18421052631578946,0.0,24,20,8,0,0,2,0.2105,0.1754,0.0702,0.0,0.0,65.67,34.33,Aggressive
Buenos Aires,Buenos Aires ARG,1970.07.20,Mato Damjanovic,Robert James Fischer,0-1,A31,158,0.0,1.1329113924050633,1.0569620253164558,0.8734177215189873,0.1962025316455696,0.620253164556962,2.6962025316455698,9.056962025316455,8.525316455696203,8.76088335012385,6.455696202531645,0.17721518987341772,6.455696202531645,0.24050632911392406,0.08860759493670886,28,26,4,0,0,2,0.1772,0.1646,0.0253,0.0,0.0,68.72,31.28,Aggressive
"Simul, 20b",Muenster FRG,1970.09.27,Wilfried Groenegress,Robert James Fischer,0-1,B23,71,0.0,0.5492957746478874,0.0,0.8873239436619719,1.1126760563380282,0.5492957746478874,2.647887323943662,9.47887323943662,6.492957746478873,12.645533574406816,10.084507042253522,0.07042253521126761,10.084507042253522,0.0,0.0,18,10,4,0,0,2,0.2535,0.1408,0.0563,0.0,0.0,52.98,47.02,Aggressive
"Simul, 20b",Muenster FRG,1970.09.27,Michels,Robert James Fischer,0-1,B90,60,0.0,0.21666666666666667,0.016666666666666666,1.0166666666666666,0.6666666666666666,0.2,2.85,10.416666666666666,7.216666666666667,15.239510489510486,12.516666666666667,0.0,12.516666666666667,0.21666666666666667,0.08333333333333333,14,10,2,0,0,0,0.2333,0.1667,0.0333,0.0,0.0,42.36,57.64,Positional
"Simul, 20b",Muenster FRG,1970.09.27,Lothar Tochtrop,Robert James Fischer,0-1,B90,100,0.0,0.97,0.64,0.19,3.41,0.75,2.19,8.55,8.57,10.88384398934399,8.07,0.08,8.07,0.47,0.0,24,26,6,0,0,2,0.24,0.26,0.06,0.0,0.0,66.4,33.6,Aggressive
"Simul, 20b",Muenster FRG,1970.09.27,Kraemer,Robert James Fischer,0-1,B92,52,0.0,0.09615384615384616,0.0,1.5769230769230769,0.4423076923076923,0.09615384615384616,3.0,10.26923076923077,6.75,14.596143333162566,12.096153846153847,0.0,12.096153846153847,0.038461538461538464,0.057692307692307696,12,10,4,0,0,2,0.2308,0.1923,0.0769,0.0,0.0,43.73,56.27,Positional
"Simul, 20b",Muenster FRG,1970.09.27,C Mueller,Robert James Fischer,0-1,A48,96,0.0,0.5208333333333334,0.3125,2.2395833333333335,2.90625,0.5208333333333334,2.78125,9.729166666666666,8.822916666666666,12.744391227984972,9.583333333333334,0.052083333333333336,9.583333333333334,0.5625,0.13541666666666666,26,20,8,0,0,2,0.2708,0.2083,0.0833,0.0,0.0,63.68,36.32,Aggressive
"Simul, 20b",Muenster FRG,1970.09.27,Wilhelm Kanonenberg,Robert James Fischer,0-1,B91,46,0.0,0.08695652173913043,0.10869565217391304,0.7391304347826086,1.2608695652173914,0.08695652173913043,2.717391304347826,9.608695652173912,6.1521739130434785,14.336108034477602,11.869565217391305,0.021739130434782608,11.869565217391305,0.021739130434782608,0.0,14,12,4,0,0,0,0.3043,0.2609,0.087,0.0,0.0,47.0,53.0,Positional
"Simul, 20b",Muenster FRG,1970.09.27,Kellmann,Robert James Fischer,0-1,B90,48,0.0,0.2708333333333333,0.0,0.7916666666666666,0.3541666666666667,0.10416666666666667,2.6666666666666665,10.416666666666666,7.270833333333333,14.748829295704295,12.1875,0.0,12.1875,0.020833333333333332,0.0,10,8,0,0,0,0,0.2083,0.1667,0.0,0.0,0.0,34.15,65.85,Positional
"Simul, 20b",Muenster FRG,1970.09.27,Henning,Robert James Fischer,0-1,A00,86,0.0,0.6395348837209303,0.023255813953488372,1.0930232558139534,0.27906976744186046,0.36046511627906974,2.7093023255813953,9.5,6.534883720930233,11.048667869598104,8.593023255813954,0.0,8.593023255813954,0.20930232558139536,0.09302325581395349,36,20,6,0,0,2,0.4186,0.2326,0.0698,0.0,0.0,69.11,30.89,Aggressive
Palma de Mallorca Interzonal,Palma de Mallorca ESP,1970.11.14,Vlastimil Hort,Robert James Fischer,0-1,B23,146,0.0,0.7602739726027398,0.3082191780821918,0.4041095890410959,2.6506849315068495,0.4931506849315068,2.5273972602739727,9.294520547945206,8.602739726027398,11.388694695715245,8.438356164383562,0.08904109589041095,8.438356164383562,0.2054794520547945,0.0,30,30,4,0,0,2,0.2055,0.2055,0.0274,0.0,0.0,67.96,32.04,Aggressive
Simultan,Athens (Greece),1968.??.??,Fischer Robert J (USA),Ornithopoulos Nikolaos (GRE),1-0,B45,95,0.0,0.7684210526315789,0.37894736842105264,0.25263157894736843,2.663157894736842,0.5473684210526316,2.3263157894736843,8.536842105263158,7.568421052631579,10.397560889402996,7.631578947368421,0.10526315789473684,7.631578947368421,0.3894736842105263,0.042105263157894736,26,14,4,0,0,2,0.2737,0.1474,0.0421,0.0,0.0,63.7,36.3,Aggressive
,Athens (Greece),1968.??.??,Fischer Robert J (USA),Anastasopoulos Anastasios (GRE),1-0,C69,59,0.0,0.7288135593220338,0.3220338983050847,0.2542372881355932,2.169491525423729,0.6101694915254238,2.135593220338983,8.76271186440678,7.88135593220339,12.05600995050148,9.338983050847459,0.0,9.338983050847459,0.5423728813559322,0.05084745762711865,22,12,10,0,0,2,0.3729,0.2034,0.1695,0.0,0.0,60.88,39.12,Aggressive
It,Nethanya (Israel),1968.??.??,Fischer Robert J (USA),Czerniak Moshe (ISR),1-0,B13,94,0.0,0.648936170212766,0.6382978723404256,1.127659574468085,0.9361702127659575,0.39361702127659576,2.5,9.26595744680851,7.24468085106383,10.37076357448698,7.808510638297872,0.010638297872340425,7.808510638297872,0.18085106382978725,0.05319148936170213,34,22,6,0,0,4,0.3617,0.234,0.0638,0.0,0.0,70.05,29.95,Aggressive
It,Nethanya (Israel),1968.??.??,Fischer Robert J (USA),Domnitz Zadok (ISR),1-0,B09,45,0.0,0.2,0.06666666666666667,1.1111111111111112,0.9777777777777777,0.2,2.688888888888889,10.133333333333333,7.177777777777778,14.855639545639539,12.266666666666667,0.13333333333333333,12.266666666666667,0.13333333333333333,0.1111111111111111,14,6,4,0,0,0,0.3111,0.1333,0.0889,0.0,0.0,42.29,57.71,Positional
It,Nethanya (Israel),1968.??.??,Fischer Robert J (USA),Geller Uzi (ISR),1-0,A08,63,0.0,0.30158730158730157,0.15873015873015872,1.9682539682539681,1.2857142857142858,0.2222222222222222,2.7777777777777777,10.365079365079366,7.587301587301587,13.619942931847692,11.095238095238095,0.0,11.095238095238095,0.2698412698412698,0.09523809523809523,20,12,6,0,0,0,0.3175,0.1905,0.0952,0.0,0.0,54.06,45.94,Aggressive
It,Nethanya (Israel),1968.??.??,Fischer Robert J (USA),Hamann Svend (DEN),1-0,B88,61,0.0,0.13114754098360656,0.0,0.7704918032786885,0.5901639344262295,0.01639344262295082,2.8524590163934427,10.245901639344263,7.524590163934426,13.203540994524602,10.508196721311476,0.0,10.508196721311476,0.0,0.0,20,8,10,0,0,2,0.3279,0.1311,0.1639,0.0,0.0,54.74,45.26,Aggressive
It,Buenos Aires (Argentina),1970.??.??,Mecking Henrique (BRA),Fischer Robert J (USA),1/2-1/2,D80,59,0.0,0.4406779661016949,0.1016949152542373,1.3389830508474576,0.7627118644067796,0.4406779661016949,2.610169491525424,9.677966101694915,7.322033898305085,13.474835804496823,10.830508474576272,0.01694915254237288,10.830508474576272,0.15254237288135594,0.0,14,10,8,0,0,2,0.2373,0.1695,0.1356,0.0,0.0,50.76,49.24,Aggressive
It,Buenos Aires (Argentina),1970.??.??,Najdorf Miguel (POL),Fischer Robert J (USA),1/2-1/2,D41,79,0.0,0.6708860759493671,0.20253164556962025,0.4050632911392405,1.3037974683544304,0.4430379746835443,2.6455696202531644,9.556962025316455,7.1265822784810124,12.035458563939578,9.468354430379748,0.05063291139240506,9.468354430379748,0.4430379746835443,0.06329113924050633,32,14,10,0,0,6,0.4051,0.1772,0.1266,0.0,0.0,66.59,33.41,Aggressive
It,Buenos Aires (Argentina),1970.??.??,Reshevsky Samuel H (USA),Fischer Robert J (USA),1/2-1/2,E43,81,0.0,0.20987654320987653,0.012345679012345678,0.7901234567901234,2.0246913580246915,0.16049382716049382,3.0246913580246915,9.950617283950617,7.765432098765432,13.52016241645871,11.135802469135802,0.0,11.135802469135802,0.24691358024691357,0.0,18,8,6,0,0,2,0.2222,0.0988,0.0741,0.0,0.0,50.86,49.14,Aggressive
It,Buenos Aires (Argentina),1970.??.??,Smyslov Vassily (RUS),Fischer Robert J (USA),1/2-1/2,A37,80,0.0,0.4125,0.325,0.525,1.2625,0.4,2.8625,9.4125,7.2,13.53474386724387,10.775,0.0125,10.775,0.15,0.0,24,16,4,0,0,4,0.3,0.2,0.05,0.0,0.0,58.57,41.43,Aggressive
Simultan,Buenos Aires (Argentina),1970.??.??,Weberg Oyvind,Fischer Robert J (USA),1/2-1/2,C89,76,0.0,0.6447368421052632,0.42105263157894735,0.8552631578947368,3.4342105263157894,0.4342105263157895,2.8157894736842106,9.197368421052632,8.828947368421053,12.141775622038784,9.197368421052632,0.0,9.197368421052632,0.9342105263157895,0.0,28,18,6,0,0,2,0.3684,0.2368,0.0789,0.0,0.0,63.74,36.26,Aggressive
Blitz,Herceg Novi (Yugoslavia),1970.??.??,Reshevsky Samuel H (USA),Fischer Robert J (USA),1/2-1/2,E94,93,0.0,0.8387096774193549,0.3763440860215054,0.978494623655914,1.5483870967741935,0.5913978494623656,2.3870967741935485,8.559139784946236,8.086021505376344,10.967583611131998,7.935483870967742,0.0,7.935483870967742,0.12903225806451613,0.0,26,26,4,0,0,2,0.2796,0.2796,0.043,0.0,0.0,66.56,33.44,Aggressive
Blitz,Herceg Novi (Yugoslavia),1970.??.??,Uhlmann Wolfgang (GER),Fischer Robert J (USA),1/2-1/2,E74,52,0.0,0.34615384615384615,0.09615384615384616,0.6538461538461539,1.25,0.34615384615384615,3.173076923076923,10.442307692307692,7.0,14.323355810855809,11.653846153846153,0.0,11.653846153846153,0.34615384615384615,0.0,18,14,2,0,0,2,0.3462,0.2692,0.0385,0.0,0.0,50.22,49.78,Aggressive
Izt,Palma de Majorca (Spain),1970.??.??,Naranja Renato (PHI),Fischer Robert J (USA),1/2-1/2,A35,95,0.0,0.5789473684210527,0.2736842105263158,1.2210526315789474,2.8210526315789473,0.3684210526315789,2.305263157894737,8.852631578947369,7.094736842105263,11.113238165343429,8.042105263157895,0.021052631578947368,8.042105263157895,0.2,0.0,24,16,4,0,0,2,0.2526,0.1684,0.0421,0.0,0.0,63.02,36.98,Aggressive
Izt,Palma de Majorca (Spain),1970.??.??,Portisch Lajos (HUN),Fischer Robert J (USA),1/2-1/2,A70,57,0.0,0.21052631578947367,0.017543859649122806,1.9473684210526316,0.7543859649122807,0.21052631578947367,3.1578947368421053,9.649122807017545,7.526315789473684,14.27347350505245,11.368421052631579,0.0,11.368421052631579,0.19298245614035087,0.03508771929824561,20,6,0,0,0,0,0.3509,0.1053,0.0,0.0,0.0,46.46,53.54,Positional
Izt,Palma de Majorca (Spain),1970.??.??,Ujtumen Tudev (MGL),Fischer Robert J (USA),1/2-1/2,B03,85,0.0,1.0235294117647058,0.6352941176470588,1.423529411764706,0.29411764705882354,0.6470588235294118,2.6588235294117646,9.435294117647059,6.964705882352941,10.743207968502084,8.329411764705883,0.07058823529411765,8.329411764705883,0.16470588235294117,0.011764705882352941,30,16,8,0,0,2,0.3529,0.1882,0.0941,0.0,0.0,66.81,33.19,Aggressive
It,Rovinj/Zagreb (Croatia),1970.??.??,Browne Walter S (USA),Fischer Robert J (USA),1/2-1/2,B04,196,0.0,1.2755102040816326,1.3316326530612246,0.1836734693877551,3.2346938775510203,1.0408163265306123,2.316326530612245,8.714285714285714,9.260204081632653,9.894583633486695,5.857142857142857,0.03571428571428571,5.857142857142857,0.41836734693877553,0.0,32,28,10,0,0,4,0.1633,0.1429,0.051,0.0,0.0,73.15,26.85,Aggressive
It,Rovinj/Zagreb (Croatia),1970.??.??,Hort Vlastimil (GER),Fischer Robert J (USA),1/2-1/2,B26,66,0.0,0.3181818181818182,0.07575757575757576,0.6818181818181818,0.5454545454545454,0.2878787878787879,2.742424242424242,9.121212121212121,6.090909090909091,12.683759043986313,9.984848484848484,0.06060606060606061,9.984848484848484,0.09090909090909091,0.0,28,12,6,0,0,4,0.4242,0.1818,0.0909,0.0,0.0,61.93,38.07,Aggressive
It,Rovinj/Zagreb (Croatia),1970.??.??,Ivkov Borislav (SCG),Fischer Robert J (USA),1/2-1/2,D40,145,0.0,1.1310344827586207,0.6275862068965518,0.6275862068965518,3.193103448275862,0.9655172413793104,2.43448275862069,9.082758620689654,10.979310344827587,10.77732459111769,6.310344827586207,0.2827586206896552,6.310344827586207,0.3586206896551724,0.0,28,24,8,0,0,2,0.1931,0.1655,0.0552,0.0,0.0,68.07,31.93,Aggressive
It,Rovinj/Zagreb (Croatia),1970.??.??,Petrosian Tigran V (ARM),Fischer Robert J (USA),1/2-1/2,B38,87,0.0,0.5287356321839081,0.4367816091954023,2.7241379310344827,2.8620689655172415,0.42528735632183906,2.2758620689655173,9.379310344827585,9.068965517241379,11.381972975938492,8.563218390804598,0.011494252873563218,8.563218390804598,0.5517241379310345,0.06896551724137931,32,26,4,0,0,2,0.3678,0.2989,0.046,0.0,0.0,68.2,31.8,Aggressive
It,Rovinj/Zagreb (Croatia),1970.??.??,Smyslov Vassily (RUS),Fischer Robert J (USA),1/2-1/2,B26,70,0.0,0.2571428571428571,0.0,1.8571428571428572,1.1428571428571428,0.2571428571428571,2.5285714285714285,9.7,8.085714285714285,14.277707808064955,11.67142857142857,0.1,11.67142857142857,0.04285714285714286,0.0,22,10,4,0,0,2,0.3143,0.1429,0.0571,0.0,0.0,53.43,46.57,Aggressive
Olympiad,Siegen (Germany),1970.??.??,Gheorghiu Florin (ROM),Fischer Robert J (USA),1/2-1/2,E80,114,0.0,1.3245614035087718,1.5175438596491229,0.043859649122807015,0.3508771929824561,0.9122807017543859,3.0789473684210527,9.526315789473685,7.254385964912281,9.274440252729725,6.754385964912281,0.06140350877192982,6.754385964912281,0.14035087719298245,0.008771929824561403,32,26,2,0,0,0,0.2807,0.2281,0.0175,0.0,0.0,69.11,30.89,Aggressive
Olympiad,Siegen (Germany),1970.??.??,Portisch Lajos (HUN),Fischer Robert J (USA),1/2-1/2,E45,78,0.0,0.3717948717948718,0.358974358974359,1.0897435897435896,0.5769230769230769,0.3076923076923077,2.6025641025641026,8.756410256410257,7.269230769230769,10.69488936988937,8.102564102564102,0.10256410256410256,8.102564102564102,0.1282051282051282,0.08974358974358974,28,26,12,0,0,2,0.359,0.3333,0.1538,0.0,0.0,69.77,30.23,Aggressive
Olympiad,Siegen (Germany),1970.??.??,Uhlmann Wolfgang (GER),Fischer Robert J (USA),1/2-1/2,E74,84,0.0,0.8928571428571429,0.20238095238095238,2.6547619047619047,0.40476190476190477,0.7261904761904762,3.0833333333333335,10.678571428571429,9.095238095238095,12.465186268757702,9.654761904761905,0.13095238095238096,9.654761904761905,0.3333333333333333,0.09523809523809523,22,18,6,0,0,2,0.2619,0.2143,0.0714,0.0,0.0,59.16,40.84,Aggressive
Buenos Aires,Buenos Aires ARG,1970.08.11,Samuel Reshevsky,Robert James Fischer,1/2-1/2,E43,82,0.0,0.21951219512195122,0.024390243902439025,0.7804878048780488,2.0853658536585367,0.17073170731707318,3.024390243902439,9.926829268292684,7.817073170731708,13.465038484550677,11.085365853658537,0.0,11.085365853658537,0.24390243902439024,0.0,18,8,6,0,0,2,0.2195,0.0976,0.0732,0.0,0.0,50.95,49.05,Aggressive
Simultan,Habana (Cuba),1936.??.??,Capablanca Jose Raul (CUB),Gelabert J A,1-0,A13,53,0.0,0.6415094339622641,0.0,2.6792452830188678,1.0,0.6415094339622641,2.9245283018867925,10.075471698113208,7.283018867924528,13.81931579950448,11.132075471698114,0.018867924528301886,11.132075471698114,0.09433962264150944,0.0,12,12,0,0,0,0,0.2264,0.2264,0.0,0.0,0.0,43.87,56.13,Positional
,Habana (Cuba),1936.??.??,Capablanca Jose Raul (CUB),Palacio C A,1-0,D53,113,0.0,0.40707964601769914,0.19469026548672566,2.743362831858407,1.2212389380530972,0.39823008849557523,3.150442477876106,10.47787610619469,8.946902654867257,13.820710312303236,10.769911504424778,0.13274336283185842,10.769911504424778,0.18584070796460178,0.05309734513274336,18,14,6,0,0,2,0.1593,0.1239,0.0531,0.0,0.0,53.79,46.21,Aggressive
It,Margate (England),1936.??.??,Capablanca Jose Raul (CUB),Menchik Vera,1-0,D06,95,0.0,0.8421052631578947,0.47368421052631576,2.768421052631579,1.5578947368421052,0.6631578947368421,2.694736842105263,10.210526315789474,9.505263157894737,12.191729031202717,9.115789473684211,0.15789473684210525,9.115789473684211,0.3368421052631579,0.29473684210526313,24,20,4,0,0,2,0.2526,0.2105,0.0421,0.0,0.0,61.11,38.89,Aggressive
It,Margate (England),1936.??.??,Capablanca Jose Raul (CUB),Milner Barry Philip S (ENG),1-0,A26,71,0.0,0.22535211267605634,0.1267605633802817,0.7323943661971831,0.07042253521126761,0.1267605633802817,2.8450704225352115,10.098591549295774,5.887323943661972,14.556145341356608,12.253521126760564,0.014084507042253521,12.253521126760564,0.0,0.04225352112676056,14,8,2,0,0,0,0.1972,0.1127,0.0282,0.0,0.0,41.68,58.32,Positional
It,Margate (England),1936.??.??,Capablanca Jose Raul (CUB),Sergeant Edward,1-0,A09,67,0.0,0.4925373134328358,0.07462686567164178,2.1791044776119404,1.7611940298507462,0.4925373134328358,2.985074626865672,10.82089552238806,8.298507462686567,13.875675485376979,11.074626865671641,0.0,11.074626865671641,0.14925373134328357,0.0,14,10,2,0,0,0,0.209,0.1493,0.0299,0.0,0.0,45.25,54.75,Positional
It,Moscow (Russia),1936.??.??,Capablanca Jose Raul (CUB),Eliskases Erich G (AUT),1-0,C50,107,0.0,0.6915887850467289,0.16822429906542055,1.1121495327102804,1.2149532710280373,0.45794392523364486,2.3551401869158877,9.504672897196262,6.336448598130841,11.650251410064488,9.149532710280374,0.018691588785046728,9.149532710280374,0.018691588785046728,0.0,24,18,6,0,0,2,0.2243,0.1682,0.0561,0.0,0.0,63.01,36.99,Aggressive
It,Moscow (Russia),1936.??.??,Capablanca Jose Raul (CUB),Lilienthal Andor (HUN),1-0,A12,107,0.0,0.37383177570093457,0.2336448598130841,0.6355140186915887,1.644859813084112,0.2803738317757009,2.6728971962616823,9.429906542056075,7.0,12.101364678934777,9.429906542056075,0.018691588785046728,9.429906542056075,0.18691588785046728,0.0,24,22,4,0,0,2,0.2243,0.2056,0.0374,0.0,0.0,62.17,37.83,Aggressive
It,Moscow (Russia),1936.??.??,Capablanca Jose Raul (CUB),Ragozin Viacheslav V (RUS),1-0,E22,125,0.0,1.16,0.888,1.272,1.768,0.976,2.416,8.968,8.072,10.474327672327671,7.336,0.0,7.336,0.152,0.024,28,22,6,0,0,2,0.224,0.176,0.048,0.0,0.0,67.96,32.04,Aggressive
It,Moscow (Russia),1936.??.??,Capablanca Jose Raul (CUB),Rjumin N (RUS),1-0,A53,53,0.0,0.24528301886792453,0.0,2.056603773584906,0.5094339622641509,0.24528301886792453,2.811320754716981,10.547169811320755,7.622641509433962,14.993495812363735,12.566037735849056,0.0,12.566037735849056,0.20754716981132076,0.0,14,6,2,0,0,2,0.2642,0.1132,0.0377,0.0,0.0,41.36,58.64,Positional
,New York (USA),1936.??.??,Capablanca Jose Raul (CUB),Rather J C,1-0,B25,39,0.0,0.5128205128205128,0.05128205128205128,1.2564102564102564,0.23076923076923078,0.41025641025641024,2.7948717948717947,9.256410256410257,5.384615384615385,14.343086685394379,12.0,0.05128205128205128,12.0,0.0,0.0,14,8,4,0,0,0,0.359,0.2051,0.1026,0.0,0.0,45.45,54.55,Positional
It,Nottingham (England),1936.??.??,Capablanca Jose Raul (CUB),Alekhine Alexander A (RUS),1-0,A92,74,0.0,0.35135135135135137,0.24324324324324326,0.527027027027027,0.47297297297297297,0.2972972972972973,3.054054054054054,9.716216216216216,7.378378378378378,14.326048313548313,11.783783783783784,0.32432432432432434,11.783783783783784,0.14864864864864866,0.04054054054054054,18,12,8,0,0,2,0.2432,0.1622,0.1081,0.0,0.0,52.63,47.37,Aggressive
It,Nottingham (England),1936.??.??,Capablanca Jose Raul (CUB),Alexander Conel H O'D (ENG),1-0,A26,87,0.0,0.40229885057471265,0.1839080459770115,2.1494252873563218,0.5747126436781609,0.1724137931034483,3.0229885057471266,9.96551724137931,7.494252873563219,13.545989961507207,10.528735632183908,0.06896551724137931,10.528735632183908,0.45977011494252873,0.11494252873563218,18,8,2,0,0,2,0.2069,0.092,0.023,0.0,0.0,48.93,51.07,Positional
It,Nottingham (England),1936.??.??,Capablanca Jose Raul (CUB),Reshevsky Samuel H (USA),1-0,E03,115,0.0,0.6521739130434783,0.3565217391304348,1.608695652173913,0.6869565217391305,0.43478260869565216,2.6956521739130435,9.278260869565218,7.182608695652174,10.011796319622402,7.51304347826087,0.017391304347826087,7.51304347826087,0.19130434782608696,0.16521739130434782,38,22,6,0,0,2,0.3304,0.1913,0.0522,0.0,0.0,71.58,28.42,Aggressive
It,Nottingham (England),1936.??.??,Capablanca Jose Raul (CUB),Tylor Theodore (ENG),1-0,E62,69,0.0,0.11594202898550725,0.0,2.9565217391304346,0.7101449275362319,0.11594202898550725,3.0,9.869565217391305,8.101449275362318,15.090585903629382,12.173913043478262,0.2898550724637681,12.173913043478262,0.36231884057971014,0.057971014492753624,20,14,6,0,0,0,0.2899,0.2029,0.087,0.0,0.0,53.4,46.6,Aggressive
It,Semmering (Austria),1937.??.??,Eliskases Erich G (AUT),Capablanca Jose Raul (CUB),1-0,D17,163,0.0,1.3190184049079754,1.196319018404908,0.22085889570552147,0.36809815950920244,0.8895705521472392,2.0920245398773005,7.306748466257669,7.558282208588957,7.917643059054105,4.656441717791411,0.04294478527607362,4.656441717791411,0.09202453987730061,0.024539877300613498,34,22,4,0,0,2,0.2086,0.135,0.0245,0.0,0.0,74.09,25.91,Aggressive
It,Semmering (Austria),1937.??.??,Fine Reuben (USA),Capablanca Jose Raul (CUB),1/2-1/2,D17,44,0.0,0.1590909090909091,0.2727272727272727,1.4772727272727273,0.5909090909090909,0.1590909090909091,2.909090909090909,10.022727272727273,8.0,14.627029788393424,11.659090909090908,0.022727272727272728,11.659090909090908,0.22727272727272727,0.1590909090909091,12,4,0,0,0,0,0.2727,0.0909,0.0,0.0,0.0,34.49,65.51,Positional
It,Semmering (Austria),1937.??.??,Flohr Salomon M (CZE),Capablanca Jose Raul (CUB),1/2-1/2,D28,62,0.0,0.43548387096774194,0.0,2.8225806451612905,0.46774193548387094,0.43548387096774194,3.0,10.451612903225806,7.741935483870968,14.292282985831374,10.96774193548387,0.12903225806451613,10.96774193548387,0.16129032258064516,0.14516129032258066,18,12,4,0,0,0,0.2903,0.1935,0.0645,0.0,0.0,51.18,48.82,Aggressive
It,Semmering (Austria),1937.??.??,Keres Paul (EST),Capablanca Jose Raul (CUB),1/2-1/2,B36,112,0.0,0.7946428571428571,0.6428571428571429,1.1607142857142858,4.107142857142857,0.6339285714285714,2.107142857142857,8.508928571428571,9.071428571428571,10.66949107440179,7.3125,0.044642857142857144,7.3125,0.375,0.03571428571428571,20,28,4,0,0,2,0.1786,0.25,0.0357,0.0,0.0,65.25,34.75,Aggressive
It,Semmering (Austria),1937.??.??,Petrov Vladimir M (LAT),Capablanca Jose Raul (CUB),1/2-1/2,D17,48,0.0,0.4791666666666667,0.3541666666666667,2.6458333333333335,0.625,0.4791666666666667,2.3541666666666665,9.395833333333334,8.270833333333334,13.426576143763645,10.541666666666666,0.020833333333333332,10.541666666666666,0.20833333333333334,0.0625,20,12,4,0,0,0,0.4167,0.25,0.0833,0.0,0.0,54.09,45.91,Aggressive
It,Semmering (Austria),1937.??.??,Ragozin Viacheslav V (RUS),Capablanca Jose Raul (CUB),0-1,D18,80,0.0,0.575,0.025,2.975,0.675,0.575,2.8375,10.5875,9.1125,13.618139013764017,10.5625,0.1375,10.5625,0.2,0.075,24,16,6,0,0,4,0.3,0.2,0.075,0.0,0.0,59.09,40.91,Aggressive
It,Semmering (Austria),1937.??.??,Reshevsky Samuel H (USA),Capablanca Jose Raul (CUB),1/2-1/2,D12,39,0.0,0.2564102564102564,0.0,2.1794871794871793,0.717948717948718,0.2564102564102564,2.871794871794872,10.333333333333334,8.102564102564102,14.389288916211994,11.794871794871796,0.02564102564102564,11.794871794871796,0.28205128205128205,0.20512820512820512,16,6,2,0,0,0,0.4103,0.1538,0.0513,0.0,0.0,43.45,56.55,Positional
Semmering/Baden,Semmering/Baden AUT,1937.09.14,Jose Raul Capablanca,Viacheslav Ragozin,1/2-1/2,D64,80,0.0,0.75,0.4125,1.725,1.25,0.575,2.7875,10.4125,8.3,13.464599532412032,10.8875,0.2125,10.8875,0.225,0.0625,20,14,6,0,0,2,0.25,0.175,0.075,0.0,0.0,55.51,44.49,Aggressive
Semmering/Baden,Semmering/Baden AUT,1937.09.26,Salomon Flohr,Jose Raul Capablanca,1/2-1/2,D28,61,0.0,0.4426229508196721,0.0,2.8688524590163933,0.4098360655737705,0.4426229508196721,3.0163934426229506,10.491803278688524,7.80327868852459,14.367332121430485,11.065573770491802,0.13114754098360656,11.065573770491802,0.16393442622950818,0.13114754098360656,18,12,4,0,0,0,0.2951,0.1967,0.0656,0.0,0.0,51.03,48.97,Aggressive
Semmering/Baden,Semmering/Baden AUT,1937.09.24,Viacheslav Ragozin,Jose Raul Capablanca,0-1,D18,80,0.0,0.575,0.025,2.975,0.675,0.5625,2.825,10.5625,9.05,13.608615204240209,10.5625,0.1375,10.5625,0.2,0.075,24,18,6,0,0,4,0.3,0.225,0.075,0.0,0.0,59.8,40.2,Aggressive
Semmering/Baden,Semmering/Baden AUT,1937.09.22,Erich Eliskases,Jose Raul Capablanca,1-0,D17,163,0.0,1.3190184049079754,1.196319018404908,0.22085889570552147,0.36809815950920244,0.8895705521472392,2.104294478527607,7.306748466257669,7.558282208588957,7.925823018154309,4.656441717791411,0.04294478527607362,4.656441717791411,0.09202453987730061,0.024539877300613498,34,22,4,0,0,2,0.2086,0.135,0.0245,0.0,0.0,74.08,25.92,Aggressive
January 13 2026,?,2026.01.13,"Dubov, Daniil","Campelo, Leandro Fabricio",1-0,,95,0.0,0.29473684210526313,0.25263157894736843,3.8526315789473684,0.3684210526315789,0.25263157894736843,3.2421052631578946,11.021052631578947,9.210526315789474,12.883896775738885,9.189473684210526,0.031578947368421054,9.189473684210526,0.021052631578947368,0.25263157894736843,20,22,2,0,0,0,0.2105,0.2316,0.0211,0.0,0.0,56.87,43.13,Aggressive
January 13 2026,?,2026.01.13,"Dubov, Daniil","Mani, Sarbartho",1-0,,51,0.0,0.09803921568627451,0.0,0.3333333333333333,0.0392156862745098,0.09803921568627451,2.8823529411764706,10.352941176470589,6.588235294117647,15.91689813454519,13.647058823529411,0.0,13.647058823529411,0.0,0.0,10,8,2,0,0,0,0.1961,0.1569,0.0392,0.0,0.0,34.24,65.76,Positional
January 27 2026,?,2026.01.27,"Dubov, Daniil","Durarbayli, Vasif",1-0,,57,0.0,0.6140350877192983,0.14035087719298245,1.5614035087719298,0.08771929824561403,0.6140350877192983,2.9473684210526314,10.31578947368421,8.157894736842104,14.236042222884326,11.578947368421053,0.10526315789473684,11.578947368421053,0.07017543859649122,0.03508771929824561,16,4,6,0,0,2,0.2807,0.0702,0.1053,0.0,0.0,46.11,53.89,Positional
January 27 2026,?,2026.01.27,"Dubov, Daniil","Nakamura, Hikaru",1-0,,93,0.0,0.3225806451612903,0.0,2.3978494623655915,1.5698924731182795,0.22580645161290322,3.043010752688172,10.53763440860215,9.96774193548387,13.555249797991735,10.795698924731182,0.06451612903225806,10.795698924731182,0.11827956989247312,0.16129032258064516,16,14,2,0,0,0,0.172,0.1505,0.0215,0.0,0.0,48.62,51.38,Positional
January 27 2026,?,2026.01.27,"Dubov, Daniil","Baturin-Vinogradov, Miroslav",1-0,,47,0.0,0.2127659574468085,0.0,1.8936170212765957,1.3829787234042554,0.2127659574468085,2.872340425531915,10.595744680851064,7.25531914893617,14.839206183887033,11.829787234042554,0.0,11.829787234042554,0.06382978723404255,0.19148936170212766,16,6,2,0,0,0,0.3404,0.1277,0.0426,0.0,0.0,43.64,56.36,Positional
January 27 2026,?,2026.01.27,"Dubov, Daniil","Matinian, Nikita",1-0,,101,0.0,0.9306930693069307,0.37623762376237624,1.4554455445544554,2.108910891089109,0.5742574257425742,2.6633663366336635,9.306930693069306,8.138613861386139,10.407663073999707,7.861386138613861,0.04950495049504951,7.861386138613861,0.297029702970297,0.12871287128712872,32,18,8,0,0,2,0.3168,0.1782,0.0792,0.0,0.0,68.49,31.51,Aggressive
February 03 2026,?,2026.02.03,"Dubov, Daniil","Zhauynbay, Alimzhan",1-0,,45,0.0,0.26666666666666666,0.0,0.17777777777777778,0.35555555555555557,0.24444444444444444,2.688888888888889,8.377777777777778,6.044444444444444,12.730666370666372,10.511111111111111,0.044444444444444446,10.511111111111111,0.0,0.0,14,10,2,0,0,2,0.3111,0.2222,0.0444,0.0,0.0,46.81,53.19,Positional
February 03 2026,?,2026.02.03,"Dubov, Daniil","Korchynskyi, Mykola",1-0,,95,0.0,0.7789473684210526,0.08421052631578947,0.47368421052631576,0.6421052631578947,0.3473684210526316,2.7578947368421054,9.042105263157895,6.8,11.038880213353897,8.631578947368421,0.08421052631578947,8.631578947368421,0.010526315789473684,0.0,28,20,6,0,0,2,0.2947,0.2105,0.0632,0.0,0.0,65.7,34.3,Aggressive
February 03 2026,?,2026.02.03,"Dubov, Daniil","Gabrielian, Artur",1-0,,109,0.0,1.2568807339449541,0.5504587155963303,0.27522935779816515,3.9541284403669725,0.7522935779816514,2.761467889908257,9.036697247706423,9.26605504587156,10.219825790926707,7.36697247706422,0.09174311926605505,7.36697247706422,0.44036697247706424,0.0,28,24,10,0,0,2,0.2569,0.2202,0.0917,0.0,0.0,69.13,30.87,Aggressive
Aeroflot Open 2026,?,2026.03.01,"Dubov, Daniil","Usov, Aleksandr E.",1-0,,40,0.0,0.35,0.125,1.275,0.0,0.35,2.65,9.975,6.875,13.70337912087912,11.225,0.0,11.225,0.0,0.05,12,2,2,0,0,0,0.3,0.05,0.05,0.0,0.0,36.17,63.83,Positional
Aeroflot Open 2026,?,2026.03.04,"Dubov, Daniil","Lavrik, Dmitry",1-0,,97,0.0,0.24742268041237114,0.0,1.1443298969072164,1.824742268041237,0.24742268041237114,3.051546391752577,10.989690721649485,8.731958762886597,14.711102128112431,11.721649484536082,0.1958762886597938,11.721649484536082,0.2268041237113402,0.030927835051546393,16,20,2,0,0,2,0.1649,0.2062,0.0206,0.0,0.0,50.62,49.38,Aggressive
Play-In 2,?,2026.03.18,"Dubov, Daniil","Martirosyan, Haik M.",1-0,,61,0.0,0.5901639344262295,0.3770491803278688,1.4262295081967213,1.2622950819672132,0.5901639344262295,3.0327868852459017,10.163934426229508,7.622950819672131,13.038912362682852,10.098360655737705,0.09836065573770492,10.098360655737705,0.16393442622950818,0.0,18,10,6,0,0,2,0.2951,0.1639,0.0984,0.0,0.0,53.26,46.74,Aggressive
Play-In 2,?,2026.03.18,"Dubov, Daniil","Vaibhav, Suri",1-0,,61,0.0,0.6557377049180327,0.0,2.0655737704918034,0.47540983606557374,0.6557377049180327,2.6885245901639343,10.557377049180328,8.245901639344263,15.387220884761867,12.918032786885245,0.26229508196721313,12.918032786885245,0.04918032786885246,0.0,12,8,2,0,0,0,0.1967,0.1311,0.0328,0.0,0.0,39.63,60.37,Positional
Play-In 2,?,2026.03.18,"Dubov, Daniil","Vasquez Schroeder, Rodrigo",1-0,,97,0.0,0.29896907216494845,0.0,3.556701030927835,1.041237113402062,0.23711340206185566,2.9690721649484537,10.1340206185567,9.845360824742269,13.103453448041085,10.092783505154639,0.12371134020618557,10.092783505154639,0.15463917525773196,0.05154639175257732,22,16,2,0,0,0,0.2268,0.1649,0.0206,0.0,0.0,55.47,44.53,Aggressive
Play-In 3,?,2026.03.23,"Dubov, Daniil","Theodorou, Nikolas",1-0,,91,0.0,0.5604395604395604,0.08791208791208792,1.065934065934066,1.054945054945055,0.31868131868131866,2.967032967032967,11.021978021978022,8.615384615384615,13.497049836610273,10.857142857142858,0.10989010989010989,10.857142857142858,0.5274725274725275,0.02197802197802198,14,18,6,0,0,2,0.1538,0.1978,0.0659,0.0,0.0,51.69,48.31,Aggressive
Play-In 3,?,2026.03.23,"Dubov, Daniil","Caruana, Fabiano",1-0,,63,0.0,0.3333333333333333,0.0,2.7777777777777777,1.0952380952380953,0.3333333333333333,2.7936507936507935,10.19047619047619,7.777777777777778,14.554558580749054,11.634920634920634,0.15873015873015872,11.634920634920634,0.14285714285714285,0.015873015873015872,18,14,2,0,0,0,0.2857,0.2222,0.0317,0.0,0.0,50.66,49.34,Aggressive
Play-In 3,?,2026.03.23,"Dubov, Daniil","Nguyen, Ngoc Truong Son",1-0,,125,0.0,1.152,0.96,0.2,0.344,0.552,2.416,9.68,6.656,9.254536174936174,7.144,0.032,7.144,0.32,0.016,28,22,8,0,0,2,0.224,0.176,0.064,0.0,0.0,68.98,31.02,Aggressive
Play-In 3,?,2026.03.23,"Dubov, Daniil","Caruana, Fabiano",1-0,,123,0.0,0.7967479674796748,0.34959349593495936,3.1463414634146343,0.3983739837398374,0.6016260162601627,3.16260162601626,11.05691056910569,9.292682926829269,12.022105604422679,8.991869918699187,0.032520325203252036,8.991869918699187,0.056910569105691054,0.13821138211382114,28,14,4,0,0,0,0.2276,0.1138,0.0325,0.0,0.0,60.37,39.63,Aggressive
Play-In 3,?,2026.03.23,"Dubov, Daniil","Makarian, Rudik",1-0,,129,0.0,1.1085271317829457,0.3798449612403101,4.062015503875969,2.372093023255814,0.8914728682170543,2.751937984496124,9.496124031007753,10.503875968992247,11.033038881876095,7.48062015503876,0.13178294573643412,7.48062015503876,0.3178294573643411,0.11627906976744186,22,18,4,0,0,2,0.1705,0.1395,0.031,0.0,0.0,62.03,37.97,Aggressive
Play-In 3,?,2026.03.23,"Dubov, Daniil","Karthikeyan, Murali",1-0,,213,0.0,1.6525821596244132,0.8075117370892019,0.8873239436619719,0.09859154929577464,0.9248826291079812,2.943661971830986,8.830985915492958,6.098591549295775,7.099765714202332,5.032863849765258,0.09389671361502347,5.032863849765258,0.03755868544600939,0.06572769953051644,24,26,0,0,0,0,0.1127,0.1221,0.0,0.0,0.0,69.07,30.93,Aggressive
March 24 2026,?,2026.03.24,"Dubov, Daniil",Apoorv Kamble,1-0,,97,0.0,0.8247422680412371,0.23711340206185566,1.1958762886597938,3.6288659793814433,0.44329896907216493,2.536082474226804,9.268041237113403,9.144329896907216,11.012895695369922,8.22680412371134,0.1134020618556701,8.22680412371134,0.29896907216494845,0.0,18,28,2,0,0,2,0.1856,0.2887,0.0206,0.0,0.0,61.56,38.44,Aggressive
March 24 2026,?,2026.03.24,"Dubov, Daniil","Wang, Shixu B",1-0,,65,0.0,0.3384615384615385,0.12307692307692308,0.676923076923077,0.6153846153846154,0.3384615384615385,2.5384615384615383,10.169230769230769,7.538461538461538,13.61784369476677,11.03076923076923,0.015384615384615385,11.03076923076923,0.12307692307692308,0.07692307692307693,20,12,12,0,0,6,0.3077,0.1846,0.1846,0.0,0.0,58.21,41.79,Aggressive
March 24 2026,?,2026.03.24,"Dubov, Daniil","Mekhitarian, Krikor Sevag",1-0,,77,0.0,0.6103896103896104,0.15584415584415584,4.532467532467533,1.1688311688311688,0.6103896103896104,2.961038961038961,10.142857142857142,9.324675324675324,12.807400175581993,8.714285714285714,0.0,8.714285714285714,0.3246753246753247,0.24675324675324675,26,16,4,0,0,0,0.3377,0.2078,0.0519,0.0,0.0,60.97,39.03,Aggressive
March 24 2026,?,2026.03.24,"Dubov, Daniil","Mostertman, Milan",1-0,,49,0.0,0.8979591836734694,0.12244897959183673,1.3877551020408163,0.673469387755102,0.8979591836734694,2.510204081632653,9.877551020408163,8.571428571428571,14.086391159860547,11.551020408163266,0.12244897959183673,11.551020408163266,0.16326530612244897,0.0,8,8,2,0,0,0,0.1633,0.1633,0.0408,0.0,0.0,36.37,63.63,Positional
Playoffs,?,2026.04.23,"Dubov, Daniil","Sindarov, Javokhir",1-0,,55,0.0,0.21818181818181817,0.0,3.0,0.18181818181818182,0.21818181818181817,2.327272727272727,9.872727272727273,7.9818181818181815,13.6478650642287,10.618181818181819,0.0,10.618181818181819,0.10909090909090909,0.03636363636363636,18,10,6,0,0,0,0.3273,0.1818,0.1091,0.0,0.0,52.35,47.65,Aggressive
Playoffs,?,2026.04.24,"Dubov, Daniil",Pranesh M,1-0,,61,0.0,0.7049180327868853,0.29508196721311475,1.9672131147540983,0.4918032786885246,0.6885245901639344,2.8360655737704916,10.19672131147541,8.540983606557377,14.355401611139316,11.573770491803279,0.06557377049180328,11.573770491803279,0.06557377049180328,0.0,18,8,4,0,0,0,0.2951,0.1311,0.0656,0.0,0.0,48.44,51.56,Positional
Baku Open - 2026,?,2026.05.06,"Dubov, Daniil","Iskandarov, Misratdin",1-0,,213,0.0,1.647887323943662,0.5446009389671361,0.6948356807511737,3.9107981220657275,1.0985915492957747,2.051643192488263,8.896713615023474,8.530516431924882,9.128024674855654,6.051643192488263,0.004694835680751174,6.051643192488263,0.38497652582159625,0.009389671361502348,26,24,8,0,0,2,0.1221,0.1127,0.0376,0.0,0.0,70.51,29.49,Aggressive
May 12 2026,?,2026.05.12,"Dubov, Daniil","Negrean, Andrei",1-0,,59,0.0,0.4915254237288136,0.11864406779661017,2.2033898305084745,1.423728813559322,0.4406779661016949,3.016949152542373,10.152542372881356,8.084745762711865,13.857211432635157,11.627118644067796,0.0,11.627118644067796,0.1694915254237288,0.0,12,10,8,0,0,2,0.2034,0.1695,0.1356,0.0,0.0,48.45,51.55,Positional
May 12 2026,?,2026.05.12,"Dubov, Daniil","Usov, Aleksandr E.",1-0,,49,0.0,0.7551020408163265,0.46938775510204084,4.489795918367347,1.2040816326530612,0.7551020408163265,2.326530612244898,9.591836734693878,9.551020408163266,12.804826012989272,9.571428571428571,0.0,9.571428571428571,0.08163265306122448,0.2857142857142857,14,12,4,0,0,0,0.2857,0.2449,0.0816,0.0,0.0,51.4,48.6,Aggressive
May 12 2026,?,2026.05.12,"Dubov, Daniil","Di Berardino, Diego Rafael",1-0,,51,0.0,0.6470588235294118,0.0,2.549019607843137,0.3137254901960784,0.6470588235294118,3.019607843137255,10.568627450980392,7.921568627450981,14.741865324218262,11.803921568627452,0.0392156862745098,11.803921568627452,0.21568627450980393,0.11764705882352941,12,6,2,0,0,0,0.2353,0.1176,0.0392,0.0,0.0,39.55,60.45,Positional
May 12 2026,?,2026.05.12,"Dubov, Daniil","Avramidou, Anastasia",1-0,,71,0.0,0.4788732394366197,0.0,0.18309859154929578,1.8169014084507042,0.4225352112676056,2.0985915492957745,9.112676056338028,5.859154929577465,12.539646464646466,9.971830985915492,0.0,9.971830985915492,0.323943661971831,0.2112676056338028,24,18,6,0,0,2,0.338,0.2535,0.0845,0.0,0.0,62.11,37.89,Aggressive
May 19 2026,?,2026.05.19,"Dubov, Daniil","Jasinski, Alexander",1-0,,141,0.0,0.9361702127659575,0.8297872340425532,1.0638297872340425,2.801418439716312,0.6453900709219859,1.9078014184397163,8.070921985815604,9.26241134751773,9.65192687533113,6.75177304964539,0.1276595744680851,6.75177304964539,0.40425531914893614,0.06382978723404255,26,28,4,0,0,4,0.1844,0.1986,0.0284,0.0,0.0,69.22,30.78,Aggressive
May 19 2026,?,2026.05.19,"Dubov, Daniil","Kosakowski, Jakub",1-0,,91,0.0,0.9560439560439561,0.0,0.7142857142857143,2.2857142857142856,0.9010989010989011,2.3956043956043955,10.285714285714286,10.912087912087912,12.27841639435046,9.296703296703297,0.13186813186813187,9.296703296703297,0.4835164835164835,0.04395604395604396,24,26,8,0,0,2,0.2637,0.2857,0.0879,0.0,0.0,63.31,36.69,Aggressive
May 19 2026,?,2026.05.19,"Dubov, Daniil","Sarana, Alexey",1-0,,171,0.0,0.8888888888888888,1.0935672514619883,2.0584795321637426,1.1345029239766082,0.6081871345029239,2.192982456140351,8.005847953216374,8.894736842105264,9.540723928443226,4.8654970760233915,0.07602339181286549,4.8654970760233915,0.15204678362573099,0.17543859649122806,32,22,6,0,0,2,0.1871,0.1287,0.0351,0.0,0.0,71.98,28.02,Aggressive
May 19 2026,?,2026.05.19,"Dubov, Daniil","Szpar, Milosz",1-0,,87,0.0,0.20689655172413793,0.0,0.9885057471264368,1.5632183908045978,0.14942528735632185,2.3563218390804597,9.137931034482758,6.459770114942529,12.474844472258265,9.919540229885058,0.1724137931034483,9.919540229885058,0.12643678160919541,0.0,26,30,6,0,0,4,0.2989,0.3448,0.069,0.0,0.0,66.6,33.4,Aggressive
June 02 2026,?,2026.06.02,"Dubov, Daniil","Lyutsinger, Iren",1-0,,99,0.0,0.48484848484848486,0.030303030303030304,1.404040404040404,0.35353535353535354,0.32323232323232326,3.3737373737373737,11.424242424242424,9.02020202020202,13.507186192034677,11.141414141414142,0.020202020202020204,11.141414141414142,0.2222222222222222,0.12121212121212122,20,18,2,0,0,0,0.202,0.1818,0.0202,0.0,0.0,52.3,47.7,Aggressive
June 02 2026,?,2026.06.02,"Dubov, Daniil","Tikhonov, Viacheslav",1-0,,59,0.0,0.3220338983050847,0.2711864406779661,0.9830508474576272,0.2711864406779661,0.2711864406779661,2.2033898305084745,10.474576271186441,8.796610169491526,13.618345120040038,11.152542372881356,0.01694915254237288,11.152542372881356,0.03389830508474576,0.01694915254237288,18,16,8,0,0,2,0.3051,0.2712,0.1356,0.0,0.0,54.71,45.29,Aggressive
June 02 2026,?,2026.06.02,"Dubov, Daniil","Dixit, Nikhil",1-0,,83,0.0,0.8433734939759037,0.1686746987951807,6.289156626506024,2.1927710843373496,0.5662650602409639,2.710843373493976,10.25301204819277,11.433734939759036,11.852254305266353,8.771084337349398,0.07228915662650602,8.771084337349398,0.27710843373493976,0.4578313253012048,18,24,0,0,0,0,0.2169,0.2892,0.0,0.0,0.0,57.98,42.02,Aggressive
Masters,?,2026.06.04,Daniil Dubov,"Yadegar, Radin",1-0,,90,0.0,0.8555555555555555,0.12222222222222222,2.6666666666666665,1.988888888888889,0.8111111111111111,2.5555555555555554,10.055555555555555,9.655555555555555,13.068979878146546,10.477777777777778,0.06666666666666667,10.477777777777778,0.28888888888888886,0.08888888888888889,26,12,8,0,0,2,0.2889,0.1333,0.0889,0.0,0.0,60.29,39.71,Aggressive
Masters,?,2026.06.06,Daniil Dubov,"Shuvalova, Polina",1-0,,107,0.0,1.1495327102803738,0.2803738317757009,0.14018691588785046,5.691588785046729,0.8504672897196262,2.7289719626168223,9.42056074766355,9.97196261682243,10.487847355137072,7.738317757009346,0.07476635514018691,7.738317757009346,0.35514018691588783,0.009345794392523364,24,26,4,0,0,2,0.2243,0.243,0.0374,0.0,0.0,65.36,34.64,Aggressive
June 23 2026,?,2026.06.23,"Dubov, Daniil",Srihari L R,1-0,,109,0.0,0.9174311926605505,0.1743119266055046,4.26605504587156,1.6238532110091743,0.6422018348623854,2.8256880733944953,10.908256880733944,10.724770642201834,12.812545278370957,10.238532110091743,0.027522935779816515,10.238532110091743,0.27522935779816515,0.3669724770642202,20,12,6,0,0,2,0.1835,0.1101,0.055,0.0,0.0,55.63,44.37,Aggressive
June 23 2026,?,2026.06.23,"Dubov, Daniil","Weetik, Vjacheslav",1-0,,71,0.0,0.4507042253521127,0.0,2.8450704225352115,0.38028169014084506,0.4507042253521127,2.5774647887323945,10.169014084507042,7.943661971830986,14.311698590923944,11.338028169014084,0.15492957746478872,11.338028169014084,0.09859154929577464,0.14084507042253522,26,14,6,0,0,2,0.3662,0.1972,0.0845,0.0,0.0,58.88,41.12,Aggressive
June 23 2026,?,2026.06.23,"Dubov, Daniil","Agmanov, Begman",1-0,,65,0.0,0.27692307692307694,0.3076923076923077,2.5384615384615383,0.5230769230769231,0.23076923076923078,3.4307692307692306,10.923076923076923,9.138461538461538,15.448446681523608,12.446153846153846,0.0,12.446153846153846,0.13846153846153847,0.015384615384615385,18,8,8,0,0,0,0.2769,0.1231,0.1231,0.0,0.0,48.93,51.07,Positional
June 23 2026,?,2026.06.23,"Dubov, Daniil","Katsanis, Vasileios Dim",1-0,,61,0.0,0.5409836065573771,0.0,2.360655737704918,0.5409836065573771,0.5409836065573771,2.4754098360655736,10.688524590163935,8.360655737704919,14.326804707132583,11.59016393442623,0.16393442622950818,11.59016393442623,0.0,0.0,16,16,0,0,0,0,0.2623,0.2623,0.0,0.0,0.0,48.18,51.82,Positional
June 30 2026,?,2026.06.30,"Dubov, Daniil","Punin, Andrii",1-0,,97,0.0,0.7319587628865979,0.6391752577319587,0.35051546391752575,1.8969072164948453,0.41237113402061853,2.1030927835051547,7.721649484536083,6.597938144329897,8.536948933082956,5.721649484536083,0.0,5.721649484536083,0.27835051546391754,0.020618556701030927,32,34,6,0,0,2,0.3299,0.3505,0.0619,0.0,0.0,75.49,24.51,Aggressive
June 30 2026,?,2026.06.30,"Dubov, Daniil","Katsanis, Vasileios Dim",1-0,,187,0.0,0.8342245989304813,0.18181818181818182,0.5668449197860963,0.5561497326203209,0.6684491978609626,2.27807486631016,9.144385026737968,8.176470588235293,9.53808119984591,6.7967914438502675,0.10160427807486631,6.7967914438502675,0.13903743315508021,0.016042780748663103,36,34,10,0,0,2,0.1925,0.1818,0.0535,0.0,0.0,74.51,25.49,Aggressive
July 14 2026,?,2026.07.14,"Dubov, Daniil",Sahib Singh,1-0,,137,0.0,0.656934306569343,0.45985401459854014,1.2627737226277371,0.2846715328467153,0.31386861313868614,2.5547445255474455,9.277372262773723,8.277372262773723,9.74686341638897,7.627737226277373,0.15328467153284672,7.627737226277373,0.08759124087591241,0.12408759124087591,36,30,8,0,0,0,0.2628,0.219,0.0584,0.0,0.0,72.13,27.87,Aggressive
July 14 2026,?,2026.07.14,"Dubov, Daniil","Brkic, Ante",1-0,,69,0.0,0.21739130434782608,0.0,1.855072463768116,1.5507246376811594,0.21739130434782608,2.710144927536232,10.884057971014492,8.318840579710145,14.445001013479274,11.521739130434783,0.08695652173913043,11.521739130434783,0.07246376811594203,0.057971014492753624,22,16,2,0,0,0,0.3188,0.2319,0.029,0.0,0.0,53.63,46.37,Aggressive
July 14 2026,?,2026.07.14,"Dubov, Daniil","Lai, Duc Minh",1-0,,47,0.0,0.7021276595744681,0.48936170212765956,4.574468085106383,2.0638297872340425,0.7021276595744681,1.9787234042553192,9.46808510638298,10.51063829787234,12.467044362257129,9.25531914893617,0.0,9.25531914893617,0.2978723404255319,0.3404255319148936,14,16,4,0,0,0,0.2979,0.3404,0.0851,0.0,0.0,53.8,46.2,Aggressive
July 14 2026,?,2026.07.14,"Dubov, Daniil","Petersen, Marcel",1-0,,57,0.0,0.3508771929824561,0.03508771929824561,1.0526315789473684,0.9824561403508771,0.3157894736842105,3.1228070175438596,10.43859649122807,8.175438596491228,14.261363977153449,11.75438596491228,0.22807017543859648,11.75438596491228,0.22807017543859648,0.017543859649122806,18,6,6,0,0,2,0.3158,0.1053,0.1053,0.0,0.0,48.37,51.63,Positional
July 28 2026,?,2026.07.28,"Dubov, Daniil","Germanovs, Georgijs",1-0,,87,0.0,0.7011494252873564,0.25287356321839083,3.0,2.1149425287356323,0.6666666666666666,2.9080459770114944,9.195402298850574,9.954022988505747,10.917172993035063,8.045977011494253,0.13793103448275862,8.045977011494253,0.3218390804597701,0.08045977011494253,18,22,10,0,0,6,0.2069,0.2529,0.1149,0.0,0.0,63.76,36.24,Aggressive
July 28 2026,?,2026.07.28,"Dubov, Daniil","Mohammadi, Melika",1-0,,177,0.0,1.3615819209039548,0.4463276836158192,0.96045197740113,4.988700564971752,0.8926553672316384,2.1073446327683616,8.033898305084746,9.649717514124294,9.085276462395107,5.994350282485875,0.14124293785310735,5.994350282485875,0.4293785310734463,0.02824858757062147,30,28,6,0,0,4,0.1695,0.1582,0.0339,0.0,0.0,72.55,27.45,Aggressive
LCQ | Group B,?,2026.08.04,"Dubov, Daniil","Moroni, Luca Jr",1-0,,59,0.0,0.22033898305084745,0.05084745762711865,2.457627118644068,1.4067796610169492,0.22033898305084745,2.7966101694915255,9.745762711864407,7.576271186440678,12.908774511740612,9.88135593220339,0.06779661016949153,9.88135593220339,0.4576271186440678,0.23728813559322035,18,18,4,0,0,2,0.3051,0.3051,0.0678,0.0,0.0,56.32,43.68,Aggressive
LCQ | Group B,?,2026.08.04,"Dubov, Daniil","Sava, Robert-Gabriel",1-0,,87,0.0,0.5747126436781609,0.2988505747126437,1.1379310344827587,0.8850574712643678,0.367816091954023,2.310344827586207,8.379310344827585,7.160919540229885,11.308165557303484,8.436781609195402,0.10344827586206896,8.436781609195402,0.3103448275862069,0.13793103448275862,30,16,6,0,0,2,0.3448,0.1839,0.069,0.0,0.0,66.06,33.94,Aggressive
LCQ | Knockout,?,2026.08.06,"Dubov, Daniil","Bortnyk, Olexandr",1-0,,103,0.0,0.8252427184466019,0.6116504854368932,1.1262135922330097,1.5048543689320388,0.6990291262135923,3.0097087378640777,10.339805825242719,9.514563106796116,11.426360667380088,8.553398058252426,0.009708737864077669,8.553398058252426,0.24271844660194175,0.06796116504854369,18,22,4,0,0,2,0.1748,0.2136,0.0388,0.0,0.0,58.19,41.81,Aggressive
LCQ | Knockout | 5th-6th,?,2026.08.06,"Dubov, Daniil","Hansen, Eric",1-0,,143,0.0,1.2377622377622377,1.020979020979021,0.6503496503496503,1.2867132867132867,1.034965034965035,2.3566433566433567,8.93006993006993,8.048951048951048,10.359202452559094,7.111888111888112,0.04195804195804196,7.111888111888112,0.20279720279720279,0.0,26,22,6,0,0,2,0.1818,0.1538,0.042,0.0,0.0,67.05,32.95,Aggressive
Masters,?,2026.08.15,"Dubov, Daniil","Krishnan, Ritvik",1-0,,80,0.0,0.3375,0.225,3.3875,1.4625,0.3375,2.675,9.8875,9.1125,12.540212183649682,9.3125,0.225,9.3125,0.2125,0.1875,28,18,10,0,0,2,0.35,0.225,0.125,0.0,0.0,64.76,35.24,Aggressive
Masters,?,2026.08.17,"Dubov, Daniil","Shukhman, Anna",1-0,,105,0.0,0.9714285714285714,0.47619047619047616,0.0380952380952381,0.5904761904761905,0.44761904761904764,2.780952380952381,8.971428571428572,6.514285714285714,8.612676054104627,6.257142857142857,0.0380952380952381,6.257142857142857,0.14285714285714285,0.009523809523809525,42,22,10,0,0,2,0.4,0.2095,0.0952,0.0,0.0,75.6,24.4,Aggressive
Masters,?,2026.08.19,"Dubov, Daniil","Ansat, Aldiyar",1-0,,85,0.0,0.43529411764705883,0.15294117647058825,2.588235294117647,1.5058823529411764,0.27058823529411763,3.223529411764706,10.188235294117646,8.623529411764705,12.169694684400568,9.294117647058824,0.0,9.294117647058824,0.17647058823529413,0.15294117647058825,30,18,8,0,0,2,0.3529,0.2118,0.0941,0.0,0.0,64.79,35.21,Aggressive
September 01 2026,?,2026.09.01,"Dubov, Daniil",Jyotshnav Talukdar,1-0,,133,0.0,0.6390977443609023,0.7969924812030075,0.6616541353383458,2.180451127819549,0.5789473684210527,2.4135338345864663,8.691729323308271,7.541353383458647,9.658701511521057,6.548872180451128,0.07518796992481203,6.548872180451128,0.22556390977443608,0.03007518796992481,30,32,12,0,0,2,0.2256,0.2406,0.0902,0.0,0.0,73.68,26.32,Aggressive
September 01 2026,?,2026.09.01,"Dubov, Daniil","Maghsoodloo, Parham",1-0,,163,0.0,0.7361963190184049,0.294478527607362,3.9693251533742333,1.2269938650306749,0.6809815950920245,2.5705521472392636,9.312883435582823,8.809815950920246,10.684040244009568,7.196319018404908,0.04294478527607362,7.196319018404908,0.2147239263803681,0.09202453987730061,30,28,8,0,0,2,0.184,0.1718,0.0491,0.0,0.0,70.54,29.46,Aggressive
September 01 2026,?,2026.09.01,"Dubov, Daniil","Abdurakhmonov, Mukhammadali",1-0,,61,0.0,0.32786885245901637,0.0,3.9344262295081966,0.14754098360655737,0.32786885245901637,2.5081967213114753,10.295081967213115,8.967213114754099,14.011479640578,10.721311475409836,0.14754098360655737,10.721311475409836,0.0,0.22950819672131148,16,20,4,0,0,0,0.2623,0.3279,0.0656,0.0,0.0,53.69,46.31,Aggressive
September 01 2026,?,2026.09.01,"Dubov, Daniil","Maksimovic, Bojan",1-0,,149,0.0,1.2281879194630871,1.2147651006711409,0.8322147651006712,3.557046979865772,0.9194630872483222,2.4161073825503356,8.442953020134228,10.020134228187919,8.739263923995471,5.201342281879195,0.06711409395973154,5.201342281879195,0.47651006711409394,0.06040268456375839,28,28,10,0,0,2,0.1879,0.1879,0.0671,0.0,0.0,72.5,27.5,Aggressive
Main Event,?,2026.09.10,"Dubov, Daniil","Dominguez Perez, Leinier",1-0,,67,0.0,0.3582089552238806,0.0,4.074626865671642,0.9552238805970149,0.3582089552238806,2.791044776119403,9.73134328358209,9.208955223880597,13.177326901953768,9.298507462686567,0.014925373134328358,9.298507462686567,0.3582089552238806,0.2835820895522388,20,18,4,0,0,2,0.2985,0.2687,0.0597,0.0,0.0,57.89,42.11,Aggressive
September 15 2026,?,2026.09.15,"Dubov, Daniil",Bhuvan Krishna Prasanth,1-0,,99,0.0,1.2424242424242424,0.7272727272727273,2.121212121212121,0.12121212121212122,0.6464646464646465,2.7777777777777777,10.080808080808081,7.5353535353535355,10.24274140562019,8.01010101010101,0.0,8.01010101010101,0.04040404040404041,0.15151515151515152,24,16,6,0,0,0,0.2424,0.1616,0.0606,0.0,0.0,62.74,37.26,Aggressive
September 15 2026,?,2026.09.15,"Dubov, Daniil","Poltorak, Sebastian",1-0,,67,0.0,0.582089552238806,0.029850746268656716,1.8805970149253732,0.29850746268656714,0.4925373134328358,2.4776119402985075,10.044776119402986,9.238805970149254,13.708575752605602,11.223880597014926,0.4626865671641791,11.223880597014926,0.014925373134328358,0.0,18,6,8,0,0,0,0.2687,0.0896,0.1194,0.0,0.0,50.09,49.91,Aggressive
September 15 2026,?,2026.09.15,"Dubov, Daniil","Kaidanov, Gregory",1-0,,57,0.0,0.5263157894736842,0.12280701754385964,3.6315789473684212,2.280701754385965,0.5263157894736842,3.1403508771929824,11.385964912280702,10.578947368421053,14.493351969667756,10.982456140350877,0.0,10.982456140350877,0.47368421052631576,0.17543859649122806,10,10,0,0,0,0,0.1754,0.1754,0.0,0.0,0.0,39.26,60.74,Positional
September 22 2026,?,2026.09.22,"Dubov, Daniil","Brilej, Jaka",1-0,,47,0.0,0.3617021276595745,0.0,1.5319148936170213,0.1702127659574468,0.3617021276595745,3.1702127659574466,10.595744680851064,7.340425531914893,15.181697734889225,12.553191489361701,0.0,12.553191489361701,0.3404255319148936,0.06382978723404255,10,2,0,0,0,0,0.2128,0.0426,0.0,0.0,0.0,29.12,70.88,Positional
September 22 2026,?,2026.09.22,"Dubov, Daniil","Iniyan, Pa",1-0,,67,0.0,0.417910447761194,0.029850746268656716,1.537313432835821,0.3283582089552239,0.23880597014925373,2.671641791044776,9.582089552238806,6.701492537313433,12.867768259932442,10.343283582089553,0.16417910447761194,10.343283582089553,0.0,0.0,26,18,8,0,0,4,0.3881,0.2687,0.1194,0.0,0.0,63.04,36.96,Aggressive
September 22 2026,?,2026.09.22,"Dubov, Daniil","Odegov, Artem",1-0,,95,0.0,0.5789473684210527,0.4105263157894737,1.4947368421052631,0.21052631578947367,0.35789473684210527,2.4105263157894736,9.557894736842105,7.442105263157894,10.695654462496567,7.947368421052632,0.042105263157894736,7.947368421052632,0.07368421052631578,0.1368421052631579,26,24,2,0,0,2,0.2737,0.2526,0.0211,0.0,0.0,64.72,35.28,Aggressive
September 22 2026,?,2026.09.22,"Dubov, Daniil","Amburgy, Ryan",1-0,,49,0.0,0.2857142857142857,0.0,0.9183673469387755,1.0,0.2857142857142857,2.7551020408163267,10.16326530612245,8.408163265306122,14.971905305578783,12.285714285714286,0.16326530612244897,12.285714285714286,0.16326530612244897,0.0,14,4,0,0,0,0,0.2857,0.0816,0.0,0.0,0.0,36.46,63.54,Positional
September 22 2026,?,2026.09.22,"Dubov, Daniil","Pinheiro, Iung Alicio de O.",1-0,,75,0.0,0.28,0.0,0.52,0.38666666666666666,0.28,3.32,10.546666666666667,6.72,15.373148407148408,12.84,0.41333333333333333,12.84,0.05333333333333334,0.0,14,4,4,0,0,0,0.1867,0.0533,0.0533,0.0,0.0,39.26,60.74,Positional
September 29 2026,?,2026.09.29,"Dubov, Daniil","Tsydypov, Zhamsaran",1-0,,53,0.0,0.4339622641509434,0.3018867924528302,1.320754716981132,1.3018867924528301,0.4339622641509434,2.9245283018867925,10.88679245283019,9.60377358490566,14.016628968515757,10.90566037735849,0.3018867924528302,10.90566037735849,0.2830188679245283,0.0,18,8,4,0,0,0,0.3396,0.1509,0.0755,0.0,0.0,47.64,52.36,Positional
September 29 2026,?,2026.09.29,"Dubov, Daniil","Gadzhiev, Ruslan",1-0,,85,0.0,0.8823529411764706,0.3176470588235294,4.023529411764706,0.8352941176470589,0.5764705882352941,2.5647058823529414,10.105882352941176,10.364705882352942,13.063976285152753,9.611764705882353,0.058823529411764705,9.611764705882353,0.3176470588235294,0.27058823529411763,22,10,4,0,0,0,0.2588,0.1176,0.0471,0.0,0.0,55.07,44.93,Aggressive
September 29 2026,?,2026.09.29,"Dubov, Daniil","Nurgaliyeva, Zarina",1-0,,69,0.0,0.43478260869565216,0.18840579710144928,0.8840579710144928,0.2608695652173913,0.3188405797101449,3.130434782608696,9.942028985507246,6.6231884057971016,12.09569299460604,9.681159420289855,0.043478260869565216,9.681159420289855,0.2028985507246377,0.0,28,16,8,0,0,6,0.4058,0.2319,0.1159,0.0,0.0,64.05,35.95,Aggressive
January 13 2026,?,2026.01.13,"Dubov, Daniil","Olhovik, Andrei",0-1,,80,0.0,1.075,0.25,4.8125,1.9,1.075,2.65,10.3875,10.85,13.00124562937063,9.4625,0.0375,9.4625,0.2625,0.075,16,22,6,0,0,2,0.2,0.275,0.075,0.0,0.0,58.22,41.78,Aggressive
January 27 2026,?,2026.01.27,"Dubov, Daniil","Vokhidov, Shamsiddin",0-1,,130,0.0,0.9846153846153847,0.8076923076923077,1.2307692307692308,1.3692307692307693,0.7461538461538462,2.223076923076923,8.046153846153846,7.476923076923077,9.82596109019186,6.3307692307692305,0.07692307692307693,6.3307692307692305,0.2,0.023076923076923078,38,26,8,0,0,4,0.2923,0.2,0.0615,0.0,0.0,74.94,25.06,Aggressive
February 03 2026,?,2026.02.03,"Dubov, Daniil","Niemann, Hans Moke",0-1,,130,0.0,0.9692307692307692,0.0,2.9076923076923076,2.3,0.5692307692307692,2.5692307692307694,9.884615384615385,10.723076923076922,12.698115260807558,9.907692307692308,0.2923076923076923,9.907692307692308,0.3153846153846154,0.16923076923076924,22,14,6,0,0,4,0.1692,0.1077,0.0462,0.0,0.0,58.5,41.5,Aggressive
February 03 2026,?,2026.02.03,"Dubov, Daniil","So, Wesley",0-1,,98,0.0,0.8775510204081632,0.10204081632653061,2.6020408163265305,1.316326530612245,0.8775510204081632,2.877551020408163,9.857142857142858,9.571428571428571,12.134131543060116,9.285714285714286,0.11224489795918367,9.285714285714286,0.10204081632653061,0.0,26,20,6,0,0,4,0.2653,0.2041,0.0612,0.0,0.0,63.35,36.65,Aggressive
Play-In 3,?,2026.03.23,"Dubov, Daniil","Movahed, Sina",0-1,,78,0.0,0.34615384615384615,0.358974358974359,1.4230769230769231,1.858974358974359,0.32051282051282054,3.051282051282051,11.397435897435898,8.794871794871796,15.070545764776535,12.205128205128204,0.0,12.205128205128204,0.32051282051282054,0.0641025641025641,18,10,0,0,0,0,0.2308,0.1282,0.0,0.0,0.0,44.94,55.06,Positional
March 24 2026,?,2026.03.24,"Dubov, Daniil","Taher, Yoseph Theolifus",0-1,,194,0.0,1.4742268041237114,1.7422680412371134,0.29381443298969073,4.329896907216495,1.1855670103092784,2.3711340206185567,8.262886597938145,10.376288659793815,9.089452872442564,4.06701030927835,0.17010309278350516,4.06701030927835,0.5309278350515464,0.015463917525773196,20,34,4,0,0,2,0.1031,0.1753,0.0206,0.0,0.0,69.69,30.31,Aggressive
Playoffs,?,2026.04.23,"Dubov, Daniil",Nihal Sarin,0-1,,60,0.0,0.6666666666666666,0.03333333333333333,3.3833333333333333,0.9,0.6666666666666666,2.7,10.583333333333334,9.016666666666667,14.19681554556555,10.933333333333334,0.15,10.933333333333334,0.3,0.1,10,12,2,0,0,0,0.1667,0.2,0.0333,0.0,0.0,42.88,57.12,Positional
Playoffs,?,2026.04.24,"Dubov, Daniil","Movahed, Sina",0-1,,36,0.0,0.6388888888888888,0.2777777777777778,3.888888888888889,0.3333333333333333,0.6388888888888888,2.861111111111111,10.36111111111111,9.36111111111111,13.961240765407432,11.222222222222221,0.08333333333333333,11.222222222222221,0.16666666666666666,0.16666666666666666,14,10,4,0,0,4,0.3889,0.2778,0.1111,0.0,0.0,48.44,51.56,Positional
Playoffs,?,2026.04.24,"Dubov, Daniil",Pranesh M,0-1,,66,0.0,1.0151515151515151,0.0,2.696969696969697,0.6060606060606061,1.0151515151515151,2.6818181818181817,10.848484848484848,8.196969696969697,14.225875891784984,11.348484848484848,0.13636363636363635,11.348484848484848,0.5757575757575758,0.16666666666666666,14,10,0,0,0,0,0.2121,0.1515,0.0,0.0,0.0,43.9,56.1,Positional
May 12 2026,?,2026.05.12,"Dubov, Daniil","Caruana, Fabiano",0-1,,73,0.0,1.2191780821917808,0.2054794520547945,0.410958904109589,2.26027397260274,1.0547945205479452,2.493150684931507,9.643835616438356,8.657534246575343,11.13283216022942,7.917808219178082,0.0136986301369863,7.917808219178082,0.1506849315068493,0.0,18,20,10,0,0,2,0.2466,0.274,0.137,0.0,0.0,62.39,37.61,Aggressive
May 19 2026,?,2026.05.19,"Dubov, Daniil","Nakamura, Hikaru",0-1,,184,0.0,0.8586956521739131,0.375,1.233695652173913,4.146739130434782,0.5163043478260869,2.1847826086956523,7.7228260869565215,8.092391304347826,10.010569744265396,6.054347826086956,0.005434782608695652,6.054347826086956,0.44565217391304346,0.09239130434782608,34,22,6,0,0,2,0.1848,0.1196,0.0326,0.0,0.0,72.53,27.47,Aggressive
May 19 2026,?,2026.05.19,"Dubov, Daniil","Carlsen, Magnus",0-1,,104,0.0,1.1057692307692308,0.4807692307692308,1.1634615384615385,3.2115384615384617,0.7019230769230769,2.8461538461538463,9.75,8.701923076923077,11.133643973547823,8.173076923076923,0.009615384615384616,8.173076923076923,0.2692307692307692,0.0,20,12,4,0,0,2,0.1923,0.1154,0.0385,0.0,0.0,57.73,42.27,Aggressive
June 02 2026,?,2026.06.02,"Dubov, Daniil","Szpar, Milosz",0-1,,68,0.0,0.7058823529411765,0.0,3.426470588235294,0.45588235294117646,0.6029411764705882,2.676470588235294,9.897058823529411,7.8088235294117645,12.301903815139106,9.823529411764707,0.0,9.823529411764707,0.16176470588235295,0.11764705882352941,26,12,4,0,0,0,0.3824,0.1765,0.0588,0.0,0.0,59.53,40.47,Aggressive
June 30 2026,?,2026.06.30,"Dubov, Daniil","Mahdavi, Reza",0-1,,116,0.0,0.6982758620689655,0.6293103448275862,2.3275862068965516,2.689655172413793,0.6206896551724138,2.8017241379310347,9.758620689655173,10.96551724137931,12.415131013622396,9.327586206896552,0.35344827586206895,9.327586206896552,0.33620689655172414,0.16379310344827586,26,14,10,0,0,2,0.2241,0.1207,0.0862,0.0,0.0,62.0,38.0,Aggressive
June 30 2026,?,2026.06.30,"Dubov, Daniil",Sahib Singh,0-1,,70,0.0,0.32857142857142857,0.0,1.1857142857142857,1.5285714285714285,0.24285714285714285,2.9,9.157142857142857,6.642857142857143,11.688630258630257,8.9,0.05714285714285714,8.9,0.21428571428571427,0.02857142857142857,26,8,4,0,0,2,0.3714,0.1143,0.0571,0.0,0.0,59.36,40.64,Aggressive
July 14 2026,?,2026.07.14,"Dubov, Daniil","Taher, Yoseph Theolifus",0-1,,72,0.0,1.0694444444444444,0.3611111111111111,0.9027777777777778,2.361111111111111,0.9861111111111112,2.5833333333333335,10.23611111111111,8.083333333333334,12.680847046472048,9.958333333333334,0.05555555555555555,9.958333333333334,0.3888888888888889,0.013888888888888888,24,14,4,0,0,0,0.3333,0.1944,0.0556,0.0,0.0,58.27,41.73,Aggressive
LCQ | Knockout | 5th-6th,?,2026.08.06,"Dubov, Daniil","Grischuk, Alexander",0-1,,78,0.0,1.0128205128205128,0.4358974358974359,1.0512820512820513,1.1923076923076923,0.8076923076923077,2.5,9.397435897435898,7.423076923076923,11.15149675822753,8.384615384615385,0.14102564102564102,8.384615384615385,0.2564102564102564,0.0,32,10,8,2,2,6,0.4103,0.1282,0.1026,0.0256,0.0256,67.55,32.45,Aggressive
Masters,?,2026.08.22,"Dubov, Daniil","Iniyan, Pa",0-1,,60,0.0,0.6333333333333333,0.0,4.466666666666667,1.3,0.6333333333333333,2.8333333333333335,10.533333333333333,9.016666666666667,13.963606856106852,10.833333333333334,0.0,10.833333333333334,0.16666666666666666,0.4,8,8,2,0,0,2,0.1333,0.1333,0.0333,0.0,0.0,40.2,59.8,Positional
September 01 2026,?,2026.09.01,"Dubov, Daniil","Galchenko, Matvey",0-1,,114,0.0,1.2280701754385965,0.42105263157894735,0.6140350877192983,0.631578947368421,0.8947368421052632,2.4210526315789473,8.807017543859649,7.912280701754386,10.448345441108598,6.964912280701754,0.09649122807017543,6.964912280701754,0.11403508771929824,0.008771929824561403,24,30,2,0,0,2,0.2105,0.2632,0.0175,0.0,0.0,66.79,33.21,Aggressive
Main Event,?,2026.09.07,"Dubov, Daniil","Vidit, Santosh Gujrathi",0-1,,108,0.0,0.9814814814814815,0.26851851851851855,1.8703703703703705,0.8888888888888888,0.6574074074074074,2.5925925925925926,9.685185185185185,8.546296296296296,10.794131819826262,8.166666666666666,0.0,8.166666666666666,0.17592592592592593,0.037037037037037035,24,12,8,0,0,2,0.2222,0.1111,0.0741,0.0,0.0,62.07,37.93,Aggressive
Main Event,?,2026.09.08,"Dubov, Daniil","Mamedyarov, Shakhriyar",0-1,,84,0.0,0.5714285714285714,0.03571428571428571,0.8571428571428571,2.9761904761904763,0.5119047619047619,2.392857142857143,9.630952380952381,8.916666666666666,11.597282215139355,8.785714285714286,0.05952380952380952,8.785714285714286,0.3333333333333333,0.0,28,18,6,0,0,2,0.3333,0.2143,0.0714,0.0,0.0,64.19,35.81,Aggressive
September 15 2026,?,2026.09.15,"Dubov, Daniil","Le, Tuan Minh",0-1,,128,0.0,0.453125,1.1015625,1.3984375,0.3984375,0.3828125,2.4453125,8.2265625,6.8515625,9.315839607441166,6.0234375,0.0234375,6.0234375,0.15625,0.0625,32,30,10,0,0,4,0.25,0.2344,0.0781,0.0,0.0,74.61,25.39,Aggressive
September 15 2026,?,2026.09.15,"Dubov, Daniil","Nepomniachtchi, Ian",0-1,,88,0.0,0.5227272727272727,0.18181818181818182,3.034090909090909,0.5795454545454546,0.3181818181818182,2.375,9.352272727272727,8.193181818181818,10.659164257459715,8.090909090909092,0.07954545454545454,8.090909090909092,0.06818181818181818,0.18181818181818182,32,18,4,0,0,0,0.3636,0.2045,0.0455,0.0,0.0,66.53,33.47,Aggressive
September 29 2026,?,2026.09.29,"Dubov, Daniil","Le, Quang Liem",0-1,,84,0.0,0.8095238095238095,0.0,5.142857142857143,2.1785714285714284,0.6071428571428571,3.130952380952381,10.654761904761905,11.011904761904763,12.556721287971294,9.892857142857142,0.011904761904761904,9.892857142857142,0.0,0.0,20,10,2,0,0,0,0.2381,0.119,0.0238,0.0,0.0,52.99,47.01,Aggressive
September 29 2026,?,2026.09.29,"Dubov, Daniil","So, Wesley",0-1,,106,0.0,0.5094339622641509,0.4528301886792453,0.0660377358490566,5.047169811320755,0.4811320754716981,2.5849056603773586,8.877358490566039,9.09433962264151,11.24098582235375,8.556603773584905,0.0,8.556603773584905,0.5283018867924528,0.009433962264150943,26,20,6,0,0,4,0.2453,0.1887,0.0566,0.0,0.0,64.97,35.03,Aggressive
January 13 2026,?,2026.01.13,"Weetik, Vjacheslav","Dubov, Daniil",1-0,,115,0.0,0.8521739130434782,0.21739130434782608,7.4,1.9043478260869566,0.8347826086956521,2.591304347826087,9.486956521739131,10.8,11.684307093872306,7.452173913043478,0.0,7.452173913043478,0.26956521739130435,0.24347826086956523,22,20,2,0,0,2,0.1913,0.1739,0.0174,0.0,0.0,62.58,37.42,Aggressive
January 27 2026,?,2026.01.27,"Paravyan, David","Dubov, Daniil",1-0,,91,0.0,0.45054945054945056,0.02197802197802198,2.230769230769231,0.8571428571428571,0.4175824175824176,2.6373626373626373,9.373626373626374,6.736263736263736,12.293921036228724,9.527472527472527,0.12087912087912088,9.527472527472527,0.08791208791208792,0.1978021978021978,28,22,4,0,0,2,0.3077,0.2418,0.044,0.0,0.0,64.65,35.35,Aggressive
January 27 2026,?,2026.01.27,"Caruana, Fabiano","Dubov, Daniil",1-0,,109,0.0,0.6422018348623854,0.4036697247706422,0.4954128440366973,2.467889908256881,0.5321100917431193,2.6788990825688073,9.34862385321101,8.825688073394495,11.610770065815943,8.660550458715596,0.05504587155963303,8.660550458715596,0.48623853211009177,0.009174311926605505,24,22,8,0,0,2,0.2202,0.2018,0.0734,0.0,0.0,64.04,35.96,Aggressive
Aeroflot Open 2026,?,2026.03.02,"Dubov, Daniil",Ajay Santhosh Parvathareddy,1/2-1/2,,82,0.0,0.25609756097560976,0.024390243902439025,1.3780487804878048,0.5,0.25609756097560976,2.902439024390244,10.987804878048781,9.170731707317072,14.440616226591839,11.073170731707316,0.0,11.073170731707316,0.07317073170731707,0.036585365853658534,24,16,6,0,0,2,0.2927,0.1951,0.0732,0.0,0.0,56.65,43.35,Aggressive
Aeroflot Open 2026,?,2026.03.02,"Dubov, Daniil","Rostovtsev, Dmitry",1/2-1/2,,70,0.0,0.35714285714285715,0.22857142857142856,1.7,1.4,0.34285714285714286,3.3,10.314285714285715,7.785714285714286,14.307624280481425,11.9,0.0,11.9,0.4,0.12857142857142856,18,10,6,0,0,0,0.2571,0.1429,0.0857,0.0,0.0,50.41,49.59,Aggressive
Aeroflot Open 2026,?,2026.03.03,"Suyarov, Mukhammadzokhid","Dubov, Daniil",1-0,,65,0.0,0.8461538461538461,0.015384615384615385,1.6,1.0615384615384615,0.8,3.3384615384615386,10.738461538461538,8.046153846153846,15.00884013422475,12.2,0.06153846153846154,12.2,0.2,0.0,12,10,0,0,0,0,0.1846,0.1538,0.0,0.0,0.0,39.82,60.18,Positional
Play-In 2,?,2026.03.18,"Dubov, Daniil","Yu, Yangyi",1/2-1/2,,95,0.0,0.6,0.25263157894736843,0.7157894736842105,3.042105263157895,0.3684210526315789,2.2842105263157895,9.263157894736842,7.463157894736842,10.661291924449824,8.136842105263158,0.0,8.136842105263158,0.45263157894736844,0.0,32,18,2,0,0,2,0.3368,0.1895,0.0211,0.0,0.0,66.49,33.51,Aggressive
Play-In 2,?,2026.03.18,"Dubov, Daniil",Nihal Sarin,1/2-1/2,,65,0.0,0.676923076923077,0.0,5.076923076923077,2.4,0.676923076923077,2.476923076923077,9.169230769230769,9.753846153846155,13.101958255419794,9.123076923076923,0.0,9.123076923076923,0.4153846153846154,0.27692307692307694,26,18,8,0,0,0,0.4,0.2769,0.1231,0.0,0.0,63.89,36.11,Aggressive
Playoffs,?,2026.04.23,"Dubov, Daniil",Nihal Sarin,1/2-1/2,,84,0.0,0.4880952380952381,0.11904761904761904,0.7857142857142857,1.9880952380952381,0.47619047619047616,2.9761904761904763,10.0,8.595238095238095,12.609145550216981,9.678571428571429,0.0,9.678571428571429,0.2976190476190476,0.03571428571428571,28,14,6,0,0,2,0.3333,0.1667,0.0714,0.0,0.0,61.16,38.84,Aggressive
Playoffs,?,2026.04.23,"Dubov, Daniil",Nihal Sarin,1/2-1/2,,63,0.0,0.30158730158730157,0.0,1.6507936507936507,1.6666666666666667,0.30158730158730157,2.5714285714285716,9.936507936507937,6.603174603174603,12.828997105187582,9.936507936507937,0.0,9.936507936507937,0.25396825396825395,0.031746031746031744,24,16,4,0,0,2,0.381,0.254,0.0635,0.0,0.0,59.79,40.21,Aggressive
Baku Open - 2026,?,2026.04.28,"Dubov, Daniil",Aarav Sinha,1/2-1/2,,90,0.0,0.8333333333333334,0.16666666666666666,4.488888888888889,1.0888888888888888,0.8333333333333334,2.522222222222222,9.78888888888889,9.644444444444444,11.860943500943504,9.0,0.044444444444444446,9.0,0.34444444444444444,0.23333333333333334,22,16,2,0,0,0,0.2444,0.1778,0.0222,0.0,0.0,58.4,41.6,Aggressive
Baku Open - 2026,?,2026.04.30,"Dubov, Daniil","Lu, Miaoyi",1/2-1/2,,129,0.0,0.8527131782945736,0.7131782945736435,1.1705426356589148,0.13178294573643412,0.26356589147286824,2.4728682170542635,8.279069767441861,5.503875968992248,8.242899133596817,6.542635658914729,0.023255813953488372,6.542635658914729,0.031007751937984496,0.0,36,16,2,0,0,0,0.2791,0.124,0.0155,0.0,0.0,71.16,28.84,Aggressive
Baku Open - 2026,?,2026.05.01,"Dubov, Daniil",Ayush Sharma,1/2-1/2,,36,0.0,0.1388888888888889,0.25,0.4444444444444444,0.0,0.1388888888888889,2.5555555555555554,9.944444444444445,6.0,14.788880563880562,12.555555555555555,0.0,12.555555555555555,0.1111111111111111,0.1388888888888889,10,4,0,0,0,0,0.2778,0.1111,0.0,0.0,0.0,30.15,69.85,Positional
Baku Open - 2026,?,2026.05.03,"Dubov, Daniil",Anuj Shrivatri,1/2-1/2,,125,0.0,0.824,0.368,0.4,3.224,0.768,2.512,9.704,9.656,10.956172405372394,7.976,0.04,7.976,0.248,0.0,24,20,8,0,0,4,0.192,0.16,0.064,0.0,0.0,64.52,35.48,Aggressive
Masters,?,2026.06.08,"Dubov, Daniil","Saric, Ivan",1/2-1/2,,133,0.0,0.9624060150375939,1.0451127819548873,6.7443609022556394,2.210526315789474,0.9624060150375939,2.789473684210526,10.278195488721805,12.571428571428571,10.969763632357616,6.315789473684211,0.03759398496240601,6.315789473684211,0.518796992481203,0.40601503759398494,20,32,4,0,0,0,0.1504,0.2406,0.0301,0.0,0.0,65.05,34.95,Aggressive
Masters,?,2026.06.09,"Dubov, Daniil","Wang, Hao",1/2-1/2,,65,0.0,0.15384615384615385,0.0,0.8769230769230769,1.476923076923077,0.15384615384615385,2.6615384615384614,9.876923076923077,8.36923076923077,14.307063833602294,11.323076923076924,0.18461538461538463,11.323076923076924,0.2153846153846154,0.13846153846153847,24,14,6,0,0,2,0.3692,0.2154,0.0923,0.0,0.0,56.77,43.23,Aggressive
June 23 2026,?,2026.06.23,"Dubov, Daniil","Wang, Kevin",1/2-1/2,,90,0.0,0.6444444444444445,0.7222222222222222,2.6333333333333333,2.911111111111111,0.6111111111111112,2.8777777777777778,9.777777777777779,10.311111111111112,11.352911101244436,8.522222222222222,0.011111111111111112,8.522222222222222,0.4444444444444444,0.18888888888888888,18,22,4,0,0,2,0.2,0.2444,0.0444,0.0,0.0,59.26,40.74,Aggressive
July 16 Second 2026,?,2026.07.16,"Dubov, Daniil","Gallegos Quispe, Daniel Paolo",1/2-1/2,,120,0.0,0.8166666666666667,0.625,1.5833333333333333,0.7,0.475,2.658333333333333,9.466666666666667,7.7,10.336758357383365,7.858333333333333,0.175,7.858333333333333,0.11666666666666667,0.08333333333333333,32,26,4,0,0,2,0.2667,0.2167,0.0333,0.0,0.0,68.95,31.05,Aggressive
July 28 2026,?,2026.07.28,"Dubov, Daniil","Rustemov, Alexander",1/2-1/2,,163,0.0,0.656441717791411,0.8159509202453987,1.3374233128834356,2.1226993865030677,0.5766871165644172,2.061349693251534,9.128834355828221,8.94478527607362,10.294114968194727,6.92638036809816,0.2883435582822086,6.92638036809816,0.1901840490797546,0.018404907975460124,32,28,10,0,0,6,0.1963,0.1718,0.0613,0.0,0.0,72.31,27.69,Aggressive
July 28 2026,?,2026.07.28,"Dubov, Daniil",Erigaisi Arjun,1/2-1/2,,105,0.0,0.5904761904761905,0.2857142857142857,0.9428571428571428,5.380952380952381,0.4857142857142857,1.7619047619047619,7.666666666666667,8.628571428571428,10.048036513750796,7.0476190476190474,0.0,7.0476190476190474,0.5047619047619047,0.047619047619047616,20,22,4,0,0,2,0.1905,0.2095,0.0381,0.0,0.0,65.04,34.96,Aggressive
LCQ | Group B,?,2026.08.04,"Dubov, Daniil","Maghsoodloo, Parham",1/2-1/2,,34,0.0,0.38235294117647056,0.0,2.0294117647058822,0.11764705882352941,0.38235294117647056,3.235294117647059,9.852941176470589,6.911764705882353,14.558166343460456,11.823529411764707,0.058823529411764705,11.823529411764707,0.29411764705882354,0.0,8,6,0,0,0,0,0.2353,0.1765,0.0,0.0,0.0,31.47,68.53,Positional
Main Event,?,2026.09.05,"Dubov, Daniil","Erdogmus, Yagiz Kaan",1/2-1/2,,108,0.0,0.9074074074074074,0.25925925925925924,1.3703703703703705,5.712962962962963,0.8333333333333334,2.1666666666666665,9.268518518518519,10.87962962962963,11.22138553319109,7.62037037037037,0.0,7.62037037037037,0.6574074074074074,0.046296296296296294,18,24,6,0,0,2,0.1667,0.2222,0.0556,0.0,0.0,62.5,37.5,Aggressive
Main Event,?,2026.09.09,"Dubov, Daniil","Aravindh, Chithambaram VR.",1/2-1/2,,61,0.0,0.01639344262295082,0.0,0.5409836065573771,0.45901639344262296,0.01639344262295082,2.901639344262295,9.704918032786885,5.180327868852459,13.42501378403018,10.967213114754099,0.0,10.967213114754099,0.03278688524590164,0.06557377049180328,32,18,8,0,0,2,0.5246,0.2951,0.1311,0.0,0.0,64.83,35.17,Aggressive
Main Event,?,2026.09.13,"Dubov, Daniil","Mamedyarov, Shakhriyar",1/2-1/2,,124,0.0,0.7580645161290323,0.18548387096774194,0.7338709677419355,5.379032258064516,0.5564516129032258,2.024193548387097,7.25,8.120967741935484,9.917801642801642,6.443548387096774,0.0,6.443548387096774,0.7580645161290323,0.008064516129032258,32,22,4,0,0,2,0.2581,0.1774,0.0323,0.0,0.0,71.38,28.62,Aggressive
September 29 2026,?,2026.09.29,"Dubov, Daniil","Andreikin, Dmitry",1/2-1/2,,69,0.0,0.4927536231884058,0.07246376811594203,4.27536231884058,0.7246376811594203,0.4927536231884058,2.898550724637681,10.565217391304348,9.217391304347826,13.539118409770584,10.44927536231884,0.07246376811594203,10.44927536231884,0.2463768115942029,0.15942028985507245,16,12,6,0,0,2,0.2319,0.1739,0.087,0.0,0.0,52.55,47.45,Aggressive
January 13 2026,?,2026.01.13,"Weetik, Vjacheslav","Dubov, Daniil",1-0,,115,0.0,0.8521739130434782,0.21739130434782608,7.4,1.9043478260869566,0.8347826086956521,2.591304347826087,9.486956521739131,10.8,11.684307093872306,7.452173913043478,0.0,7.452173913043478,0.26956521739130435,0.24347826086956523,22,20,2,0,0,2,0.1913,0.1739,0.0174,0.0,0.0,62.58,37.42,Aggressive
January 27 2026,?,2026.01.27,"Paravyan, David","Dubov, Daniil",1-0,,91,0.0,0.45054945054945056,0.02197802197802198,2.230769230769231,0.8571428571428571,0.4175824175824176,2.6373626373626373,9.373626373626374,6.736263736263736,12.293921036228724,9.527472527472527,0.12087912087912088,9.527472527472527,0.08791208791208792,0.1978021978021978,28,22,4,0,0,2,0.3077,0.2418,0.044,0.0,0.0,64.65,35.35,Aggressive
January 27 2026,?,2026.01.27,"Caruana, Fabiano","Dubov, Daniil",1-0,,109,0.0,0.6422018348623854,0.4036697247706422,0.4954128440366973,2.467889908256881,0.5321100917431193,2.6788990825688073,9.34862385321101,8.825688073394495,11.610770065815943,8.660550458715596,0.05504587155963303,8.660550458715596,0.48623853211009177,0.009174311926605505,24,22,8,0,0,2,0.2202,0.2018,0.0734,0.0,0.0,64.04,35.96,Aggressive
Aeroflot Open 2026,?,2026.03.02,"Dubov, Daniil",Ajay Santhosh Parvathareddy,1/2-1/2,,82,0.0,0.25609756097560976,0.024390243902439025,1.3780487804878048,0.5,0.25609756097560976,2.902439024390244,10.987804878048781,9.170731707317072,14.440616226591839,11.073170731707316,0.0,11.073170731707316,0.07317073170731707,0.036585365853658534,24,16,6,0,0,2,0.2927,0.1951,0.0732,0.0,0.0,56.65,43.35,Aggressive
Aeroflot Open 2026,?,2026.03.02,"Dubov, Daniil","Rostovtsev, Dmitry",1/2-1/2,,70,0.0,0.35714285714285715,0.22857142857142856,1.7,1.4,0.34285714285714286,3.3,10.314285714285715,7.785714285714286,14.307624280481425,11.9,0.0,11.9,0.4,0.12857142857142856,18,10,6,0,0,0,0.2571,0.1429,0.0857,0.0,0.0,50.41,49.59,Aggressive
Aeroflot Open 2026,?,2026.03.03,"Suyarov, Mukhammadzokhid","Dubov, Daniil",1-0,,65,0.0,0.8461538461538461,0.015384615384615385,1.6,1.0615384615384615,0.8,3.3384615384615386,10.738461538461538,8.046153846153846,15.00884013422475,12.2,0.06153846153846154,12.2,0.2,0.0,12,10,0,0,0,0,0.1846,0.1538,0.0,0.0,0.0,39.82,60.18,Positional
Play-In 2,?,2026.03.18,"Dubov, Daniil","Yu, Yangyi",1/2-1/2,,95,0.0,0.6,0.25263157894736843,0.7157894736842105,3.042105263157895,0.3684210526315789,2.2842105263157895,9.263157894736842,7.463157894736842,10.661291924449824,8.136842105263158,0.0,8.136842105263158,0.45263157894736844,0.0,32,18,2,0,0,2,0.3368,0.1895,0.0211,0.0,0.0,66.49,33.51,Aggressive
Play-In 2,?,2026.03.18,"Dubov, Daniil",Nihal Sarin,1/2-1/2,,65,0.0,0.676923076923077,0.0,5.076923076923077,2.4,0.676923076923077,2.476923076923077,9.169230769230769,9.753846153846155,13.101958255419794,9.123076923076923,0.0,9.123076923076923,0.4153846153846154,0.27692307692307694,26,18,8,0,0,0,0.4,0.2769,0.1231,0.0,0.0,63.89,36.11,Aggressive
Playoffs,?,2026.04.23,"Dubov, Daniil",Nihal Sarin,1/2-1/2,,84,0.0,0.4880952380952381,0.11904761904761904,0.7857142857142857,1.9880952380952381,0.47619047619047616,2.9761904761904763,10.0,8.595238095238095,12.609145550216981,9.678571428571429,0.0,9.678571428571429,0.2976190476190476,0.03571428571428571,28,14,6,0,0,2,0.3333,0.1667,0.0714,0.0,0.0,61.16,38.84,Aggressive
Playoffs,?,2026.04.23,"Dubov, Daniil",Nihal Sarin,1/2-1/2,,63,0.0,0.30158730158730157,0.0,1.6507936507936507,1.6666666666666667,0.30158730158730157,2.5714285714285716,9.936507936507937,6.603174603174603,12.828997105187582,9.936507936507937,0.0,9.936507936507937,0.25396825396825395,0.031746031746031744,24,16,4,0,0,2,0.381,0.254,0.0635,0.0,0.0,59.79,40.21,Aggressive
Baku Open - 2026,?,2026.04.28,"Dubov, Daniil",Aarav Sinha,1/2-1/2,,90,0.0,0.8333333333333334,0.16666666666666666,4.488888888888889,1.0888888888888888,0.8333333333333334,2.522222222222222,9.78888888888889,9.644444444444444,11.860943500943504,9.0,0.044444444444444446,9.0,0.34444444444444444,0.23333333333333334,22,16,2,0,0,0,0.2444,0.1778,0.0222,0.0,0.0,58.4,41.6,Aggressive
Baku Open - 2026,?,2026.04.30,"Dubov, Daniil","Lu, Miaoyi",1/2-1/2,,129,0.0,0.8527131782945736,0.7131782945736435,1.1705426356589148,0.13178294573643412,0.26356589147286824,2.4728682170542635,8.279069767441861,5.503875968992248,8.242899133596817,6.542635658914729,0.023255813953488372,6.542635658914729,0.031007751937984496,0.0,36,16,2,0,0,0,0.2791,0.124,0.0155,0.0,0.0,71.16,28.84,Aggressive
Baku Open - 2026,?,2026.05.01,"Dubov, Daniil",Ayush Sharma,1/2-1/2,,36,0.0,0.1388888888888889,0.25,0.4444444444444444,0.0,0.1388888888888889,2.5555555555555554,9.944444444444445,6.0,14.788880563880562,12.555555555555555,0.0,12.555555555555555,0.1111111111111111,0.1388888888888889,10,4,0,0,0,0,0.2778,0.1111,0.0,0.0,0.0,30.15,69.85,Positional
Baku Open - 2026,?,2026.05.03,"Dubov, Daniil",Anuj Shrivatri,1/2-1/2,,125,0.0,0.824,0.368,0.4,3.224,0.768,2.512,9.704,9.656,10.956172405372394,7.976,0.04,7.976,0.248,0.0,24,20,8,0,0,4,0.192,0.16,0.064,0.0,0.0,64.52,35.48,Aggressive
Masters,?,2026.06.08,"Dubov, Daniil","Saric, Ivan",1/2-1/2,,133,0.0,0.9624060150375939,1.0451127819548873,6.7443609022556394,2.210526315789474,0.9624060150375939,2.789473684210526,10.278195488721805,12.571428571428571,10.969763632357616,6.315789473684211,0.03759398496240601,6.315789473684211,0.518796992481203,0.40601503759398494,20,32,4,0,0,0,0.1504,0.2406,0.0301,0.0,0.0,65.05,34.95,Aggressive
Masters,?,2026.06.09,"Dubov, Daniil","Wang, Hao",1/2-1/2,,65,0.0,0.15384615384615385,0.0,0.8769230769230769,1.476923076923077,0.15384615384615385,2.6615384615384614,9.876923076923077,8.36923076923077,14.307063833602294,11.323076923076924,0.18461538461538463,11.323076923076924,0.2153846153846154,0.13846153846153847,24,14,6,0,0,2,0.3692,0.2154,0.0923,0.0,0.0,56.77,43.23,Aggressive
June 23 2026,?,2026.06.23,"Dubov, Daniil","Wang, Kevin",1/2-1/2,,90,0.0,0.6444444444444445,0.7222222222222222,2.6333333333333333,2.911111111111111,0.6111111111111112,2.8777777777777778,9.777777777777779,10.311111111111112,11.352911101244436,8.522222222222222,0.011111111111111112,8.522222222222222,0.4444444444444444,0.18888888888888888,18,22,4,0,0,2,0.2,0.2444,0.0444,0.0,0.0,59.26,40.74,Aggressive
July 16 Second 2026,?,2026.07.16,"Dubov, Daniil","Gallegos Quispe, Daniel Paolo",1/2-1/2,,120,0.0,0.8166666666666667,0.625,1.5833333333333333,0.7,0.475,2.658333333333333,9.466666666666667,7.7,10.336758357383365,7.858333333333333,0.175,7.858333333333333,0.11666666666666667,0.08333333333333333,32,26,4,0,0,2,0.2667,0.2167,0.0333,0.0,0.0,68.95,31.05,Aggressive
July 28 2026,?,2026.07.28,"Dubov, Daniil","Rustemov, Alexander",1/2-1/2,,163,0.0,0.656441717791411,0.8159509202453987,1.3374233128834356,2.1226993865030677,0.5766871165644172,2.061349693251534,9.128834355828221,8.94478527607362,10.294114968194727,6.92638036809816,0.2883435582822086,6.92638036809816,0.1901840490797546,0.018404907975460124,32,28,10,0,0,6,0.1963,0.1718,0.0613,0.0,0.0,72.31,27.69,Aggressive
July 28 2026,?,2026.07.28,"Dubov, Daniil",Erigaisi Arjun,1/2-1/2,,105,0.0,0.5904761904761905,0.2857142857142857,0.9428571428571428,5.380952380952381,0.4857142857142857,1.7619047619047619,7.666666666666667,8.628571428571428,10.048036513750796,7.0476190476190474,0.0,7.0476190476190474,0.5047619047619047,0.047619047619047616,20,22,4,0,0,2,0.1905,0.2095,0.0381,0.0,0.0,65.04,34.96,Aggressive
LCQ | Group B,?,2026.08.04,"Dubov, Daniil","Maghsoodloo, Parham",1/2-1/2,,34,0.0,0.38235294117647056,0.0,2.0294117647058822,0.11764705882352941,0.38235294117647056,3.235294117647059,9.852941176470589,6.911764705882353,14.558166343460456,11.823529411764707,0.058823529411764705,11.823529411764707,0.29411764705882354,0.0,8,6,0,0,0,0,0.2353,0.1765,0.0,0.0,0.0,31.47,68.53,Positional
Main Event,?,2026.09.05,"Dubov, Daniil","Erdogmus, Yagiz Kaan",1/2-1/2,,108,0.0,0.9074074074074074,0.25925925925925924,1.3703703703703705,5.712962962962963,0.8333333333333334,2.1666666666666665,9.268518518518519,10.87962962962963,11.22138553319109,7.62037037037037,0.0,7.62037037037037,0.6574074074074074,0.046296296296296294,18,24,6,0,0,2,0.1667,0.2222,0.0556,0.0,0.0,62.5,37.5,Aggressive
Main Event,?,2026.09.09,"Dubov, Daniil","Aravindh, Chithambaram VR.",1/2-1/2,,61,0.0,0.01639344262295082,0.0,0.5409836065573771,0.45901639344262296,0.01639344262295082,2.901639344262295,9.704918032786885,5.180327868852459,13.42501378403018,10.967213114754099,0.0,10.967213114754099,0.03278688524590164,0.06557377049180328,32,18,8,0,0,2,0.5246,0.2951,0.1311,0.0,0.0,64.83,35.17,Aggressive
Main Event,?,2026.09.13,"Dubov, Daniil","Mamedyarov, Shakhriyar",1/2-1/2,,124,0.0,0.7580645161290323,0.18548387096774194,0.7338709677419355,5.379032258064516,0.5564516129032258,2.024193548387097,7.25,8.120967741935484,9.917801642801642,6.443548387096774,0.0,6.443548387096774,0.7580645161290323,0.008064516129032258,32,22,4,0,0,2,0.2581,0.1774,0.0323,0.0,0.0,71.38,28.62,Aggressive
September 29 2026,?,2026.09.29,"Dubov, Daniil","Andreikin, Dmitry",1/2-1/2,,69,0.0,0.4927536231884058,0.07246376811594203,4.27536231884058,0.7246376811594203,0.4927536231884058,2.898550724637681,10.565217391304348,9.217391304347826,13.539118409770584,10.44927536231884,0.07246376811594203,10.44927536231884,0.2463768115942029,0.15942028985507245,16,12,6,0,0,2,0.2319,0.1739,0.087,0.0,0.0,52.55,47.45,Aggressive
January 13 2026,?,2026.01.13,"Weetik, Vjacheslav","Dubov, Daniil",1-0,,115,0.0,0.8521739130434782,0.21739130434782608,7.4,1.9043478260869566,0.8347826086956521,2.591304347826087,9.486956521739131,10.8,11.684307093872306,7.452173913043478,0.0,7.452173913043478,0.26956521739130435,0.24347826086956523,22,20,2,0,0,2,0.1913,0.1739,0.0174,0.0,0.0,62.58,37.42,Aggressive
January 27 2026,?,2026.01.27,"Paravyan, David","Dubov, Daniil",1-0,,91,0.0,0.45054945054945056,0.02197802197802198,2.230769230769231,0.8571428571428571,0.4175824175824176,2.6373626373626373,9.373626373626374,6.736263736263736,12.293921036228724,9.527472527472527,0.12087912087912088,9.527472527472527,0.08791208791208792,0.1978021978021978,28,22,4,0,0,2,0.3077,0.2418,0.044,0.0,0.0,64.65,35.35,Aggressive
January 27 2026,?,2026.01.27,"Caruana, Fabiano","Dubov, Daniil",1-0,,109,0.0,0.6422018348623854,0.4036697247706422,0.4954128440366973,2.467889908256881,0.5321100917431193,2.6788990825688073,9.34862385321101,8.825688073394495,11.610770065815943,8.660550458715596,0.05504587155963303,8.660550458715596,0.48623853211009177,0.009174311926605505,24,22,8,0,0,2,0.2202,0.2018,0.0734,0.0,0.0,64.04,35.96,Aggressive
Aeroflot Open 2026,?,2026.03.02,"Dubov, Daniil",Ajay Santhosh Parvathareddy,1/2-1/2,,82,0.0,0.25609756097560976,0.024390243902439025,1.3780487804878048,0.5,0.25609756097560976,2.902439024390244,10.987804878048781,9.170731707317072,14.440616226591839,11.073170731707316,0.0,11.073170731707316,0.07317073170731707,0.036585365853658534,24,16,6,0,0,2,0.2927,0.1951,0.0732,0.0,0.0,56.65,43.35,Aggressive
Aeroflot Open 2026,?,2026.03.02,"Dubov, Daniil","Rostovtsev, Dmitry",1/2-1/2,,70,0.0,0.35714285714285715,0.22857142857142856,1.7,1.4,0.34285714285714286,3.3,10.314285714285715,7.785714285714286,14.307624280481425,11.9,0.0,11.9,0.4,0.12857142857142856,18,10,6,0,0,0,0.2571,0.1429,0.0857,0.0,0.0,50.41,49.59,Aggressive
Aeroflot Open 2026,?,2026.03.03,"Suyarov, Mukhammadzokhid","Dubov, Daniil",1-0,,65,0.0,0.8461538461538461,0.015384615384615385,1.6,1.0615384615384615,0.8,3.3384615384615386,10.738461538461538,8.046153846153846,15.00884013422475,12.2,0.06153846153846154,12.2,0.2,0.0,12,10,0,0,0,0,0.1846,0.1538,0.0,0.0,0.0,39.82,60.18,Positional
Play-In 2,?,2026.03.18,"Dubov, Daniil","Yu, Yangyi",1/2-1/2,,95,0.0,0.6,0.25263157894736843,0.7157894736842105,3.042105263157895,0.3684210526315789,2.2842105263157895,9.263157894736842,7.463157894736842,10.661291924449824,8.136842105263158,0.0,8.136842105263158,0.45263157894736844,0.0,32,18,2,0,0,2,0.3368,0.1895,0.0211,0.0,0.0,66.49,33.51,Aggressive
Play-In 2,?,2026.03.18,"Dubov, Daniil",Nihal Sarin,1/2-1/2,,65,0.0,0.676923076923077,0.0,5.076923076923077,2.4,0.676923076923077,2.476923076923077,9.169230769230769,9.753846153846155,13.101958255419794,9.123076923076923,0.0,9.123076923076923,0.4153846153846154,0.27692307692307694,26,18,8,0,0,0,0.4,0.2769,0.1231,0.0,0.0,63.89,36.11,Aggressive
Playoffs,?,2026.04.23,"Dubov, Daniil",Nihal Sarin,1/2-1/2,,84,0.0,0.4880952380952381,0.11904761904761904,0.7857142857142857,1.9880952380952381,0.47619047619047616,2.9761904761904763,10.0,8.595238095238095,12.609145550216981,9.678571428571429,0.0,9.678571428571429,0.2976190476190476,0.03571428571428571,28,14,6,0,0,2,0.3333,0.1667,0.0714,0.0,0.0,61.16,38.84,Aggressive
Playoffs,?,2026.04.23,"Dubov, Daniil",Nihal Sarin,1/2-1/2,,63,0.0,0.30158730158730157,0.0,1.6507936507936507,1.6666666666666667,0.30158730158730157,2.5714285714285716,9.936507936507937,6.603174603174603,12.828997105187582,9.936507936507937,0.0,9.936507936507937,0.25396825396825395,0.031746031746031744,24,16,4,0,0,2,0.381,0.254,0.0635,0.0,0.0,59.79,40.21,Aggressive
Baku Open - 2026,?,2026.04.28,"Dubov, Daniil",Aarav Sinha,1/2-1/2,,90,0.0,0.8333333333333334,0.16666666666666666,4.488888888888889,1.0888888888888888,0.8333333333333334,2.522222222222222,9.78888888888889,9.644444444444444,11.860943500943504,9.0,0.044444444444444446,9.0,0.34444444444444444,0.23333333333333334,22,16,2,0,0,0,0.2444,0.1778,0.0222,0.0,0.0,58.4,41.6,Aggressive
Baku Open - 2026,?,2026.04.30,"Dubov, Daniil","Lu, Miaoyi",1/2-1/2,,129,0.0,0.8527131782945736,0.7131782945736435,1.1705426356589148,0.13178294573643412,0.26356589147286824,2.4728682170542635,8.279069767441861,5.503875968992248,8.242899133596817,6.542635658914729,0.023255813953488372,6.542635658914729,0.031007751937984496,0.0,36,16,2,0,0,0,0.2791,0.124,0.0155,0.0,0.0,71.16,28.84,Aggressive
Baku Open - 2026,?,2026.05.01,"Dubov, Daniil",Ayush Sharma,1/2-1/2,,36,0.0,0.1388888888888889,0.25,0.4444444444444444,0.0,0.1388888888888889,2.5555555555555554,9.944444444444445,6.0,14.788880563880562,12.555555555555555,0.0,12.555555555555555,0.1111111111111111,0.1388888888888889,10,4,0,0,0,0,0.2778,0.1111,0.0,0.0,0.0,30.15,69.85,Positional
Baku Open - 2026,?,2026.05.03,"Dubov, Daniil",Anuj Shrivatri,1/2-1/2,,125,0.0,0.824,0.368,0.4,3.224,0.768,2.512,9.704,9.656,10.956172405372394,7.976,0.04,7.976,0.248,0.0,24,20,8,0,0,4,0.192,0.16,0.064,0.0,0.0,64.52,35.48,Aggressive
Masters,?,2026.06.08,"Dubov, Daniil","Saric, Ivan",1/2-1/2,,133,0.0,0.9624060150375939,1.0451127819548873,6.7443609022556394,2.210526315789474,0.9624060150375939,2.789473684210526,10.278195488721805,12.571428571428571,10.969763632357616,6.315789473684211,0.03759398496240601,6.315789473684211,0.518796992481203,0.40601503759398494,20,32,4,0,0,0,0.1504,0.2406,0.0301,0.0,0.0,65.05,34.95,Aggressive
Masters,?,2026.06.09,"Dubov, Daniil","Wang, Hao",1/2-1/2,,65,0.0,0.15384615384615385,0.0,0.8769230769230769,1.476923076923077,0.15384615384615385,2.6615384615384614,9.876923076923077,8.36923076923077,14.307063833602294,11.323076923076924,0.18461538461538463,11.323076923076924,0.2153846153846154,0.13846153846153847,24,14,6,0,0,2,0.3692,0.2154,0.0923,0.0,0.0,56.77,43.23,Aggressive
June 23 2026,?,2026.06.23,"Dubov, Daniil","Wang, Kevin",1/2-1/2,,90,0.0,0.6444444444444445,0.7222222222222222,2.6333333333333333,2.911111111111111,0.6111111111111112,2.8777777777777778,9.777777777777779,10.311111111111112,11.352911101244436,8.522222222222222,0.011111111111111112,8.522222222222222,0.4444444444444444,0.18888888888888888,18,22,4,0,0,2,0.2,0.2444,0.0444,0.0,0.0,59.26,40.74,Aggressive
July 16 Second 2026,?,2026.07.16,"Dubov, Daniil","Gallegos Quispe, Daniel Paolo",1/2-1/2,,120,0.0,0.8166666666666667,0.625,1.5833333333333333,0.7,0.475,2.658333333333333,9.466666666666667,7.7,10.336758357383365,7.858333333333333,0.175,7.858333333333333,0.11666666666666667,0.08333333333333333,32,26,4,0,0,2,0.2667,0.2167,0.0333,0.0,0.0,68.95,31.05,Aggressive
July 28 2026,?,2026.07.28,"Dubov, Daniil","Rustemov, Alexander",1/2-1/2,,163,0.0,0.656441717791411,0.8159509202453987,1.3374233128834356,2.1226993865030677,0.5766871165644172,2.061349693251534,9.128834355828221,8.94478527607362,10.294114968194727,6.92638036809816,0.2883435582822086,6.92638036809816,0.1901840490797546,0.018404907975460124,32,28,10,0,0,6,0.1963,0.1718,0.0613,0.0,0.0,72.31,27.69,Aggressive
July 28 2026,?,2026.07.28,"Dubov, Daniil",Erigaisi Arjun,1/2-1/2,,105,0.0,0.5904761904761905,0.2857142857142857,0.9428571428571428,5.380952380952381,0.4857142857142857,1.7619047619047619,7.666666666666667,8.628571428571428,10.048036513750796,7.0476190476190474,0.0,7.0476190476190474,0.5047619047619047,0.047619047619047616,20,22,4,0,0,2,0.1905,0.2095,0.0381,0.0,0.0,65.04,34.96,Aggressive
LCQ | Group B,?,2026.08.04,"Dubov, Daniil","Maghsoodloo, Parham",1/2-1/2,,34,0.0,0.38235294117647056,0.0,2.0294117647058822,0.11764705882352941,0.38235294117647056,3.235294117647059,9.852941176470589,6.911764705882353,14.558166343460456,11.823529411764707,0.058823529411764705,11.823529411764707,0.29411764705882354,0.0,8,6,0,0,0,0,0.2353,0.1765,0.0,0.0,0.0,31.47,68.53,Positional
Main Event,?,2026.09.05,"Dubov, Daniil","Erdogmus, Yagiz Kaan",1/2-1/2,,108,0.0,0.9074074074074074,0.25925925925925924,1.3703703703703705,5.712962962962963,0.8333333333333334,2.1666666666666665,9.268518518518519,10.87962962962963,11.22138553319109,7.62037037037037,0.0,7.62037037037037,0.6574074074074074,0.046296296296296294,18,24,6,0,0,2,0.1667,0.2222,0.0556,0.0,0.0,62.5,37.5,Aggressive
Main Event,?,2026.09.09,"Dubov, Daniil","Aravindh, Chithambaram VR.",1/2-1/2,,61,0.0,0.01639344262295082,0.0,0.5409836065573771,0.45901639344262296,0.01639344262295082,2.901639344262295,9.704918032786885,5.180327868852459,13.42501378403018,10.967213114754099,0.0,10.967213114754099,0.03278688524590164,0.06557377049180328,32,18,8,0,0,2,0.5246,0.2951,0.1311,0.0,0.0,64.83,35.17,Aggressive
Main Event,?,2026.09.13,"Dubov, Daniil","Mamedyarov, Shakhriyar",1/2-1/2,,124,0.0,0.7580645161290323,0.18548387096774194,0.7338709677419355,5.379032258064516,0.5564516129032258,2.024193548387097,7.25,8.120967741935484,9.917801642801642,6.443548387096774,0.0,6.443548387096774,0.7580645161290323,0.008064516129032258,32,22,4,0,0,2,0.2581,0.1774,0.0323,0.0,0.0,71.38,28.62,Aggressive
September 29 2026,?,2026.09.29,"Dubov, Daniil","Andreikin, Dmitry",1/2-1/2,,69,0.0,0.4927536231884058,0.07246376811594203,4.27536231884058,0.7246376811594203,0.4927536231884058,2.898550724637681,10.565217391304348,9.217391304347826,13.539118409770584,10.44927536231884,0.07246376811594203,10.44927536231884,0.2463768115942029,0.15942028985507245,16,12,6,0,0,2,0.2319,0.1739,0.087,0.0,0.0,52.55,47.45,Aggressive
January 13 2026,?,2026.01.13,"Den Roover, Nikolay Jorgensen","Dubov, Daniil",0-1,,76,0.0,0.4342105263157895,0.0,3.236842105263158,0.17105263157894737,0.3026315789473684,2.789473684210526,9.828947368421053,6.802631578947368,12.59300020155284,9.93421052631579,0.0,9.93421052631579,0.039473684210526314,0.10526315789473684,28,12,2,0,0,0,0.3684,0.1579,0.0263,0.0,0.0,59.6,40.4,Aggressive
January 27 2026,?,2026.01.27,"Herpai, Jozsef Matyas","Dubov, Daniil",0-1,,40,0.0,0.825,0.175,3.125,0.4,0.775,2.55,9.975,8.5,13.388325979575978,10.7,0.0,10.7,0.1,0.075,12,12,2,0,0,0,0.3,0.3,0.05,0.0,0.0,45.92,54.08,Positional
January 27 2026,?,2026.01.27,"Pranav, V","Dubov, Daniil",0-1,,158,0.0,0.9810126582278481,0.9430379746835443,0.9430379746835443,0.7341772151898734,0.6012658227848101,2.3607594936708862,8.49367088607595,6.594936708860759,8.696698607299872,5.4113924050632916,0.0189873417721519,5.4113924050632916,0.08227848101265822,0.05063291139240506,42,32,4,0,0,2,0.2658,0.2025,0.0253,0.0,0.0,77.16,22.84,Aggressive
January 27 2026,?,2026.01.27,"Rustamov, Rustam","Dubov, Daniil",0-1,,100,0.0,0.88,0.4,0.58,1.32,0.51,2.78,9.75,5.85,10.60707747807748,8.24,0.0,8.24,0.12,0.0,28,26,6,0,0,2,0.28,0.26,0.06,0.0,0.0,68.26,31.74,Aggressive
March 24 2026,?,2026.03.24,"Rasulov, Vugar","Dubov, Daniil",1-0,,111,0.0,0.8918918918918919,0.7027027027027027,0.6936936936936937,1.882882882882883,0.6756756756756757,2.6666666666666665,8.54054054054054,7.864864864864865,9.786051761051764,7.009009009009009,0.036036036036036036,7.009009009009009,0.24324324324324326,0.018018018018018018,30,26,8,0,0,4,0.2703,0.2342,0.0721,0.0,0.0,71.11,28.89,Aggressive
Playoffs,?,2026.04.24,"Movahed, Sina","Dubov, Daniil",1-0,,125,0.0,1.024,0.816,0.376,3.088,0.872,2.2,8.272,7.76,9.945807192807196,6.568,0.056,6.568,0.488,0.024,24,30,8,0,0,2,0.192,0.24,0.064,0.0,0.0,70.36,29.64,Aggressive
May 12 2026,?,2026.05.12,"Duda, Jan-Krzysztof","Dubov, Daniil",1-0,,117,0.0,0.8290598290598291,0.49572649572649574,3.572649572649573,0.5726495726495726,0.5470085470085471,2.752136752136752,9.145299145299145,8.025641025641026,10.186959384395282,7.35042735042735,0.0,7.35042735042735,0.15384615384615385,0.06837606837606838,24,22,12,0,0,0,0.2051,0.188,0.1026,0.0,0.0,68.08,31.92,Aggressive
June 02 2026,?,2026.06.02,"Dirikolu, Deniz","Dubov, Daniil",1-0,,97,0.0,0.8865979381443299,0.32989690721649484,0.26804123711340205,2.7628865979381443,0.6597938144329897,2.185567010309278,7.804123711340206,8.030927835051546,9.914620631373207,7.0,0.21649484536082475,7.0,0.21649484536082475,0.0,32,20,10,0,0,2,0.3299,0.2062,0.1031,0.0,0.0,71.33,28.67,Aggressive
June 23 2026,?,2026.06.23,"Xue, Haowen","Dubov, Daniil",1-0,,83,0.0,0.3132530120481928,0.0,2.36144578313253,1.4939759036144578,0.3132530120481928,3.0843373493975905,10.63855421686747,8.289156626506024,14.265194644712716,11.313253012048193,0.03614457831325301,11.313253012048193,0.21686746987951808,0.0,16,8,6,0,0,0,0.1928,0.0964,0.0723,0.0,0.0,48.34,51.66,Positional
June 23 2026,?,2026.06.23,"Kourkoulos-Arditis, Stamatis","Dubov, Daniil",1-0,,137,0.0,0.781021897810219,0.9927007299270073,2.795620437956204,1.3211678832116789,0.45985401459854014,2.3065693430656933,8.102189781021897,8.138686131386862,8.943320163210666,5.810218978102189,0.0364963503649635,5.810218978102189,0.21897810218978103,0.20437956204379562,24,28,10,0,0,6,0.1752,0.2044,0.073,0.0,0.0,72.24,27.76,Aggressive
June 30 2026,?,2026.06.30,"Germanovs, Georgijs","Dubov, Daniil",1-0,,63,0.0,0.5238095238095238,0.0,1.8095238095238095,1.0,0.5238095238095238,2.9365079365079363,9.761904761904763,8.015873015873016,15.070719227862085,12.26984126984127,0.23809523809523808,12.26984126984127,0.2857142857142857,0.20634920634920634,14,8,2,0,0,0,0.2222,0.127,0.0317,0.0,0.0,42.52,57.48,Positional
July 14 2026,?,2026.07.14,"Vetokhin, Savva","Dubov, Daniil",1-0,,111,0.0,0.5045045045045045,0.009009009009009009,4.612612612612613,1.8738738738738738,0.4774774774774775,3.027027027027027,10.153153153153154,8.954954954954955,11.729166654166653,9.126126126126126,0.0,9.126126126126126,0.06306306306306306,0.05405405405405406,20,14,2,0,0,0,0.1802,0.1261,0.018,0.0,0.0,56.29,43.71,Aggressive
July 14 2026,?,2026.07.14,"Salemgareev, Tagir","Dubov, Daniil",1-0,,97,0.0,0.7010309278350515,0.5051546391752577,0.5979381443298969,3.9690721649484537,0.6804123711340206,1.9690721649484537,8.103092783505154,8.917525773195877,10.697835068711358,7.814432989690721,0.020618556701030927,7.814432989690721,0.4536082474226804,0.07216494845360824,22,24,6,0,0,2,0.2268,0.2474,0.0619,0.0,0.0,65.53,34.47,Aggressive
July 16 Second 2026,?,2026.07.16,"Sitbon, Itay","Dubov, Daniil",1-0,,89,0.0,0.7415730337078652,0.38202247191011235,0.07865168539325842,3.640449438202247,0.7078651685393258,2.550561797752809,8.662921348314606,9.707865168539326,10.12411068956013,7.235955056179775,0.06741573033707865,7.235955056179775,0.11235955056179775,0.011235955056179775,22,20,12,0,0,2,0.2472,0.2247,0.1348,0.0,0.0,66.15,33.85,Aggressive
July 28 2026,?,2026.07.28,"Tabatabaei, M. Amin","Dubov, Daniil",1-0,,255,0.0,0.7098039215686275,0.43529411764705883,1.0549019607843138,3.462745098039216,0.403921568627451,1.9568627450980391,7.423529411764706,6.866666666666666,8.659915607268552,5.313725490196078,0.023529411764705882,5.313725490196078,0.44313725490196076,0.00392156862745098,24,38,6,0,0,2,0.0941,0.149,0.0235,0.0,0.0,74.47,25.53,Aggressive
LCQ | Knockout,?,2026.08.06,"Bortnyk, Olexandr","Dubov, Daniil",1-0,,139,0.0,0.8489208633093526,0.34532374100719426,0.10071942446043165,4.539568345323741,0.5179856115107914,2.6546762589928057,8.309352517985612,8.81294964028777,9.596952028786562,6.16546762589928,0.0,6.16546762589928,0.460431654676259,0.0,28,32,14,0,0,8,0.2014,0.2302,0.1007,0.0,0.0,74.32,25.68,Aggressive
LCQ | Knockout,?,2026.08.06,"Bortnyk, Olexandr","Dubov, Daniil",1-0,,113,0.0,0.9823008849557522,0.5486725663716814,1.0,4.061946902654867,0.7699115044247787,2.7610619469026547,9.769911504424778,10.31858407079646,10.845135272790145,7.1415929203539825,0.07079646017699115,7.1415929203539825,0.4336283185840708,0.0,26,28,6,0,0,4,0.2301,0.2478,0.0531,0.0,0.0,67.41,32.59,Aggressive
September 01 2026,?,2026.09.01,"Keymer, Vincent","Dubov, Daniil",1-0,,133,0.0,0.8345864661654135,0.47368421052631576,2.488721804511278,1.7669172932330828,0.45864661654135336,2.8721804511278197,9.556390977443609,8.654135338345865,10.786251071401447,8.030075187969924,0.12781954887218044,8.030075187969924,0.15037593984962405,0.18045112781954886,26,30,6,0,0,2,0.1955,0.2256,0.0451,0.0,0.0,67.69,32.31,Aggressive
September 01 2026,?,2026.09.01,"Duda, Jan-Krzysztof","Dubov, Daniil",1-0,,103,0.0,0.6019417475728155,0.8058252427184466,6.766990291262136,0.7864077669902912,0.6019417475728155,3.2135922330097086,10.368932038834952,10.310679611650485,11.341667825162968,7.922330097087379,0.0,7.922330097087379,0.4563106796116505,0.49514563106796117,24,18,8,0,0,2,0.233,0.1748,0.0777,0.0,0.0,63.84,36.16,Aggressive
Main Event,?,2026.09.08,"Erdogmus, Yagiz Kaan","Dubov, Daniil",1-0,,51,0.0,0.29411764705882354,0.09803921568627451,0.9019607843137255,1.1568627450980393,0.29411764705882354,2.549019607843137,9.980392156862745,8.27450980392157,14.56618251030016,11.803921568627452,0.0196078431372549,11.803921568627452,0.0196078431372549,0.058823529411764705,14,8,2,0,0,0,0.2745,0.1569,0.0392,0.0,0.0,42.07,57.93,Positional
Main Event,?,2026.09.11,"Vidit, Santosh Gujrathi","Dubov, Daniil",1-0,,191,0.0,1.0523560209424083,0.9895287958115183,0.46596858638743455,6.549738219895288,0.8952879581151832,1.612565445026178,7.272251308900524,10.785340314136125,9.853141826178476,5.0,0.015706806282722512,5.0,0.6963350785340314,0.010471204188481676,24,34,4,0,0,2,0.1257,0.178,0.0209,0.0,0.0,71.29,28.71,Aggressive
September 15 2026,?,2026.09.15,"Tsydypov, Zhamsaran","Dubov, Daniil",1-0,,189,0.0,1.3703703703703705,0.8465608465608465,0.14285714285714285,4.4338624338624335,0.8306878306878307,2.328042328042328,8.37037037037037,8.544973544973544,8.777136341025223,5.708994708994709,0.1111111111111111,5.708994708994709,0.5925925925925926,0.0,30,32,2,0,0,0,0.1587,0.1693,0.0106,0.0,0.0,72.02,27.98,Aggressive
September 22 2026,?,2026.09.22,"Cieslak, Patryk","Dubov, Daniil",1-0,,153,0.0,0.7712418300653595,0.6013071895424836,1.6405228758169934,1.8888888888888888,0.5686274509803921,2.4705882352941178,8.764705882352942,8.098039215686274,10.573733800694587,7.339869281045751,0.0,7.339869281045751,0.24836601307189543,0.0457516339869281,32,24,4,0,0,2,0.2092,0.1569,0.0261,0.0,0.0,69.33,30.67,Aggressive
September 22 2026,?,2026.09.22,"Khubukshanov, Erdem","Dubov, Daniil",1-0,,89,0.0,0.449438202247191,0.15730337078651685,4.696629213483146,2.764044943820225,0.449438202247191,2.842696629213483,10.696629213483146,9.752808988764045,12.751876151314356,8.752808988764045,0.0,8.752808988764045,0.5393258426966292,0.2696629213483146,18,16,4,0,0,0,0.2022,0.1798,0.0449,0.0,0.0,56.2,43.8,Aggressive
September 22 2026,?,2026.09.22,"Karvatskyi, Oleksii","Dubov, Daniil",1-0,,143,0.0,0.5734265734265734,0.02097902097902098,4.286713286713287,0.7202797202797203,0.4965034965034965,3.076923076923077,10.643356643356643,10.468531468531468,11.915706748573879,8.475524475524475,0.1958041958041958,8.475524475524475,0.20279720279720279,0.3076923076923077,26,20,2,0,0,2,0.1818,0.1399,0.014,0.0,0.0,61.19,38.81,Aggressive
February 03 2026,?,2026.02.03,Rohith Krishna S,"Dubov, Daniil",0-1,,68,0.0,0.45588235294117646,0.0,2.6029411764705883,0.9117647058823529,0.4411764705882353,2.8823529411764706,10.132352941176471,7.8088235294117645,12.894079368344071,10.264705882352942,0.014705882352941176,10.264705882352942,0.14705882352941177,0.08823529411764706,28,14,10,0,0,2,0.4118,0.2059,0.1471,0.0,0.0,63.01,36.99,Aggressive
February 03 2026,?,2026.02.03,"Abdsattar, Alisher","Dubov, Daniil",0-1,,88,0.0,1.1363636363636365,0.11363636363636363,3.3295454545454546,1.75,1.0909090909090908,3.1136363636363638,10.5,10.272727272727273,12.102174971493161,8.261363636363637,0.2840909090909091,8.261363636363637,0.2840909090909091,0.11363636363636363,18,22,4,0,0,2,0.2045,0.25,0.0455,0.0,0.0,58.91,41.09,Aggressive
Aeroflot Open 2026,?,2026.03.04,"Gong, Sunle","Dubov, Daniil",0-1,,70,0.0,0.7285714285714285,0.1,2.6857142857142855,1.7428571428571429,0.7285714285714285,3.0142857142857142,10.242857142857142,8.271428571428572,13.428639019710452,10.471428571428572,0.12857142857142856,10.471428571428572,0.22857142857142856,0.05714285714285714,18,10,4,0,0,0,0.2571,0.1429,0.0571,0.0,0.0,51.72,48.28,Aggressive
Play-In 3,?,2026.03.23,"Caruana, Fabiano","Dubov, Daniil",0-1,,66,0.0,0.25757575757575757,0.0,2.393939393939394,0.9696969696969697,0.25757575757575757,2.9242424242424243,10.424242424242424,8.984848484848484,14.007483089301267,11.43939393939394,0.07575757575757576,11.43939393939394,0.21212121212121213,0.045454545454545456,16,16,2,0,0,0,0.2424,0.2424,0.0303,0.0,0.0,49.24,50.76,Positional
Play-In 3,?,2026.03.23,"Moroni, Luca Jr","Dubov, Daniil",0-1,,156,0.0,1.0064102564102564,1.0256410256410255,1.5064102564102564,3.0641025641025643,0.6666666666666666,2.58974358974359,8.826923076923077,8.038461538461538,9.921529076336771,6.102564102564102,0.0,6.102564102564102,0.6794871794871795,0.038461538461538464,26,36,10,0,0,2,0.1667,0.2308,0.0641,0.0,0.0,72.87,27.13,Aggressive
March 24 2026,?,2026.03.24,"Huschenbeth, Niclas","Dubov, Daniil",0-1,,96,0.0,0.71875,0.1875,1.8958333333333333,3.1041666666666665,0.53125,2.6354166666666665,9.34375,8.041666666666666,11.111829865736112,7.75,0.0,7.75,0.3645833333333333,0.03125,26,26,6,0,0,4,0.2708,0.2708,0.0625,0.0,0.0,67.74,32.26,Aggressive
Playoffs,?,2026.04.23,"Sindarov, Javokhir","Dubov, Daniil",0-1,,90,0.0,0.6111111111111112,0.14444444444444443,1.3444444444444446,1.8222222222222222,0.6111111111111112,3.111111111111111,10.28888888888889,8.344444444444445,12.776796351796358,9.866666666666667,0.022222222222222223,9.866666666666667,0.13333333333333333,0.022222222222222223,22,16,6,0,0,4,0.2444,0.1778,0.0667,0.0,0.0,58.96,41.04,Aggressive
Playoffs,?,2026.04.23,"Sindarov, Javokhir","Dubov, Daniil",0-1,,58,0.0,0.7068965517241379,0.0,1.5517241379310345,0.896551724137931,0.7068965517241379,3.3793103448275863,10.793103448275861,7.655172413793103,14.40916296347331,12.017241379310345,0.0,12.017241379310345,0.10344827586206896,0.0,14,4,4,0,0,0,0.2414,0.069,0.069,0.0,0.0,41.77,58.23,Positional
Playoffs,?,2026.04.24,Pranesh M,"Dubov, Daniil",0-1,,92,0.0,0.75,0.358695652173913,0.34782608695652173,2.869565217391304,0.6413043478260869,2.902173913043478,9.869565217391305,8.48913043478261,12.073616148344414,9.402173913043478,0.0,9.402173913043478,0.41304347826086957,0.0,28,24,10,0,0,4,0.3043,0.2609,0.1087,0.0,0.0,66.64,33.36,Aggressive
Baku Open - 2026,?,2026.04.29,"Orujov, Farid","Dubov, Daniil",0-1,,122,0.0,1.3770491803278688,0.47540983606557374,0.16393442622950818,4.344262295081967,0.7786885245901639,2.098360655737705,7.844262295081967,8.180327868852459,9.118504560102922,5.950819672131147,0.01639344262295082,5.950819672131147,0.3360655737704918,0.01639344262295082,30,32,4,0,0,2,0.2459,0.2623,0.0328,0.0,0.0,73.17,26.83,Aggressive
Baku Open - 2026,?,2026.05.02,"Kornienko, Konstantin","Dubov, Daniil",0-1,,152,0.0,1.1644736842105263,0.2236842105263158,2.25,3.736842105263158,0.7236842105263158,2.6710526315789473,9.598684210526315,10.085526315789474,10.72865040661094,7.519736842105263,0.05921052631578947,7.519736842105263,0.6776315789473685,0.08552631578947369,22,12,2,0,0,2,0.1447,0.0789,0.0132,0.0,0.0,58.85,41.15,Aggressive
Baku Open - 2026,?,2026.05.04,"Nigmatov, Ortik","Dubov, Daniil",0-1,,186,0.0,1.3494623655913978,1.1290322580645162,1.3548387096774193,0.6559139784946236,1.0268817204301075,2.204301075268817,8.016129032258064,6.225806451612903,7.6951841915551595,4.795698924731183,0.010752688172043012,4.795698924731183,0.08064516129032258,0.03225806451612903,38,20,8,0,0,2,0.2043,0.1075,0.043,0.0,0.0,76.77,23.23,Aggressive
May 12 2026,?,2026.05.12,"Gontcharov, Vladislav","Dubov, Daniil",0-1,,96,0.0,0.6979166666666666,0.13541666666666666,0.21875,2.6770833333333335,0.375,2.3958333333333335,8.802083333333334,8.697916666666666,11.333842286186036,8.385416666666666,0.041666666666666664,8.385416666666666,0.34375,0.052083333333333336,26,12,2,0,0,2,0.2708,0.125,0.0208,0.0,0.0,59.99,40.01,Aggressive
May 12 2026,?,2026.05.12,"Waldhausen Gordon, Frederick","Dubov, Daniil",0-1,,142,0.0,1.0140845070422535,1.1830985915492958,2.288732394366197,0.352112676056338,0.8661971830985915,2.612676056338028,8.95774647887324,7.105633802816901,10.547560733476228,6.429577464788732,0.02112676056338028,6.429577464788732,0.09154929577464789,0.16901408450704225,38,30,6,0,0,2,0.2676,0.2113,0.0423,0.0,0.0,74.14,25.86,Aggressive
May 19 2026,?,2026.05.19,"Lazavik, Denis","Dubov, Daniil",0-1,,168,0.0,1.255952380952381,0.39285714285714285,6.101190476190476,0.5357142857142857,0.8809523809523809,2.4047619047619047,8.833333333333334,11.642857142857142,8.984998268926839,5.761904761904762,0.005952380952380952,5.761904761904762,0.1488095238095238,0.30952380952380953,18,34,4,0,0,0,0.1071,0.2024,0.0238,0.0,0.0,67.1,32.9,Aggressive
May 19 2026,?,2026.05.19,"Korobov, Anton","Dubov, Daniil",0-1,,102,0.0,0.7254901960784313,0.4411764705882353,3.156862745098039,2.7450980392156863,0.7058823529411765,3.2058823529411766,10.666666666666666,9.343137254901961,12.775803608156549,9.196078431372548,0.0,9.196078431372548,0.4803921568627451,0.2549019607843137,26,14,4,0,0,2,0.2549,0.1373,0.0392,0.0,0.0,60.04,39.96,Aggressive
May 19 2026,?,2026.05.19,"Donchenko, Alexander","Dubov, Daniil",0-1,,104,0.0,0.5096153846153846,0.08653846153846154,1.0,2.923076923076923,0.4807692307692308,2.3846153846153846,8.76923076923077,9.259615384615385,11.821037722960792,9.048076923076923,0.23076923076923078,9.048076923076923,0.36538461538461536,0.0,28,24,8,0,0,4,0.2692,0.2308,0.0769,0.0,0.0,66.78,33.22,Aggressive
May 19 2026,?,2026.05.19,"Carnicelli, Valerio","Dubov, Daniil",0-1,,112,0.0,0.7321428571428571,0.5803571428571429,4.785714285714286,0.29464285714285715,0.7321428571428571,2.5714285714285716,9.169642857142858,9.026785714285714,10.200061743811748,6.821428571428571,0.13392857142857142,6.821428571428571,0.0625,0.2857142857142857,22,22,4,0,0,0,0.1964,0.1964,0.0357,0.0,0.0,64.33,35.67,Aggressive
June 02 2026,?,2026.06.02,"Poormosavi, Seyed Kian","Dubov, Daniil",0-1,,144,0.0,0.9513888888888888,0.8819444444444444,0.7986111111111112,4.0,0.6805555555555556,2.125,7.555555555555555,9.625,9.983009120509122,5.958333333333333,0.041666666666666664,5.958333333333333,0.2569444444444444,0.06944444444444445,30,32,8,0,0,4,0.2083,0.2222,0.0556,0.0,0.0,73.31,26.69,Aggressive
Masters,?,2026.06.05,"Tarhan, Adar",Daniil Dubov,0-1,,188,0.0,1.1914893617021276,0.44680851063829785,0.7446808510638298,1.9680851063829787,0.9308510638297872,2.606382978723404,8.340425531914894,8.436170212765957,10.147205129385979,7.138297872340425,0.13829787234042554,7.138297872340425,0.31382978723404253,0.0425531914893617,32,24,6,0,0,2,0.1702,0.1277,0.0319,0.0,0.0,70.21,29.79,Aggressive
June 23 2026,?,2026.06.23,"Vakhidov, Jakhongir","Dubov, Daniil",0-1,,112,0.0,1.5,1.0267857142857142,0.8839285714285714,0.6160714285714286,1.2946428571428572,2.419642857142857,9.571428571428571,7.767857142857143,9.604098332223332,7.151785714285714,0.08928571428571429,7.151785714285714,0.11607142857142858,0.0,22,18,6,0,0,2,0.1964,0.1607,0.0536,0.0,0.0,64.09,35.91,Aggressive
June 23 2026,?,2026.06.23,"Materia, Marco","Dubov, Daniil",0-1,,122,0.0,1.0573770491803278,1.1065573770491803,0.14754098360655737,4.024590163934426,0.9426229508196722,2.2459016393442623,8.491803278688524,8.024590163934427,10.388580226694986,5.868852459016393,0.0,5.868852459016393,0.5081967213114754,0.01639344262295082,30,26,8,0,0,2,0.2459,0.2131,0.0656,0.0,0.0,71.87,28.13,Aggressive
June 23 2026,?,2026.06.23,"Rakotomaharo, Fy Antenaina","Dubov, Daniil",0-1,,84,0.0,0.6547619047619048,0.6190476190476191,1.0833333333333333,2.2261904761904763,0.2619047619047619,2.6547619047619047,9.666666666666666,8.714285714285714,12.64657528318243,9.833333333333334,0.25,9.833333333333334,0.25,0.0,26,14,10,0,0,2,0.3095,0.1667,0.119,0.0,0.0,62.08,37.92,Aggressive
June 23 2026,?,2026.06.23,Gajwa Ankit,"Dubov, Daniil",0-1,,54,0.0,0.24074074074074073,0.0,1.3888888888888888,1.1851851851851851,0.24074074074074073,2.814814814814815,10.333333333333334,8.296296296296296,13.855380422047087,11.574074074074074,0.0,11.574074074074074,0.2777777777777778,0.14814814814814814,18,14,6,0,0,0,0.3333,0.2593,0.1111,0.0,0.0,52.25,47.75,Aggressive
June 30 2026,?,2026.06.30,"Isaev, Anton","Dubov, Daniil",0-1,,66,0.0,0.30303030303030304,0.0,2.6515151515151514,2.0303030303030303,0.30303030303030304,2.5454545454545454,9.818181818181818,8.287878787878787,14.431968242195513,11.515151515151516,0.07575757575757576,11.515151515151516,0.16666666666666666,0.12121212121212122,16,12,4,0,0,0,0.2424,0.1818,0.0606,0.0,0.0,49.9,50.1,Positional
June 30 2026,?,2026.06.30,"Skvortsov, Andrei","Dubov, Daniil",0-1,,82,0.0,0.2073170731707317,0.024390243902439025,1.5609756097560976,0.5853658536585366,0.2073170731707317,2.768292682926829,10.731707317073171,8.548780487804878,14.964296611247825,12.158536585365853,0.04878048780487805,12.158536585365853,0.024390243902439025,0.012195121951219513,14,12,0,0,0,0,0.1707,0.1463,0.0,0.0,0.0,41.99,58.01,Positional
June 30 2026,?,2026.06.30,"Vassis, Michail","Dubov, Daniil",0-1,,108,0.0,0.5462962962962963,0.2222222222222222,1.3425925925925926,1.5740740740740742,0.4537037037037037,2.7777777777777777,9.583333333333334,7.675925925925926,13.10439141619697,10.5,0.2222222222222222,10.5,0.07407407407407407,0.037037037037037035,26,12,8,0,0,2,0.2407,0.1111,0.0741,0.0,0.0,60.36,39.64,Aggressive
July 14 2026,?,2026.07.14,"Ferey, Antonin","Dubov, Daniil",0-1,,70,0.0,0.5428571428571428,0.07142857142857142,1.4,1.9,0.5428571428571428,2.3857142857142857,10.257142857142858,9.128571428571428,12.647863565006423,9.942857142857143,0.0,9.942857142857143,0.3,0.12857142857142856,22,18,4,0,0,2,0.3143,0.2571,0.0571,0.0,0.0,58.19,41.81,Aggressive
July 14 2026,?,2026.07.14,"Matyakubov, Miraziz","Dubov, Daniil",0-1,,62,0.0,0.6935483870967742,0.0,1.8387096774193548,1.2741935483870968,0.6451612903225806,2.9838709677419355,10.290322580645162,9.096774193548388,14.120465690223757,11.483870967741936,0.0,11.483870967741936,0.0,0.08064516129032258,14,16,6,0,0,0,0.2258,0.2581,0.0968,0.0,0.0,50.49,49.51,Aggressive
July 14 2026,?,2026.07.14,"Moosavifar, Seyed Abolfazl","Dubov, Daniil",0-1,,60,0.0,0.25,0.0,0.95,0.95,0.25,2.7,9.8,6.983333333333333,14.521577542827542,11.666666666666666,0.05,11.666666666666666,0.2,0.1,24,10,4,0,0,4,0.4,0.1667,0.0667,0.0,0.0,55.06,44.94,Aggressive
July 16 Second 2026,?,2026.07.16,"Yushko, Olga","Dubov, Daniil",0-1,,64,0.0,0.4375,0.1875,1.28125,0.8125,0.28125,3.125,10.25,8.515625,13.088338267635143,10.203125,0.0,10.203125,0.0625,0.015625,20,8,2,0,0,0,0.3125,0.125,0.0312,0.0,0.0,49.44,50.56,Positional
July 28 2026,?,2026.07.28,"Mikhalsky, Vladimir","Dubov, Daniil",0-1,,142,0.0,0.9859154929577465,0.795774647887324,0.6338028169014085,1.8732394366197183,0.5845070422535211,2.232394366197183,8.140845070422536,8.633802816901408,9.818350624336542,6.809859154929577,0.09859154929577464,6.809859154929577,0.34507042253521125,0.04225352112676056,38,20,8,0,0,4,0.2676,0.1408,0.0563,0.0,0.0,72.73,27.27,Aggressive
July 28 2026,?,2026.07.28,"Skvortsov, Andrei","Dubov, Daniil",0-1,,62,0.0,0.6129032258064516,0.14516129032258066,3.0806451612903225,1.1129032258064515,0.6129032258064516,2.7419354838709675,10.435483870967742,9.46774193548387,14.636876116714829,11.516129032258064,0.11290322580645161,11.516129032258064,0.1774193548387097,0.16129032258064516,18,6,6,0,0,2,0.2903,0.0968,0.0968,0.0,0.0,49.7,50.3,Positional
July 28 2026,?,2026.07.28,"Liyanage, Ranindu Dilshan","Dubov, Daniil",0-1,,70,0.0,0.35714285714285715,0.0,0.9571428571428572,0.8428571428571429,0.35714285714285715,2.9857142857142858,9.942857142857143,6.614285714285714,13.827808699237272,11.1,0.0,11.1,0.18571428571428572,0.014285714285714285,24,18,2,0,0,2,0.3429,0.2571,0.0286,0.0,0.0,57.43,42.57,Aggressive
LCQ | Group B,?,2026.08.04,"Blanco Garcia, Liliam Barbara","Dubov, Daniil",0-1,,66,0.0,0.3484848484848485,0.36363636363636365,0.30303030303030304,1.1666666666666667,0.3484848484848485,2.893939393939394,9.696969696969697,7.878787878787879,12.177386796704976,9.636363636363637,0.045454545454545456,9.636363636363637,0.16666666666666666,0.015151515151515152,18,12,2,0,0,0,0.2727,0.1818,0.0303,0.0,0.0,50.85,49.15,Aggressive
LCQ | Group B,?,2026.08.04,"Lagarde, Maxime","Dubov, Daniil",0-1,,90,0.0,0.45555555555555555,0.4111111111111111,0.15555555555555556,0.9666666666666667,0.4222222222222222,2.477777777777778,8.588888888888889,7.855555555555555,11.296586160752826,8.555555555555555,0.1111111111111111,8.555555555555555,0.2,0.022222222222222223,28,24,8,0,0,2,0.3111,0.2667,0.0889,0.0,0.0,67.05,32.95,Aggressive
LCQ | Group B,?,2026.08.04,"Hansen, Eric","Dubov, Daniil",0-1,,150,0.0,0.8266666666666667,0.41333333333333333,0.9866666666666667,0.43333333333333335,0.37333333333333335,3.2866666666666666,9.846666666666666,8.0,10.188325933325943,8.293333333333333,0.02,8.293333333333333,0.12,0.05333333333333334,32,18,10,0,0,2,0.2133,0.12,0.0667,0.0,0.0,67.83,32.17,Aggressive
LCQ | Group B,?,2026.08.04,"Lodici, Lorenzo","Dubov, Daniil",0-1,,119,0.0,0.8571428571428571,0.7899159663865546,0.36134453781512604,2.80672268907563,0.7394957983193278,2.6554621848739495,9.579831932773109,8.941176470588236,10.500270644388292,7.705882352941177,0.09243697478991597,7.705882352941177,0.2773109243697479,0.0,28,24,8,0,0,2,0.2353,0.2017,0.0672,0.0,0.0,67.67,32.33,Aggressive
LCQ | Knockout | 5th-6th,?,2026.08.06,"Hansen, Eric","Dubov, Daniil",0-1,,68,0.0,0.3088235294117647,0.0,0.9411764705882353,0.9411764705882353,0.3088235294117647,3.2205882352941178,10.794117647058824,8.191176470588236,14.403842644283825,11.735294117647058,0.0,11.735294117647058,0.20588235294117646,0.19117647058823528,20,12,6,0,0,0,0.2941,0.1765,0.0882,0.0,0.0,51.82,48.18,Aggressive
Masters,?,2026.08.21,"Ahmadzada, Ahmad","Dubov, Daniil",0-1,,92,0.0,0.5217391304347826,0.2717391304347826,5.586956521739131,0.08695652173913043,0.42391304347826086,2.5,9.456521739130435,9.543478260869565,11.723976898705159,8.33695652173913,0.14130434782608695,8.33695652173913,0.32608695652173914,0.2391304347826087,24,22,4,0,0,0,0.2609,0.2391,0.0435,0.0,0.0,63.06,36.94,Aggressive
September 01 2026,?,2026.09.01,"Hamidov, Allahverdi","Dubov, Daniil",0-1,,38,0.0,0.2631578947368421,0.39473684210526316,2.9473684210526314,0.3157894736842105,0.2631578947368421,2.3947368421052633,9.157894736842104,7.7105263157894735,13.435790817369764,10.736842105263158,0.0,10.736842105263158,0.21052631578947367,0.42105263157894735,12,10,2,0,0,0,0.3158,0.2632,0.0526,0.0,0.0,44.34,55.66,Positional
September 01 2026,?,2026.09.01,"Ingebretsen, Jens E","Dubov, Daniil",0-1,,148,0.0,1.1486486486486487,0.9864864864864865,0.6959459459459459,2.47972972972973,0.9459459459459459,2.385135135135135,8.628378378378379,6.871621621621622,9.383012445512444,5.9391891891891895,0.0,5.9391891891891895,0.28378378378378377,0.013513513513513514,34,22,8,0,0,2,0.2297,0.1486,0.0541,0.0,0.0,73.31,26.69,Aggressive
Main Event,?,2026.09.05,"Aravindh, Chithambaram VR.","Dubov, Daniil",0-1,,81,0.0,0.38271604938271603,0.0,1.8888888888888888,1.2839506172839505,0.38271604938271603,3.2962962962962963,10.802469135802468,7.888888888888889,15.414165943795567,12.283950617283951,0.024691358024691357,12.283950617283951,0.2962962962962963,0.2222222222222222,16,6,2,0,0,0,0.1975,0.0741,0.0247,0.0,0.0,42.66,57.34,Positional
September 15 2026,?,2026.09.15,"Smieszek, Wojciech","Dubov, Daniil",0-1,,116,0.0,0.8793103448275862,0.7758620689655172,0.8448275862068966,3.5948275862068964,0.7844827586206896,2.413793103448276,8.35344827586207,8.232758620689655,9.33910435828539,6.172413793103448,0.20689655172413793,6.172413793103448,0.25862068965517243,0.008620689655172414,24,32,6,0,0,2,0.2069,0.2759,0.0517,0.0,0.0,70.59,29.41,Aggressive
September 15 2026,?,2026.09.15,"Lortkipanidze, Nodar","Dubov, Daniil",0-1,,56,0.0,0.6607142857142857,0.125,1.3571428571428572,0.8928571428571429,0.5892857142857143,3.0,10.392857142857142,7.910714285714286,15.183256029684596,12.785714285714286,0.44642857142857145,12.785714285714286,0.30357142857142855,0.07142857142857142,14,8,6,0,0,2,0.25,0.1429,0.1071,0.0,0.0,45.51,54.49,Positional
September 15 2026,?,2026.09.15,"Zhauynbay, Aldiyar","Dubov, Daniil",0-1,,70,0.0,0.7428571428571429,0.0,3.357142857142857,1.5142857142857142,0.4714285714285714,2.5285714285714285,10.814285714285715,10.1,13.963996321139183,11.071428571428571,0.15714285714285714,11.071428571428571,0.2,0.15714285714285714,16,10,2,0,0,0,0.2286,0.1429,0.0286,0.0,0.0,47.3,52.7,Positional
September 15 2026,?,2026.09.15,"Nosach, Roman Al","Dubov, Daniil",0-1,,168,0.0,0.8511904761904762,0.9642857142857143,1.5773809523809523,1.7083333333333333,0.7440476190476191,2.869047619047619,8.678571428571429,8.714285714285714,9.053559403559403,5.732142857142857,0.07142857142857142,5.732142857142857,0.17261904761904762,0.06547619047619048,26,26,6,0,0,0,0.1548,0.1548,0.0357,0.0,0.0,69.2,30.8,Aggressive
September 15 2026,?,2026.09.15,"Martinez Ramirez, Lennis","Dubov, Daniil",0-1,,68,0.0,0.9705882352941176,0.0,0.19117647058823528,3.1470588235294117,0.8382352941176471,2.0588235294117645,9.705882352941176,8.279411764705882,12.008779578264877,9.367647058823529,0.1323529411764706,9.367647058823529,0.2647058823529412,0.0,18,20,6,0,0,4,0.2647,0.2941,0.0882,0.0,0.0,59.8,40.2,Aggressive
September 22 2026,?,2026.09.22,"Vassis, Michail","Dubov, Daniil",0-1,,108,0.0,0.9351851851851852,0.7685185185185185,1.7777777777777777,0.6111111111111112,0.7685185185185185,2.9444444444444446,9.86111111111111,7.342592592592593,11.646248838609953,9.527777777777779,0.1388888888888889,9.527777777777779,0.26851851851851855,0.12037037037037036,28,16,2,0,0,0,0.2593,0.1481,0.0185,0.0,0.0,61.23,38.77,Aggressive
September 22 2026,?,2026.09.22,"Hulka, Valentyn","Dubov, Daniil",0-1,,92,0.0,0.6630434782608695,0.06521739130434782,1.8369565217391304,2.652173913043478,0.5978260869565217,2.739130434782609,9.782608695652174,9.195652173913043,12.307000065152238,9.597826086956522,0.010869565217391304,9.597826086956522,0.40217391304347827,0.09782608695652174,28,16,6,0,0,2,0.3043,0.1739,0.0652,0.0,0.0,62.64,37.36,Aggressive
Simultan,Habana (Cuba),1936.??.??,Capablanca Jose Raul (CUB),Bucelo A,1/2-1/2,E16,119,0.0,0.6890756302521008,0.5966386554621849,0.9495798319327731,1.1428571428571428,0.4369747899159664,2.8739495798319328,9.436974789915967,6.848739495798319,11.564529075033278,8.798319327731093,0.01680672268907563,8.798319327731093,0.2857142857142857,0.20168067226890757,32,24,6,0,0,2,0.2689,0.2017,0.0504,0.0,0.0,68.02,31.98,Aggressive
,Habana (Cuba),1936.??.??,Capablanca Jose Raul (CUB),Bucelo A,1/2-1/2,A12,78,0.0,0.3076923076923077,0.0,0.5128205128205128,0.6410256410256411,0.3076923076923077,3.2051282051282053,10.76923076923077,7.153846153846154,14.760914085914091,12.14102564102564,0.21794871794871795,12.14102564102564,0.20512820512820512,0.05128205128205128,24,8,10,0,0,2,0.3077,0.1026,0.1282,0.0,0.0,55.34,44.66,Aggressive
,Habana (Cuba),1936.??.??,Capablanca Jose Raul (CUB),Bucelo A,1/2-1/2,B25,120,0.0,0.875,0.4666666666666667,0.8916666666666667,1.7333333333333334,0.575,3.2666666666666666,9.908333333333333,8.041666666666666,12.46009263884264,9.7,0.16666666666666666,9.7,0.16666666666666666,0.03333333333333333,32,16,2,0,0,2,0.2667,0.1333,0.0167,0.0,0.0,62.59,37.41,Aggressive
It,Margate (England),1936.??.??,Capablanca Jose Raul (CUB),Lundin Erik (SWE),1/2-1/2,D47,56,0.0,0.5714285714285714,0.0,0.5357142857142857,0.5178571428571429,0.5535714285714286,2.6964285714285716,10.160714285714286,7.928571428571429,13.578741645259504,10.75,0.017857142857142856,10.75,0.0,0.0,20,16,4,0,0,2,0.3571,0.2857,0.0714,0.0,0.0,54.67,45.33,Aggressive
It,Margate (England),1936.??.??,Reilly Tim Sr,Capablanca Jose Raul (CUB),0-1,A47,58,0.0,0.6379310344827587,0.0,1.6379310344827587,0.6551724137931034,0.6379310344827587,3.086206896551724,10.275862068965518,7.586206896551724,15.235105124760297,12.344827586206897,0.0,12.344827586206897,0.3793103448275862,0.06896551724137931,22,10,0,0,0,0,0.3793,0.1724,0.0,0.0,0.0,49.24,50.76,Positional
It,Margate (England),1936.??.??,Thomas George A (ENG),Capablanca Jose Raul (CUB),0-1,D66,66,0.0,0.22727272727272727,0.0,1.606060606060606,1.8636363636363635,0.22727272727272727,2.8484848484848486,10.333333333333334,8.196969696969697,14.242061137515677,11.318181818181818,0.030303030303030304,11.318181818181818,0.4090909090909091,0.0,22,14,4,0,0,0,0.3333,0.2121,0.0606,0.0,0.0,54.37,45.63,Aggressive
It,Moscow (Russia),1936.??.??,Botvinnik Mikhail M (RUS),Capablanca Jose Raul (CUB),0-1,A30,98,0.0,0.9693877551020408,0.08163265306122448,3.857142857142857,1.153061224489796,0.5306122448979592,2.857142857142857,10.112244897959183,8.60204081632653,12.357394731119212,9.581632653061224,0.10204081632653061,9.581632653061224,0.09183673469387756,0.15306122448979592,16,16,8,0,0,0,0.1633,0.1633,0.0816,0.0,0.0,56.87,43.13,Aggressive
It,Moscow (Russia),1936.??.??,Capablanca Jose Raul (CUB),Botvinnik Mikhail M (RUS),1/2-1/2,A95,83,0.0,0.12048192771084337,0.0,2.3132530120481927,1.3132530120481927,0.10843373493975904,3.0843373493975905,10.373493975903614,8.144578313253012,14.71117607292306,11.831325301204819,0.14457831325301204,11.831325301204819,0.20481927710843373,0.0963855421686747,22,14,4,0,0,2,0.2651,0.1687,0.0482,0.0,0.0,54.27,45.73,Aggressive
It,Moscow (Russia),1936.??.??,Capablanca Jose Raul (CUB),Flohr Salomon M (CZE),1/2-1/2,A06,48,0.0,0.5625,0.0,1.4166666666666667,0.6041666666666666,0.5625,3.0,10.166666666666666,6.708333333333333,14.897011900136901,12.375,0.0,12.375,0.125,0.0,16,10,2,0,0,2,0.3333,0.2083,0.0417,0.0,0.0,46.53,53.47,Positional
It,Moscow (Russia),1936.??.??,Capablanca Jose Raul (CUB),Kan Ilya A (RUS),1/2-1/2,E43,78,0.0,0.3974358974358974,0.32051282051282054,0.7564102564102564,2.1794871794871793,0.28205128205128205,3.217948717948718,10.205128205128204,8.435897435897436,12.469573802266114,9.26923076923077,0.02564102564102564,9.26923076923077,0.6410256410256411,0.02564102564102564,28,10,4,0,0,2,0.359,0.1282,0.0513,0.0,0.0,58.98,41.02,Aggressive
It,Moscow (Russia),1936.??.??,Capablanca Jose Raul (CUB),Lasker Emanuel (GER),1/2-1/2,D69,45,0.0,0.1111111111111111,0.0,1.6888888888888889,0.35555555555555557,0.1111111111111111,2.6222222222222222,9.955555555555556,6.5777777777777775,14.24367052700386,11.4,0.0,11.4,0.044444444444444446,0.13333333333333333,16,12,2,0,0,2,0.3556,0.2667,0.0444,0.0,0.0,48.36,51.64,Positional
It,Moscow (Russia),1936.??.??,Capablanca Jose Raul (CUB),Levenfish Grigori Y (RUS),1/2-1/2,D43,62,0.0,0.6290322580645161,0.0,1.7419354838709677,1.4193548387096775,0.6290322580645161,3.161290322580645,10.806451612903226,7.548387096774194,14.2540500270339,10.96774193548387,0.0,10.96774193548387,0.3064516129032258,0.0,16,12,0,0,0,0,0.2581,0.1935,0.0,0.0,0.0,46.61,53.39,Positional
It,Moscow (Russia),1936.??.??,Kan Ilya A (RUS),Capablanca Jose Raul (CUB),0-1,C25,113,0.0,1.2300884955752212,0.05309734513274336,0.1504424778761062,3.3716814159292037,0.37168141592920356,2.814159292035398,9.265486725663717,7.548672566371682,9.470195119531402,7.088495575221239,0.0,7.088495575221239,0.11504424778761062,0.0,30,22,8,0,0,2,0.2655,0.1947,0.0708,0.0,0.0,69.99,30.01,Aggressive
It,Moscow (Russia),1936.??.??,Lasker Emanuel (GER),Capablanca Jose Raul (CUB),0-1,B58,108,0.0,0.5277777777777778,0.1574074074074074,3.3333333333333335,0.21296296296296297,0.49074074074074076,2.962962962962963,10.092592592592593,8.962962962962964,12.038483738483741,9.268518518518519,0.046296296296296294,9.268518518518519,0.12037037037037036,0.1388888888888889,28,12,4,0,0,0,0.2593,0.1111,0.037,0.0,0.0,60.08,39.92,Aggressive
It,Moscow (Russia),1936.??.??,Rjumin N (RUS),Capablanca Jose Raul (CUB),0-1,A11,88,0.0,0.625,0.20454545454545456,0.5454545454545454,0.375,0.6136363636363636,2.4204545454545454,9.25,6.4772727272727275,10.708744128346403,8.295454545454545,0.1590909090909091,8.295454545454545,0.09090909090909091,0.0,30,18,6,0,0,2,0.3409,0.2045,0.0682,0.0,0.0,66.66,33.34,Aggressive
It,Nottingham (England),1936.??.??,Capablanca Jose Raul (CUB),Bogoljubow Efim D (UKR),1/2-1/2,A26,91,0.0,0.7582417582417582,0.054945054945054944,1.3076923076923077,2.4065934065934065,0.7582417582417582,2.4175824175824174,9.43956043956044,9.351648351648352,12.68713862450126,9.615384615384615,0.04395604395604396,9.615384615384615,0.3956043956043956,0.054945054945054944,28,20,6,0,0,2,0.3077,0.2198,0.0659,0.0,0.0,63.67,36.33,Aggressive
It,Nottingham (England),1936.??.??,Capablanca Jose Raul (CUB),Botvinnik Mikhail M (RUS),1/2-1/2,A47,58,0.0,0.3448275862068966,0.034482758620689655,1.7241379310344827,0.7586206896551724,0.3448275862068966,2.5517241379310347,9.913793103448276,5.689655172413793,13.301624955504266,10.568965517241379,0.0,10.568965517241379,0.43103448275862066,0.22413793103448276,18,12,0,0,0,0,0.3103,0.2069,0.0,0.0,0.0,50.11,49.89,Aggressive
It,Nottingham (England),1936.??.??,Capablanca Jose Raul (CUB),Euwe Max (NED),1/2-1/2,D18,43,0.0,0.3023255813953488,0.0,0.27906976744186046,0.7674418604651163,0.3023255813953488,2.813953488372093,9.837209302325581,8.116279069767442,13.918032742451345,11.30232558139535,0.06976744186046512,11.30232558139535,0.18604651162790697,0.023255813953488372,14,14,2,0,0,2,0.3256,0.3256,0.0465,0.0,0.0,46.46,53.54,Positional
It,Nottingham (England),1936.??.??,Flohr Salomon M (CZE),Capablanca Jose Raul (CUB),1-0,D59,127,0.0,0.7952755905511811,0.09448818897637795,1.3228346456692914,2.251968503937008,0.6614173228346457,2.4881889763779528,10.094488188976378,8.354330708661417,11.99177349334829,9.11023622047244,0.07086614173228346,9.11023622047244,0.4251968503937008,0.015748031496062992,26,16,8,0,0,4,0.2047,0.126,0.063,0.0,0.0,63.47,36.53,Aggressive
It,Nottingham (England),1936.??.??,Thomas George A (ENG),Capablanca Jose Raul (CUB),0-1,C73,74,0.0,0.25675675675675674,0.32432432432432434,0.3918918918918919,1.2162162162162162,0.14864864864864866,2.689189189189189,8.391891891891891,5.635135135135135,11.044651819651817,8.445945945945946,0.02702702702702703,8.445945945945946,0.24324324324324326,0.02702702702702703,26,16,8,0,0,2,0.3514,0.2162,0.1081,0.0,0.0,65.3,34.7,Aggressive
It,Nottingham (England),1936.??.??,Vidmar Milan Sr (YUG),Capablanca Jose Raul (CUB),0-1,D43,60,0.0,0.3,0.0,1.5666666666666667,0.43333333333333335,0.13333333333333333,2.783333333333333,10.4,7.983333333333333,14.927130092130088,12.333333333333334,0.03333333333333333,12.333333333333334,0.0,0.0,10,8,2,0,0,0,0.1667,0.1333,0.0333,0.0,0.0,36.71,63.29,Positional
Nottingham,Nottingham ENG,1936.08.11,Jose Raul Capablanca,Alexander Alekhine,1-0,A92,75,0.0,0.38666666666666666,0.25333333333333335,0.5066666666666667,0.4666666666666667,0.32,3.04,9.706666666666667,7.44,14.25323213823214,11.706666666666667,0.3333333333333333,11.706666666666667,0.14666666666666667,0.04,18,12,8,0,0,2,0.24,0.16,0.1067,0.0,0.0,52.71,47.29,Aggressive
Margate,Margate ENG,1936.04.16,Jose Raul Capablanca,Erik Ruben Lundin,1/2-1/2,D47,60,0.0,0.5833333333333334,0.0,0.5,0.48333333333333334,0.55,2.65,10.033333333333333,7.733333333333333,13.216349345099347,10.383333333333333,0.016666666666666666,10.383333333333333,0.0,0.0,20,16,4,0,0,2,0.3333,0.2667,0.0667,0.0,0.0,55.27,44.73,Aggressive
Nottingham,Nottingham ENG,1936.08.14,Jose Raul Capablanca,Theodore Tylor,1-0,E62,69,0.0,0.11594202898550725,0.0,2.9565217391304346,0.7101449275362319,0.11594202898550725,3.0,9.869565217391305,8.101449275362318,15.112325034064165,12.202898550724637,0.2898550724637681,12.202898550724637,0.36231884057971014,0.057971014492753624,20,14,6,0,0,0,0.2899,0.2029,0.087,0.0,0.0,53.37,46.63,Aggressive
Nottingham,Nottingham ENG,1936.08.20,Jose Raul Capablanca,Samuel Reshevsky,1-0,D23,115,0.0,0.6521739130434783,0.3565217391304348,1.5913043478260869,0.6869565217391305,0.43478260869565216,2.6869565217391305,9.26086956521739,7.191304347826087,10.003936787849828,7.504347826086956,0.017391304347826087,7.504347826086956,0.19130434782608696,0.16521739130434782,38,22,6,0,0,2,0.3304,0.1913,0.0522,0.0,0.0,71.59,28.41,Aggressive
January 13 2026,?,2026.01.13,"Samdanov, Samdan","Dubov, Daniil",1/2-1/2,,166,0.0,1.7951807228915662,0.06626506024096386,0.05421686746987952,1.0421686746987953,0.46987951807228917,2.4879518072289155,10.240963855421686,7.680722891566265,11.491381911261433,9.24698795180723,0.21084337349397592,9.24698795180723,0.0963855421686747,0.0,24,10,2,0,0,2,0.1446,0.0602,0.012,0.0,0.0,56.88,43.12,Aggressive
January 27 2026,?,2026.01.27,"Ilinca, Felix-Antonio","Dubov, Daniil",1/2-1/2,,88,0.0,0.4772727272727273,0.0,3.852272727272727,0.9659090909090909,0.3977272727272727,3.1363636363636362,10.090909090909092,10.170454545454545,12.188170194704288,9.704545454545455,0.0,9.704545454545455,0.25,0.06818181818181818,28,18,8,0,0,0,0.3182,0.2045,0.0909,0.0,0.0,62.95,37.05,Aggressive
February 03 2026,?,2026.02.03,"Drygalov, Andrey","Dubov, Daniil",1/2-1/2,,73,0.0,0.6712328767123288,0.0,4.767123287671233,1.5068493150684932,0.6712328767123288,2.4657534246575343,10.58904109589041,9.58904109589041,12.851979299239572,9.835616438356164,0.0273972602739726,9.835616438356164,0.1643835616438356,0.0547945205479452,18,12,2,0,0,2,0.2466,0.1644,0.0274,0.0,0.0,53.33,46.67,Aggressive
Aeroflot Open 2026,?,2026.02.28,"Timoshin, Maxim","Dubov, Daniil",1/2-1/2,,82,0.0,0.2926829268292683,0.0,2.1097560975609757,3.3658536585365852,0.2926829268292683,2.8048780487804876,9.231707317073171,8.341463414634147,12.53101048680317,9.121951219512194,0.0,9.121951219512194,0.4146341463414634,0.0,24,24,6,0,0,2,0.2927,0.2927,0.0732,0.0,0.0,63.98,36.02,Aggressive
Aeroflot Open 2026,?,2026.03.01,"Chertkov, Maksim","Dubov, Daniil",1/2-1/2,,135,0.0,0.8444444444444444,0.37777777777777777,0.48148148148148145,3.5185185185185186,0.5851851851851851,2.7111111111111112,8.881481481481481,8.62962962962963,9.692247279469498,7.066666666666666,0.022222222222222223,7.066666666666666,0.24444444444444444,0.007407407407407408,24,36,4,0,0,2,0.1778,0.2667,0.0296,0.0,0.0,69.25,30.75,Aggressive
Aeroflot Open 2026,?,2026.03.05,"Zverev, Lev","Dubov, Daniil",1/2-1/2,,64,0.0,0.375,0.0,2.140625,1.765625,0.28125,2.84375,9.65625,8.453125,12.5532048246892,10.140625,0.0,10.140625,0.203125,0.0,22,14,8,0,0,4,0.3438,0.2188,0.125,0.0,0.0,59.62,40.38,Aggressive
Play-In 2,?,2026.03.18,"Andreikin, Dmitry","Dubov, Daniil",1/2-1/2,,36,0.0,0.3888888888888889,0.0,1.1666666666666667,0.8333333333333334,0.3888888888888889,2.611111111111111,9.75,6.694444444444445,14.772749010249012,12.11111111111111,0.0,12.11111111111111,0.0,0.0,12,4,2,0,0,0,0.3333,0.1111,0.0556,0.0,0.0,37.58,62.42,Positional
Play-In 2,?,2026.03.18,"Artemiev, Vladislav","Dubov, Daniil",1/2-1/2,,78,0.0,0.44871794871794873,0.5128205128205128,0.5769230769230769,3.1666666666666665,0.44871794871794873,1.8333333333333333,8.384615384615385,7.166666666666667,11.24170014458476,8.025641025641026,0.0,8.025641025641026,0.5,0.16666666666666666,24,26,4,0,0,2,0.3077,0.3333,0.0513,0.0,0.0,66.3,33.7,Aggressive
Play-In 2,?,2026.03.18,"Pakleza, Zbigniew","Dubov, Daniil",1/2-1/2,,85,0.0,0.6235294117647059,0.17647058823529413,2.376470588235294,1.011764705882353,0.4823529411764706,2.5058823529411764,9.352941176470589,8.788235294117648,12.426592002768471,9.894117647058824,0.12941176470588237,9.894117647058824,0.15294117647058825,0.03529411764705882,30,14,2,0,0,0,0.3529,0.1647,0.0235,0.0,0.0,60.92,39.08,Aggressive
Play-In 2,?,2026.03.18,"Esipenko, Andrey","Dubov, Daniil",1/2-1/2,,70,0.0,0.34285714285714286,0.0,1.1571428571428573,1.1285714285714286,0.34285714285714286,3.357142857142857,10.3,7.671428571428572,14.578346375846374,11.642857142857142,0.05714285714285714,11.642857142857142,0.2714285714285714,0.07142857142857142,20,12,2,0,0,2,0.2857,0.1714,0.0286,0.0,0.0,50.64,49.36,Aggressive
Play-In 3,?,2026.03.23,"Vidit, Santosh Gujrathi","Dubov, Daniil",1/2-1/2,,83,0.0,0.46987951807228917,0.0,0.8072289156626506,3.397590361445783,0.46987951807228917,3.0843373493975905,10.518072289156626,8.180722891566266,12.484525648381068,9.493975903614459,0.03614457831325301,9.493975903614459,0.13253012048192772,0.0,24,12,6,0,0,4,0.2892,0.1446,0.0723,0.0,0.0,59.27,40.73,Aggressive
Play-In 3,?,2026.03.23,"Aravindh, Chithambaram VR.","Dubov, Daniil",1/2-1/2,,97,0.0,0.9072164948453608,0.6391752577319587,0.9381443298969072,0.7628865979381443,0.5567010309278351,2.463917525773196,8.711340206185566,7.649484536082475,9.095289561526673,6.371134020618556,0.041237113402061855,6.371134020618556,0.1958762886597938,0.030927835051546393,32,22,6,0,0,2,0.3299,0.2268,0.0619,0.0,0.0,70.85,29.15,Aggressive
March 24 2026,?,2026.03.24,"Yakubboev, Nodirbek","Dubov, Daniil",1/2-1/2,,126,0.0,1.0238095238095237,0.5396825396825397,1.4126984126984128,0.7777777777777778,0.6349206349206349,2.365079365079365,8.896825396825397,7.253968253968254,10.436123686718929,8.198412698412698,0.23809523809523808,8.198412698412698,0.1746031746031746,0.0,34,30,2,0,0,2,0.2698,0.2381,0.0159,0.0,0.0,70.46,29.54,Aggressive
March 24 2026,?,2026.03.24,"Svane, Rasmus","Dubov, Daniil",1/2-1/2,,25,0.0,0.0,0.0,0.08,0.0,0.0,2.36,8.44,3.88,16.333333333333325,14.4,0.0,14.4,0.0,0.0,0,0,0,0,0,0,0.0,0.0,0.0,0.0,0.0,0.21,99.79,Positional
Playoffs,?,2026.04.23,Nihal Sarin,"Dubov, Daniil",1/2-1/2,,79,0.0,0.16455696202531644,0.21518987341772153,0.5949367088607594,1.7215189873417722,0.16455696202531644,2.759493670886076,9.443037974683545,6.810126582278481,12.09339022440288,9.08860759493671,0.0,9.08860759493671,0.43037974683544306,0.0,26,16,6,0,0,4,0.3291,0.2025,0.0759,0.0,0.0,62.72,37.28,Aggressive
Playoffs,?,2026.04.23,Nihal Sarin,"Dubov, Daniil",1/2-1/2,,113,0.0,1.008849557522124,0.7522123893805309,2.672566371681416,0.4424778761061947,0.7079646017699115,2.47787610619469,8.938053097345133,7.716814159292035,10.06045937837973,6.539823008849558,0.07079646017699115,6.539823008849558,0.10619469026548672,0.20353982300884957,36,30,8,0,0,2,0.3186,0.2655,0.0708,0.0,0.0,74.01,25.99,Aggressive
Baku Open - 2026,?,2026.05.05,Ilamparthi A R,"Dubov, Daniil",1/2-1/2,,48,0.0,0.20833333333333334,0.0,0.25,0.9166666666666666,0.20833333333333334,3.3333333333333335,10.375,7.666666666666667,14.942023948273947,12.5,0.041666666666666664,12.5,0.25,0.041666666666666664,22,8,0,0,0,0,0.4583,0.1667,0.0,0.0,0.0,46.67,53.33,Positional
May 12 2026,?,2026.05.12,"Lazavik, Denis","Dubov, Daniil",1/2-1/2,,114,0.0,0.42105263157894735,0.15789473684210525,0.35964912280701755,2.587719298245614,0.3333333333333333,2.6842105263157894,8.947368421052632,7.824561403508772,11.096129674419146,7.833333333333333,0.017543859649122806,7.833333333333333,0.45614035087719296,0.02631578947368421,32,20,2,0,0,2,0.2807,0.1754,0.0175,0.0,0.0,66.42,33.58,Aggressive
May 19 2026,?,2026.05.19,"Pidluznij, Gleb","Dubov, Daniil",1/2-1/2,,145,0.0,0.8482758620689655,0.4896551724137931,1.4896551724137932,0.9586206896551724,0.5103448275862069,2.503448275862069,8.710344827586207,6.517241379310345,8.933653453825865,6.303448275862069,0.027586206896551724,6.303448275862069,0.2,0.15172413793103448,40,30,6,0,0,2,0.2759,0.2069,0.0414,0.0,0.0,75.9,24.1,Aggressive
June 02 2026,?,2026.06.02,"Tanenbaum, Zachary","Dubov, Daniil",1/2-1/2,,89,0.0,0.7528089887640449,0.47191011235955055,2.134831460674157,3.5280898876404496,0.7303370786516854,2.247191011235955,8.775280898876405,8.067415730337078,11.564054141863132,8.044943820224718,0.0,8.044943820224718,0.20224719101123595,0.0,24,36,2,0,0,2,0.2697,0.4045,0.0225,0.0,0.0,68.07,31.93,Aggressive
September 22 2026,?,2026.09.22,"Siva Kumar, Nirish Kumar","Dubov, Daniil",0-1,,76,0.0,0.4473684210526316,0.0,3.75,0.8289473684210527,0.39473684210526316,2.8026315789473686,9.973684210526315,9.605263157894736,13.032427112361324,10.447368421052632,0.06578947368421052,10.447368421052632,0.13157894736842105,0.07894736842105263,20,18,8,0,0,0,0.2632,0.2368,0.1053,0.0,0.0,58.24,41.76,Aggressive
September 29 2026,?,2026.09.29,"Rusu, Lucas","Dubov, Daniil",0-1,,70,0.0,0.6,0.0,1.4142857142857144,1.5142857142857142,0.5,3.414285714285714,10.471428571428572,7.885714285714286,14.138622369693797,11.6,0.014285714285714285,11.6,0.4,0.0,22,12,4,0,0,2,0.3143,0.1714,0.0571,0.0,0.0,53.9,46.1,Aggressive
September 29 2026,?,2026.09.29,"Matlakov, Maxim","Dubov, Daniil",0-1,,94,0.0,0.26595744680851063,0.07446808510638298,0.6595744680851063,1.9787234042553192,0.26595744680851063,2.521276595744681,8.680851063829786,7.159574468085107,12.282411589592439,9.585106382978724,0.031914893617021274,9.585106382978724,0.1702127659574468,0.02127659574468085,18,22,4,0,0,4,0.1915,0.234,0.0426,0.0,0.0,59.37,40.63,Aggressive
September 29 2026,?,2026.09.29,"Mamedov, Edgar","Dubov, Daniil",0-1,,82,0.0,0.8902439024390244,0.0,5.634146341463414,2.475609756097561,0.8170731707317073,3.073170731707317,9.658536585365853,11.426829268292684,12.219796497540404,9.378048780487806,0.18292682926829268,9.378048780487806,0.25609756097560976,0.14634146341463414,22,16,6,0,0,2,0.2683,0.1951,0.0732,0.0,0.0,60.19,39.81,Aggressive
September 29 2026,?,2026.09.29,"Klimkowski, Jan","Dubov, Daniil",0-1,,174,0.0,1.0689655172413792,0.8390804597701149,0.5804597701149425,0.2988505747126437,0.8505747126436781,2.6264367816091956,8.367816091954023,6.379310344827586,8.122436886229993,5.373563218390805,0.08620689655172414,5.373563218390805,0.09195402298850575,0.017241379310344827,34,32,2,0,0,2,0.1954,0.1839,0.0115,0.0,0.0,74.63,25.37,Aggressive
Play-In | Swiss,?,2025.02.17,"Dubov, Daniil","Ma, Qun",1-0,,95,0.0,0.2631578947368421,0.0,1.3894736842105264,2.0210526315789474,0.23157894736842105,3.221052631578947,10.694736842105263,8.936842105263159,14.45939896360949,11.126315789473685,0.14736842105263157,11.126315789473685,0.43157894736842106,0.06315789473684211,16,10,0,0,0,0,0.1684,0.1053,0.0,0.0,0.0,44.02,55.98,Positional
Play-In | Swiss,?,2025.02.17,"Dubov, Daniil","Mendonca, Leon Luke",1-0,,69,0.0,0.391304347826087,0.36231884057971014,1.5507246376811594,1.5942028985507246,0.34782608695652173,3.2318840579710146,10.36231884057971,6.507246376811594,14.327454389410912,11.492753623188406,0.0,11.492753623188406,0.2028985507246377,0.014492753623188406,18,10,2,0,0,0,0.2609,0.1449,0.029,0.0,0.0,48.72,51.28,Positional
Niemann vs. Dubov Levitov Chess Match,?,2025.03.10,"Dubov, Daniil","Niemann, Hans Moke",1-0,,75,0.0,0.37333333333333335,0.4666666666666667,2.7466666666666666,0.5866666666666667,0.30666666666666664,3.0933333333333333,9.973333333333333,8.28,13.195311244311243,10.16,0.08,10.16,0.08,0.22666666666666666,22,20,10,0,0,2,0.2933,0.2667,0.1333,0.0,0.0,61.33,38.67,Aggressive
Niemann vs. Dubov Levitov Chess Match,?,2025.03.10,"Dubov, Daniil","Niemann, Hans Moke",1-0,,103,0.0,0.5339805825242718,0.6407766990291263,0.05825242718446602,2.7572815533980584,0.4368932038834951,1.9611650485436893,8.233009708737864,6.87378640776699,10.76148398527039,8.262135922330097,0.02912621359223301,8.262135922330097,0.4077669902912621,0.0,22,22,6,0,0,4,0.2136,0.2136,0.0583,0.0,0.0,65.33,34.67,Aggressive
Niemann vs. Dubov Levitov Chess Match,?,2025.03.10,"Dubov, Daniil","Niemann, Hans Moke",1-0,,57,0.0,0.3508771929824561,0.0,0.8596491228070176,0.3508771929824561,0.3508771929824561,2.824561403508772,10.473684210526315,7.052631578947368,15.570211659685345,12.87719298245614,0.10526315789473684,12.87719298245614,0.2982456140350877,0.10526315789473684,14,6,2,0,0,0,0.2456,0.1053,0.0351,0.0,0.0,39.25,60.75,Positional
Niemann vs. Dubov Levitov Chess Match,?,2025.03.10,"Dubov, Daniil","Niemann, Hans Moke",1-0,,136,0.0,0.41911764705882354,0.5147058823529411,1.1691176470588236,0.9264705882352942,0.34558823529411764,2.6470588235294117,8.970588235294118,7.676470588235294,10.67034695288372,7.875,0.007352941176470588,7.875,0.2426470588235294,0.08823529411764706,32,26,4,0,0,2,0.2353,0.1912,0.0294,0.0,0.0,68.81,31.19,Aggressive
Play-In | Swiss,?,2025.05.19,"Dubov, Daniil","Tsydypov, Zhamsaran",1-0,,55,0.0,0.4909090909090909,0.0,1.1636363636363636,1.3272727272727274,0.4909090909090909,2.9454545454545453,10.818181818181818,8.181818181818182,14.867304816395722,12.2,0.01818181818181818,12.2,0.03636363636363636,0.10909090909090909,10,8,2,0,0,0,0.1818,0.1455,0.0364,0.0,0.0,37.23,62.77,Positional
Play-In | Swiss,?,2025.05.19,"Dubov, Daniil","Kovalev, Vladislav",1-0,,151,0.0,0.7019867549668874,0.3973509933774834,2.2317880794701987,2.119205298013245,0.5761589403973509,2.6357615894039736,9.251655629139073,7.589403973509934,11.300621784396618,7.211920529801325,0.17218543046357615,7.211920529801325,0.5364238410596026,0.1456953642384106,30,26,8,0,0,2,0.1987,0.1722,0.053,0.0,0.0,69.95,30.05,Aggressive
Play-In | Swiss,?,2025.05.19,"Dubov, Daniil","Murzin, Volodar",1-0,,73,0.0,0.3150684931506849,0.0273972602739726,1.6164383561643836,0.684931506849315,0.2876712328767123,3.1780821917808217,10.438356164383562,7.47945205479452,14.659278506881243,11.712328767123287,0.0821917808219178,11.712328767123287,0.3013698630136986,0.1780821917808219,24,12,4,0,0,2,0.3288,0.1644,0.0548,0.0,0.0,54.71,45.29,Aggressive
LCQ | Qualifier A,?,2025.07.24,"Dubov, Daniil",Yaz_KSA,1-0,,83,0.0,0.5421686746987951,0.0,1.9879518072289157,1.5542168674698795,0.26506024096385544,2.3855421686746987,9.25301204819277,8.506024096385541,11.82357588863613,9.048192771084338,0.04819277108433735,9.048192771084338,0.12048192771084337,0.012048192771084338,24,16,6,0,0,2,0.2892,0.1928,0.0723,0.0,0.0,61.58,38.42,Aggressive
LCQ | Qualifier A,?,2025.07.24,"Dubov, Daniil",E4zzMate,1-0,,207,0.0,1.4009661835748792,1.0966183574879227,1.3478260869565217,0.7246376811594203,0.9516908212560387,2.429951690821256,8.27536231884058,6.676328502415459,7.6566327258356255,5.173913043478261,0.07729468599033816,5.173913043478261,0.11594202898550725,0.12077294685990338,36,28,6,0,0,4,0.1739,0.1353,0.029,0.0,0.0,76.51,23.49,Aggressive
Open,?,2025.09.08,"Dubov, Daniil","Predke, Alexandr",1-0,,149,0.0,0.9664429530201343,0.42953020134228187,1.5570469798657718,2.422818791946309,0.7248322147651006,2.7315436241610738,9.684563758389261,9.966442953020135,10.558123606445754,7.268456375838926,0.1610738255033557,7.268456375838926,0.12080536912751678,0.06711409395973154,34,30,8,0,0,2,0.2282,0.2013,0.0537,0.0,0.0,71.14,28.86,Aggressive
Masters,?,2026.06.03,Arad Nazari,Daniil Dubov,1/2-1/2,,66,0.0,0.8181818181818182,0.21212121212121213,5.181818181818182,0.3939393939393939,0.696969696969697,2.4242424242424243,10.181818181818182,9.924242424242424,11.866025556934652,9.56060606060606,0.030303030303030304,9.56060606060606,0.13636363636363635,0.07575757575757576,14,6,6,0,0,2,0.2121,0.0909,0.0909,0.0,0.0,50.42,49.58,Aggressive
Masters,?,2026.06.07,"Nazari, Arad","Dubov, Daniil",1/2-1/2,,64,0.0,0.796875,0.203125,5.0625,0.375,0.6875,2.421875,10.15625,9.859375,11.907151355588859,9.640625,0.03125,9.640625,0.125,0.078125,14,6,6,0,0,2,0.2188,0.0938,0.0938,0.0,0.0,50.27,49.73,Aggressive
Masters,?,2026.06.07,"Sapenov, Daniyal","Dubov, Daniil",1/2-1/2,,61,0.0,0.26229508196721313,0.6065573770491803,0.21311475409836064,0.8360655737704918,0.19672131147540983,2.639344262295082,9.278688524590164,6.655737704918033,11.40725067282445,8.573770491803279,0.0,8.573770491803279,0.26229508196721313,0.01639344262295082,26,14,6,0,0,0,0.4262,0.2295,0.0984,0.0,0.0,61.78,38.22,Aggressive
Masters,?,2026.06.10,"Sklokin-Bagiyan, Sergey","Dubov, Daniil",1/2-1/2,,69,0.0,0.7536231884057971,0.2028985507246377,3.710144927536232,1.3333333333333333,0.6086956521739131,2.420289855072464,10.710144927536232,9.898550724637682,12.510463972420494,9.231884057971014,0.0,9.231884057971014,0.17391304347826086,0.043478260869565216,18,18,6,0,0,2,0.2609,0.2609,0.087,0.0,0.0,57.74,42.26,Aggressive
July 14 2026,?,2026.07.14,"Mikhailovsky, Vladimir","Dubov, Daniil",1/2-1/2,,123,0.0,1.2439024390243902,0.983739837398374,0.8617886178861789,0.0975609756097561,0.7317073170731707,2.3577235772357725,8.422764227642276,6.975609756097561,9.185062814331106,6.7317073170731705,0.0975609756097561,6.7317073170731705,0.07317073170731707,0.056910569105691054,34,30,2,0,0,2,0.2764,0.2439,0.0163,0.0,0.0,72.45,27.55,Aggressive
July 28 2026,?,2026.07.28,"Atakhan, Abtin","Dubov, Daniil",1/2-1/2,,90,0.0,0.5111111111111111,0.18888888888888888,0.37777777777777777,3.5444444444444443,0.4111111111111111,2.2666666666666666,8.755555555555556,7.388888888888889,10.797137646304312,8.155555555555555,0.0,8.155555555555555,0.4444444444444444,0.011111111111111112,24,28,6,0,0,2,0.2667,0.3111,0.0667,0.0,0.0,67.26,32.74,Aggressive
LCQ | Knockout | 5th-6th,?,2026.08.06,"Grischuk, Alexander","Dubov, Daniil",1/2-1/2,,106,0.0,0.7735849056603774,0.660377358490566,1.8773584905660377,0.6415094339622641,0.5377358490566038,2.650943396226415,9.433962264150944,6.216981132075472,9.563498817744101,6.990566037735849,0.0,6.990566037735849,0.1509433962264151,0.018867924528301886,30,16,4,0,0,4,0.283,0.1509,0.0377,0.0,0.0,67.95,32.05,Aggressive
Masters,?,2026.08.16,Goutham Krishna H,"Dubov, Daniil",1/2-1/2,,60,0.0,0.05,0.0,0.55,0.9166666666666666,0.05,3.283333333333333,10.733333333333333,8.2,15.114539072039069,12.733333333333333,0.08333333333333333,12.733333333333333,0.5333333333333333,0.03333333333333333,12,0,2,0,0,0,0.2,0.0,0.0333,0.0,0.0,30.95,69.05,Positional
Masters,?,2026.08.18,"Usov, Aleksandr E.","Dubov, Daniil",1/2-1/2,,61,0.0,0.6557377049180327,0.5901639344262295,2.377049180327869,0.7377049180327869,0.6557377049180327,2.7049180327868854,9.573770491803279,7.983606557377049,11.954002782281469,8.918032786885245,0.0,8.918032786885245,0.19672131147540983,0.09836065573770492,20,14,4,0,0,4,0.3279,0.2295,0.0656,0.0,0.0,57.98,42.02,Aggressive
Main Event,?,2026.09.06,"Dominguez Perez, Leinier","Dubov, Daniil",1/2-1/2,,201,0.0,1.1592039800995024,1.2338308457711442,0.04975124378109453,4.08457711442786,0.5373134328358209,2.6865671641791047,8.199004975124378,7.343283582089552,7.562690115302045,5.119402985074627,0.004975124378109453,5.119402985074627,0.4079601990049751,0.01990049751243781,30,30,6,0,0,2,0.1493,0.1493,0.0299,0.0,0.0,74.55,25.45,Aggressive
Main Event,?,2026.09.12,"Mamedyarov, Shakhriyar","Dubov, Daniil",1/2-1/2,,120,0.0,1.0333333333333334,1.3083333333333333,0.13333333333333333,4.425,0.725,1.925,7.775,7.625,7.9446469040219005,4.533333333333333,0.0,4.533333333333333,0.48333333333333334,0.008333333333333333,30,34,4,0,0,0,0.25,0.2833,0.0333,0.0,0.0,75.38,24.62,Aggressive
Main Event,?,2026.09.13,"Mamedyarov, Shakhriyar","Dubov, Daniil",1/2-1/2,,85,0.0,0.2235294117647059,0.0,2.847058823529412,2.1294117647058823,0.2235294117647059,2.8588235294117648,9.529411764705882,8.070588235294117,13.116964995788527,9.8,0.0,9.8,0.32941176470588235,0.15294117647058825,24,16,4,0,0,2,0.2824,0.1882,0.0471,0.0,0.0,59.65,40.35,Aggressive
September 29 2026,?,2026.09.29,"Ohanyan, Emin","Dubov, Daniil",1/2-1/2,,128,0.0,0.984375,0.5859375,0.171875,4.53125,0.578125,2.4375,7.9453125,8.359375,8.636846313408816,5.671875,0.03125,5.671875,0.25,0.0,30,26,8,0,0,2,0.2344,0.2031,0.0625,0.0,0.0,73.05,26.95,Aggressive
German Bundesliga 2025/26,?,2026.01.11,"Van Foreest, Jorden","Mendonca, Leon Luke",1-0,,81,0.0,0.4691358024691358,0.12345679012345678,4.2592592592592595,3.0246913580246915,0.4691358024691358,2.802469135802469,10.382716049382717,11.617283950617283,13.978905936313348,10.222222222222221,0.012345679012345678,10.222222222222221,0.5432098765432098,0.3333333333333333,18,20,2,0,0,0,0.2222,0.2469,0.0247,0.0,0.0,54.3,45.7,Aggressive
Masters,?,2026.01.19,"Van Foreest, Jorden","Giri, Anish",1-0,,127,0.0,1.2834645669291338,0.6535433070866141,0.4251968503937008,3.661417322834646,0.984251968503937,2.456692913385827,9.527559055118111,10.779527559055119,10.837947135978633,7.653543307086614,0.10236220472440945,7.653543307086614,0.16535433070866143,0.0,26,20,6,0,0,4,0.2047,0.1575,0.0472,0.0,0.0,64.94,35.06,Aggressive
Masters,?,2026.01.24,"Van Foreest, Jorden","Aravindh, Chithambaram VR.",1-0,,99,0.0,0.5454545454545454,0.2222222222222222,0.98989898989899,0.8080808080808081,0.48484848484848486,2.8282828282828283,10.414141414141413,7.696969696969697,14.813384651263435,12.333333333333334,0.13131313131313133,12.333333333333334,0.25252525252525254,0.030303030303030304,16,6,0,0,0,0,0.1616,0.0606,0.0,0.0,0.0,40.86,59.14,Positional
Masters,?,2026.01.27,"Van Foreest, Jorden","Keymer, Vincent",1-0,,51,0.0,0.5098039215686274,0.23529411764705882,2.2745098039215685,0.9215686274509803,0.27450980392156865,2.9607843137254903,10.352941176470589,8.27450980392157,13.504272524860756,10.941176470588236,0.0196078431372549,10.941176470588236,0.0392156862745098,0.21568627450980393,18,4,10,0,0,0,0.3529,0.0784,0.1961,0.0,0.0,51.29,48.71,Aggressive
Jorden van Foreest vs Ediz Gurel 2026,?,2026.02.11,"Van Foreest, Jorden","Gurel, Ediz",1-0,,75,0.0,0.17333333333333334,0.0,3.013333333333333,1.1333333333333333,0.17333333333333334,2.76,10.8,8.106666666666667,14.501346727346732,11.44,0.0,11.44,0.16,0.10666666666666667,18,14,0,0,0,0,0.24,0.1867,0.0,0.0,0.0,49.06,50.94,Positional
Jorden van Foreest vs Ediz Gurel 2026,?,2026.02.13,"Van Foreest, Jorden","Gurel, Ediz",1-0,,99,0.0,1.2626262626262625,0.3939393939393939,0.7676767676767676,2.878787878787879,0.8585858585858586,2.474747474747475,9.141414141414142,8.01010101010101,10.377725949695646,7.626262626262626,0.09090909090909091,7.626262626262626,0.3939393939393939,0.0,22,16,6,0,0,2,0.2222,0.1616,0.0606,0.0,0.0,63.05,36.95,Aggressive
Jorden van Foreest vs Ediz Gurel 2026,?,2026.02.15,"Van Foreest, Jorden","Gurel, Ediz",1-0,,67,0.0,0.3880597014925373,0.11940298507462686,2.0,0.6268656716417911,0.3880597014925373,2.4776119402985075,9.656716417910447,7.119402985074627,14.024230413036378,11.059701492537313,0.1044776119402985,11.059701492537313,0.16417910447761194,0.07462686567164178,12,8,6,0,0,0,0.1791,0.1194,0.0896,0.0,0.0,45.57,54.43,Positional
Masters,?,2026.02.25,"Van Foreest, Jorden","Keymer, Vincent",1-0,,101,0.0,0.693069306930693,0.2376237623762376,0.5742574257425742,1.99009900990099,0.42574257425742573,3.0693069306930694,9.712871287128714,8.148514851485148,10.795515870268344,8.475247524752476,0.019801980198019802,8.475247524752476,0.27722772277227725,0.0,28,24,12,0,0,4,0.2772,0.2376,0.1188,0.0,0.0,68.47,31.53,Aggressive
Masters,?,2026.02.27,"Van Foreest, Jorden",Gukesh D,1-0,,95,0.0,0.7894736842105263,0.5473684210526316,1.063157894736842,1.9789473684210526,0.5473684210526316,2.663157894736842,9.43157894736842,8.778947368421052,10.494101775417565,7.378947368421053,0.042105263157894736,7.378947368421053,0.25263157894736843,0.05263157894736842,28,22,8,0,0,4,0.2947,0.2316,0.0842,0.0,0.0,67.86,32.14,Aggressive
Masters,?,2026.03.01,"Van Foreest, Jorden","Niemann, Hans Moke",1-0,,71,0.0,0.676056338028169,1.323943661971831,0.2112676056338028,4.098591549295775,0.5774647887323944,2.4507042253521125,8.422535211267606,9.070422535211268,10.077428440104496,7.169014084507042,0.0,7.169014084507042,0.6056338028169014,0.014084507042253521,26,22,4,0,0,2,0.3662,0.3099,0.0563,0.0,0.0,66.25,33.75,Aggressive
German Bundesliga 2025/26,?,2026.04.25,"Van Foreest, Jorden","Bacrot, Etienne",1-0,,57,0.0,0.2807017543859649,0.0,1.9298245614035088,0.0,0.2807017543859649,2.736842105263158,9.56140350877193,7.052631578947368,12.650866871919506,10.298245614035087,0.03508771929824561,10.298245614035087,0.0,0.0,14,12,6,0,0,2,0.2456,0.2105,0.1053,0.0,0.0,51.19,48.81,Aggressive
Tepe Sigeman 2026,?,2026.05.04,"Van Foreest, Jorden","Carlsen, Magnus",1-0,,175,0.0,1.2914285714285714,0.7142857142857143,0.06857142857142857,4.2057142857142855,0.9885714285714285,1.9885714285714287,7.377142857142857,9.034285714285714,8.4793601160744,4.297142857142857,0.08,4.297142857142857,0.5485714285714286,0.005714285714285714,30,30,6,0,0,2,0.1714,0.1714,0.0343,0.0,0.0,74.66,25.34,Aggressive
Group B,?,2026.06.09,"Van Foreest, Jorden","Vachier-Lagrave, Maxime",1-0,,63,0.0,0.5555555555555556,0.0,3.4126984126984126,1.1904761904761905,0.49206349206349204,2.7142857142857144,10.412698412698413,10.603174603174603,13.345894229227563,10.174603174603174,0.2857142857142857,10.174603174603174,0.20634920634920634,0.031746031746031744,18,20,4,0,0,0,0.2857,0.3175,0.0635,0.0,0.0,55.11,44.89,Aggressive
High,?,2026.06.13,"Van Foreest, Jorden","Suleymanli, Aydin",1-0,,131,0.0,1.0458015267175573,0.732824427480916,0.29770992366412213,5.862595419847328,0.9618320610687023,1.900763358778626,7.473282442748092,10.49618320610687,9.49081512211283,5.351145038167939,0.183206106870229,5.351145038167939,0.549618320610687,0.015267175572519083,24,26,2,0,0,2,0.1832,0.1985,0.0153,0.0,0.0,68.21,31.79,Aggressive
Rapid,?,2026.06.17,"Van Foreest, Jorden",Srihari L R,1-0,,153,0.0,1.0130718954248366,0.8300653594771242,0.24183006535947713,3.3529411764705883,0.8169934640522876,2.633986928104575,8.77124183006536,9.411764705882353,10.387806637806639,6.967320261437909,0.026143790849673203,6.967320261437909,0.5294117647058824,0.0,26,22,4,0,0,4,0.1699,0.1438,0.0261,0.0,0.0,66.15,33.85,Aggressive
Blitz | Pool A,?,2026.06.20,"Van Foreest, Jorden","Yuste Valenzuela, Alejandro",1-0,,49,0.0,0.24489795918367346,0.0,1.5918367346938775,0.3469387755102041,0.24489795918367346,2.9183673469387754,10.612244897959183,8.428571428571429,14.278921871779007,11.448979591836734,0.1836734693877551,11.448979591836734,0.02040816326530612,0.02040816326530612,16,8,6,0,0,2,0.3265,0.1633,0.1224,0.0,0.0,47.71,52.29,Positional
Blitz | Pool A,?,2026.06.20,"Van Foreest, Jorden","Jumabayev, Rinat",1-0,,87,0.0,0.39080459770114945,0.0,1.3563218390804597,0.4942528735632184,0.39080459770114945,2.9655172413793105,10.942528735632184,8.35632183908046,13.81136430619189,10.908045977011493,0.25287356321839083,10.908045977011493,0.367816091954023,0.10344827586206896,16,10,2,0,0,2,0.1839,0.1149,0.023,0.0,0.0,46.35,53.65,Positional
Blitz knockout,?,2026.06.20,"Van Foreest, Jorden","Aravindh, Chithambaram VR.",1-0,,103,0.0,1.0776699029126213,0.4563106796116505,1.6990291262135921,4.650485436893204,1.0776699029126213,2.563106796116505,9.029126213592233,9.495145631067961,11.112939245220796,7.077669902912621,0.02912621359223301,7.077669902912621,0.39805825242718446,0.04854368932038835,32,24,4,0,0,2,0.3107,0.233,0.0388,0.0,0.0,69.17,30.83,Aggressive
Blitz | Pool A,?,2026.06.20,"Van Foreest, Jorden","Chen, Jocelyn",1-0,,71,0.0,0.36619718309859156,0.0,0.5915492957746479,1.352112676056338,0.36619718309859156,2.7183098591549295,10.394366197183098,8.352112676056338,13.417006506795238,10.788732394366198,0.08450704225352113,10.788732394366198,0.22535211267605634,0.0,20,16,4,0,0,2,0.2817,0.2254,0.0563,0.0,0.0,54.48,45.52,Aggressive
Blitz | Pool A,?,2026.06.20,"Van Foreest, Jorden","Nissinen, Niilo Man",1-0,,77,0.0,0.7402597402597403,0.2857142857142857,0.5584415584415584,3.4805194805194803,0.7142857142857143,2.688311688311688,9.337662337662337,8.987012987012987,11.90395722603515,9.090909090909092,0.0,9.090909090909092,0.5064935064935064,0.0,20,16,2,0,0,2,0.2597,0.2078,0.026,0.0,0.0,56.83,43.17,Aggressive
Blitz | Pool A,?,2026.06.20,"Van Foreest, Jorden","Li, Di",1-0,,81,0.0,0.3333333333333333,0.2962962962962963,2.345679012345679,1.3333333333333333,0.3333333333333333,2.6419753086419755,9.790123456790123,7.617283950617284,12.955028133731837,9.604938271604938,0.0,9.604938271604938,0.48148148148148145,0.1728395061728395,22,18,4,0,0,2,0.2716,0.2222,0.0494,0.0,0.0,59.16,40.84,Aggressive
Grand Chess Tour: Super Rapid & Blitz Croatia 2026,?,2026.07.03,"Van Foreest, Jorden","Saric, Ivan",1-0,,101,0.0,0.5841584158415841,0.24752475247524752,2.3465346534653464,1.7722772277227723,0.48514851485148514,3.0,10.851485148514852,8.188118811881187,13.436125480679939,10.574257425742575,0.1485148514851485,10.574257425742575,0.04950495049504951,0.009900990099009901,20,10,2,0,0,0,0.198,0.099,0.0198,0.0,0.0,51.31,48.69,Aggressive
Grand Chess Tour: Saint Louis Rapid & Blitz 2026,?,2026.08.04,"Van Foreest, Jorden",Praggnanandhaa R,1-0,,55,0.0,0.6909090909090909,0.01818181818181818,3.1636363636363636,0.34545454545454546,0.6909090909090909,3.4727272727272727,11.127272727272727,9.090909090909092,13.534317349317348,10.727272727272727,0.10909090909090909,10.727272727272727,0.0,0.0,12,14,2,0,0,0,0.2182,0.2545,0.0364,0.0,0.0,45.5,54.5,Positional
Open,?,2026.09.17,"Van Foreest, Jorden","Zlatkov, Anton",1-0,,81,0.0,0.16049382716049382,0.0,0.8641975308641975,0.7530864197530864,0.16049382716049382,3.2098765432098766,10.234567901234568,6.654320987654321,13.609014579384944,11.333333333333334,0.06172839506172839,11.333333333333334,0.09876543209876543,0.0,16,8,6,0,0,2,0.1975,0.0988,0.0741,0.0,0.0,48.66,51.34,Positional
Open,?,2026.09.19,"Van Foreest, Jorden","Mastrovasilis, Dimitrios",1-0,,81,0.0,0.8024691358024691,0.0,2.0864197530864197,1.691358024691358,0.8024691358024691,3.049382716049383,10.91358024691358,9.320987654320987,14.124556479186115,10.876543209876543,0.012345679012345678,10.876543209876543,0.06172839506172839,0.04938271604938271,16,10,4,0,0,0,0.1975,0.1235,0.0494,0.0,0.0,48.34,51.66,Positional
Masters,?,2026.01.17,"Van Foreest, Jorden","Nguyen, Thai Dai Van",1/2-1/2,,54,0.0,0.8888888888888888,0.35185185185185186,0.46296296296296297,0.7962962962962963,0.6296296296296297,2.185185185185185,9.62962962962963,7.944444444444445,11.825841853619634,9.12962962962963,0.2037037037037037,9.12962962962963,0.09259259259259259,0.0,22,12,6,0,0,2,0.4074,0.2222,0.1111,0.0,0.0,58.35,41.65,Aggressive
Masters,?,2026.01.21,"Van Foreest, Jorden","Bluebaum, Matthias",1/2-1/2,,147,0.0,1.6734693877551021,0.6258503401360545,0.5102040816326531,0.14965986394557823,0.4965986394557823,2.54421768707483,8.884353741496598,6.510204081632653,7.3618513195043835,5.496598639455782,0.027210884353741496,5.496598639455782,0.08163265306122448,0.04081632653061224,38,20,6,0,0,2,0.2585,0.1361,0.0408,0.0,0.0,74.75,25.25,Aggressive
Masters,?,2026.01.30,"Van Foreest, Jorden","Abdusattorov, Nodirbek",1/2-1/2,,66,0.0,0.13636363636363635,0.0,0.803030303030303,2.0454545454545454,0.13636363636363635,2.9545454545454546,9.454545454545455,7.757575757575758,12.500249834340742,9.954545454545455,0.015151515151515152,9.954545454545455,0.6666666666666666,0.13636363636363635,20,10,2,0,0,2,0.303,0.1515,0.0303,0.0,0.0,52.37,47.63,Aggressive
Masters,?,2026.01.31,"Van Foreest, Jorden",Erigaisi Arjun,1/2-1/2,,71,0.0,0.8169014084507042,0.0,3.267605633802817,0.704225352112676,0.6056338028169014,2.9014084507042255,10.0,9.32394366197183,13.514379712619148,10.605633802816902,0.1267605633802817,10.605633802816902,0.0,0.0,20,16,4,0,0,0,0.2817,0.2254,0.0563,0.0,0.0,55.25,44.75,Aggressive
Masters,?,2026.03.03,"Van Foreest, Jorden","Navara, David",1/2-1/2,,111,0.0,0.5675675675675675,0.5405405405405406,0.16216216216216217,1.3513513513513513,0.34234234234234234,2.630630630630631,8.297297297297296,5.54054054054054,9.35896245896246,7.045045045045045,0.0,7.045045045045045,0.27927927927927926,0.018018018018018018,38,30,12,0,0,2,0.3423,0.2703,0.1081,0.0,0.0,76.27,23.73,Aggressive
Masters,?,2026.03.05,"Van Foreest, Jorden","Aravindh, Chithambaram VR.",0-1,,111,0.0,0.954954954954955,0.6936936936936937,0.7657657657657657,2.3783783783783785,0.8018018018018018,2.765765765765766,9.414414414414415,8.18918918918919,10.545683845683843,7.441441441441442,0.02702702702702703,7.441441441441442,0.42342342342342343,0.04504504504504504,30,22,4,0,0,2,0.2703,0.1982,0.036,0.0,0.0,67.31,32.69,Aggressive
Tepe Sigeman 2026,?,2026.05.01,"Van Foreest, Jorden","Erdogmus, Yagiz Kaan",1/2-1/2,,60,0.0,0.18333333333333332,0.0,3.05,0.45,0.18333333333333332,2.7,9.816666666666666,8.433333333333334,14.00628861878862,11.033333333333333,0.05,11.033333333333333,0.13333333333333333,0.11666666666666667,22,14,2,0,0,0,0.3667,0.2333,0.0333,0.0,0.0,53.96,46.04,Aggressive
Tepe Sigeman 2026,?,2026.05.02,"Van Foreest, Jorden","Zhu, Jiner",1/2-1/2,,186,0.0,0.9193548387096774,0.7688172043010753,0.3333333333333333,5.446236559139785,0.8548387096774194,2.6129032258064515,8.575268817204302,9.317204301075268,9.043118664489636,5.78494623655914,0.04838709677419355,5.78494623655914,0.26881720430107525,0.026881720430107527,24,36,8,0,0,4,0.129,0.1935,0.043,0.0,0.0,72.3,27.7,Aggressive
Tepe Sigeman 2026,?,2026.05.06,"Van Foreest, Jorden","Grandelius, Nils",1/2-1/2,,113,0.0,0.7876106194690266,0.504424778761062,0.48672566371681414,0.6548672566371682,0.6548672566371682,2.9557522123893807,10.20353982300885,8.575221238938052,12.938079251132345,10.327433628318584,0.24778761061946902,10.327433628318584,0.4247787610619469,0.09734513274336283,34,22,6,0,0,2,0.3009,0.1947,0.0531,0.0,0.0,65.17,34.83,Aggressive
Grand Chess Tour: Super Chess Classic Romania 2026,?,2026.05.14,"Van Foreest, Jorden","Caruana, Fabiano",1/2-1/2,,98,0.0,0.7959183673469388,0.21428571428571427,1.683673469387755,0.10204081632653061,0.6224489795918368,2.63265306122449,9.561224489795919,7.622448979591836,12.152220313699901,9.377551020408163,0.01020408163265306,9.377551020408163,0.32653061224489793,0.04081632653061224,28,16,4,0,0,2,0.2857,0.1633,0.0408,0.0,0.0,62.28,37.72,Aggressive
Grand Chess Tour: Super Chess Classic Romania 2026,?,2026.05.15,"Van Foreest, Jorden","So, Wesley",1/2-1/2,,110,0.0,1.0909090909090908,0.6636363636363637,1.018181818181818,0.36363636363636365,0.9454545454545454,2.590909090909091,9.190909090909091,7.172727272727273,10.165614536978172,7.590909090909091,0.05454545454545454,7.590909090909091,0.23636363636363636,0.11818181818181818,30,16,4,0,0,2,0.2727,0.1455,0.0364,0.0,0.0,66.2,33.8,Aggressive
Grand Chess Tour: Super Chess Classic Romania 2026,?,2026.05.17,"Van Foreest, Jorden",Praggnanandhaa R,1/2-1/2,,69,0.0,0.43478260869565216,0.43478260869565216,0.15942028985507245,0.8695652173913043,0.3188405797101449,2.8840579710144927,9.144927536231885,5.144927536231884,10.90367197215023,8.608695652173912,0.07246376811594203,8.608695652173912,0.17391304347826086,0.0,26,14,4,0,0,2,0.3768,0.2029,0.058,0.0,0.0,62.51,37.49,Aggressive
Grand Chess Tour: Super Chess Classic Romania 2026,?,2026.05.20,"Van Foreest, Jorden","Giri, Anish",1/2-1/2,,91,0.0,0.34065934065934067,0.07692307692307693,0.4175824175824176,2.7362637362637363,0.26373626373626374,2.340659340659341,8.131868131868131,7.956043956043956,11.267126249818554,8.868131868131869,0.12087912087912088,8.868131868131869,0.2087912087912088,0.0,24,24,8,0,0,2,0.2637,0.2637,0.0879,0.0,0.0,65.79,34.21,Aggressive
Group B,?,2026.06.06,"Van Foreest, Jorden","Anton Guijarro, David",1/2-1/2,,52,0.0,0.25,0.1346153846153846,1.0961538461538463,0.46153846153846156,0.25,2.923076923076923,10.48076923076923,8.903846153846153,14.705462486231722,12.384615384615385,0.09615384615384616,12.384615384615385,0.17307692307692307,0.0,12,6,4,0,0,0,0.2308,0.1154,0.0769,0.0,0.0,38.74,61.26,Positional
Group B,?,2026.06.07,"Van Foreest, Jorden","Karthikeyan, Murali",0-1,,117,0.0,0.6324786324786325,0.2564102564102564,0.2222222222222222,3.0256410256410255,0.452991452991453,2.786324786324786,9.675213675213675,9.384615384615385,11.882499148524793,9.487179487179487,0.05128205128205128,9.487179487179487,0.3247863247863248,0.008547008547008548,30,24,8,0,0,2,0.2564,0.2051,0.0684,0.0,0.0,66.13,33.87,Aggressive
High,?,2026.06.11,"Van Foreest, Jorden","Cheng, Bobby",1/2-1/2,,99,0.0,0.5353535353535354,0.30303030303030304,2.212121212121212,0.48484848484848486,0.45454545454545453,2.1313131313131315,8.565656565656566,7.545454545454546,10.735698672819886,7.96969696969697,0.020202020202020204,7.96969696969697,0.30303030303030304,0.050505050505050504,38,30,8,0,0,2,0.3838,0.303,0.0808,0.0,0.0,73.48,26.52,Aggressive
High,?,2026.06.14,"Van Foreest, Jorden","Fressinet, Laurent",1/2-1/2,,137,0.0,0.9051094890510949,0.656934306569343,0.9854014598540146,2.934306569343066,0.6423357664233577,2.167883211678832,8.532846715328468,9.321167883211679,10.244076746449009,6.985401459854015,0.0948905109489051,6.985401459854015,0.4233576642335766,0.051094890510948905,24,22,8,0,0,4,0.1752,0.1606,0.0584,0.0,0.0,67.25,32.75,Aggressive
Rapid,?,2026.06.17,"Van Foreest, Jorden","Cuenca Jimenez, Jose Fernando",1/2-1/2,,120,0.0,1.0416666666666667,1.0083333333333333,0.175,1.0916666666666666,0.7416666666666667,2.3583333333333334,8.775,8.733333333333333,10.167389462389453,6.75,0.09166666666666666,6.75,0.13333333333333333,0.025,26,36,8,0,0,6,0.2167,0.3,0.0667,0.0,0.0,71.41,28.59,Aggressive
Rapid,?,2026.06.19,"Van Foreest, Jorden","Sevian, Samuel",0-1,,96,0.0,0.9791666666666666,0.375,0.3020833333333333,3.0,0.84375,2.65625,9.0625,8.895833333333334,10.743942140035891,7.958333333333333,0.020833333333333332,7.958333333333333,0.46875,0.07291666666666667,32,20,10,0,0,4,0.3333,0.2083,0.1042,0.0,0.0,69.31,30.69,Aggressive
Rapid,?,2026.06.19,"Van Foreest, Jorden","Abdusattorov, Nodirbek",0-1,,65,0.0,0.3230769230769231,0.35384615384615387,0.9692307692307692,2.4461538461538463,0.3230769230769231,3.169230769230769,10.2,9.569230769230769,14.240262216416058,11.507692307692308,0.3076923076923077,11.507692307692308,0.5384615384615384,0.015384615384615385,16,14,4,0,0,2,0.2462,0.2154,0.0615,0.0,0.0,49.53,50.47,Positional
Grand Chess Tour: Super Rapid & Blitz Croatia 2026,?,2026.07.01,"Van Foreest, Jorden","Giri, Anish",0-1,,118,0.0,1.2881355932203389,1.0254237288135593,1.0847457627118644,3.110169491525424,0.9491525423728814,2.4661016949152543,9.016949152542374,8.330508474576272,9.637574219565742,6.915254237288136,0.06779661016949153,6.915254237288136,0.3644067796610169,0.0,24,26,4,0,0,4,0.2034,0.2203,0.0339,0.0,0.0,67.77,32.23,Aggressive
Grand Chess Tour: Super Rapid & Blitz Croatia 2026,?,2026.07.01,"Van Foreest, Jorden","Vachier-Lagrave, Maxime",1/2-1/2,,83,0.0,0.8313253012048193,0.7590361445783133,0.07228915662650602,3.602409638554217,0.39759036144578314,2.36144578313253,8.168674698795181,6.445783132530121,8.145538430779395,5.626506024096385,0.0,5.626506024096385,0.1566265060240964,0.060240963855421686,30,20,8,0,0,4,0.3614,0.241,0.0964,0.0,0.0,73.09,26.91,Aggressive
Grand Chess Tour: Super Rapid & Blitz Croatia 2026,?,2026.07.02,"Van Foreest, Jorden",Gukesh D,0-1,,90,0.0,0.4777777777777778,0.6222222222222222,1.5333333333333334,4.1,0.28888888888888886,2.6666666666666665,9.766666666666667,9.844444444444445,11.963531838531837,8.722222222222221,0.1,8.722222222222221,0.26666666666666666,0.0,28,20,10,0,0,4,0.3111,0.2222,0.1111,0.0,0.0,66.14,33.86,Aggressive
Grand Chess Tour: Saint Louis Rapid & Blitz 2026,?,2026.08.05,"Van Foreest, Jorden",Praggnanandhaa R,0-1,,132,0.0,0.9924242424242424,0.553030303030303,0.5454545454545454,3.3333333333333335,0.6060606060606061,2.946969696969697,9.492424242424242,9.674242424242424,10.86754699425154,7.78030303030303,0.05303030303030303,7.78030303030303,0.22727272727272727,0.015151515151515152,16,32,6,2,2,2,0.1212,0.2424,0.0455,0.0152,0.0152,64.31,35.69,Aggressive
Open,?,2026.09.26,"Van Foreest, Jorden","Lupulescu, Constantin",1-0,,80,0.0,0.525,0.0125,3.0875,1.6625,0.525,2.85,10.4625,9.45,13.048370622433122,10.0625,0.1,10.0625,0.2375,0.05,24,12,10,0,0,2,0.3,0.15,0.125,0.0,0.0,59.92,40.08,Aggressive
Masters,?,2026.01.23,"Erdogmus, Yagiz Kaan","Van Foreest, Jorden",1-0,,91,0.0,0.6263736263736264,0.5494505494505495,0.5604395604395604,3.1868131868131866,0.6263736263736264,2.8461538461538463,10.32967032967033,10.340659340659341,12.581769756495033,9.395604395604396,0.06593406593406594,9.395604395604396,0.3626373626373626,0.0,22,24,4,0,0,2,0.2418,0.2637,0.044,0.0,0.0,59.92,40.08,Aggressive
Jorden van Foreest vs Ediz Gurel 2026,?,2026.02.12,"Gurel, Ediz","Van Foreest, Jorden",1-0,,83,0.0,1.0481927710843373,0.5662650602409639,1.4096385542168675,1.8795180722891567,1.0120481927710843,2.4096385542168677,8.843373493975903,7.903614457831325,11.703653541906554,8.518072289156626,0.03614457831325301,8.518072289156626,0.25301204819277107,0.08433734939759036,28,12,10,0,0,2,0.3373,0.1446,0.1205,0.0,0.0,65.34,34.66,Aggressive
Masters,?,2026.02.26,"Anton Guijarro, David","Van Foreest, Jorden",1-0,,53,0.0,0.07547169811320754,0.0,1.3584905660377358,0.1320754716981132,0.07547169811320754,3.056603773584906,10.962264150943396,7.90566037735849,15.214971506480941,12.88679245283019,0.1509433962264151,12.88679245283019,0.0,0.07547169811320754,10,6,2,0,0,0,0.1887,0.1132,0.0377,0.0,0.0,33.54,66.46,Positional
Masters,?,2026.03.06,"Maghsoodloo, Parham","Van Foreest, Jorden",1-0,,89,0.0,0.550561797752809,0.0,4.606741573033708,1.6853932584269662,0.550561797752809,2.853932584269663,10.606741573033707,10.752808988764045,12.820474687609519,9.573033707865168,0.0,9.573033707865168,0.47191011235955055,0.056179775280898875,18,10,6,0,0,2,0.2022,0.1124,0.0674,0.0,0.0,53.98,46.02,Aggressive
German Bundesliga 2025/26,?,2026.04.24,"Onyshchuk, Volodymyr","Van Foreest, Jorden",1-0,,69,0.0,0.2753623188405797,0.0,2.130434782608696,2.1884057971014492,0.2753623188405797,2.6231884057971016,8.884057971014492,8.173913043478262,13.213225059964191,10.043478260869565,0.07246376811594203,10.043478260869565,0.2898550724637681,0.08695652173913043,18,24,6,0,0,2,0.2609,0.3478,0.087,0.0,0.0,59.79,40.21,Aggressive
Tepe Sigeman 2026,?,2026.05.05,Erigaisi Arjun,"Van Foreest, Jorden",1-0,,59,0.0,0.4915254237288136,0.1864406779661017,1.7796610169491525,0.6779661016949152,0.3898305084745763,3.135593220338983,9.711864406779661,7.0508474576271185,13.26529981318117,10.389830508474576,0.1016949152542373,10.389830508474576,0.11864406779661017,0.0,18,12,2,0,0,2,0.3051,0.2034,0.0339,0.0,0.0,51.61,48.39,Aggressive
Rapid,?,2026.06.17,"Wang, Yanbin","Van Foreest, Jorden",1-0,,67,0.0,0.44776119402985076,0.0,0.5970149253731343,0.2835820895522388,0.2835820895522388,3.343283582089552,11.35820895522388,7.298507462686567,15.734307235053508,13.656716417910447,0.029850746268656716,13.656716417910447,0.0,0.0,10,6,2,0,0,0,0.1493,0.0896,0.0299,0.0,0.0,32.9,67.1,Positional
Rapid,?,2026.06.19,"Shirov, Alexei","Van Foreest, Jorden",1-0,,109,0.0,0.8256880733944955,0.11926605504587157,3.458715596330275,1.724770642201835,0.5779816513761468,2.4128440366972477,9.98165137614679,11.082568807339449,10.675664065801676,7.486238532110092,0.009174311926605505,7.486238532110092,0.3119266055045872,0.05504587155963303,28,20,8,0,0,2,0.2569,0.1835,0.0734,0.0,0.0,66.27,33.73,Aggressive
Blitz | Pool A,?,2026.06.20,"Cuenca Jimenez, Jose Fernando","Van Foreest, Jorden",1-0,,118,0.0,0.6271186440677966,0.6101694915254238,1.9152542372881356,2.347457627118644,0.4745762711864407,2.7203389830508473,9.872881355932204,8.838983050847459,11.350312328914024,7.567796610169491,0.025423728813559324,7.567796610169491,0.2627118644067797,0.0,28,30,6,0,0,4,0.2373,0.2542,0.0508,0.0,0.0,68.57,31.43,Aggressive
Blitz | Pool A,?,2026.06.20,"So, Wesley","Van Foreest, Jorden",1-0,,133,0.0,1.037593984962406,0.7969924812030075,0.42857142857142855,4.466165413533835,0.7518796992481203,2.526315789473684,9.045112781954888,10.293233082706767,11.038149924428119,7.684210526315789,0.03759398496240601,7.684210526315789,0.45112781954887216,0.0,26,28,4,0,0,2,0.1955,0.2105,0.0301,0.0,0.0,66.37,33.63,Aggressive
Blitz knockout,?,2026.06.20,"Aravindh, Chithambaram VR.","Van Foreest, Jorden",1-0,,79,0.0,0.6455696202531646,0.0,2.392405063291139,1.1518987341772151,0.5443037974683544,2.3037974683544302,10.645569620253164,9.873417721518987,13.612650745878598,10.759493670886076,0.1518987341772152,10.759493670886076,0.0759493670886076,0.0379746835443038,18,18,4,0,0,2,0.2278,0.2278,0.0506,0.0,0.0,54.35,45.65,Aggressive
Grand Chess Tour: Super Rapid & Blitz Croatia 2026,?,2026.07.01,"Keymer, Vincent","Van Foreest, Jorden",1-0,,89,0.0,0.5280898876404494,0.02247191011235955,2.1123595505617976,1.2359550561797752,0.2247191011235955,3.292134831460674,10.0,7.932584269662922,13.066549555313598,10.348314606741573,0.16853932584269662,10.348314606741573,0.47191011235955055,0.06741573033707865,24,10,2,0,0,0,0.2697,0.1124,0.0225,0.0,0.0,54.45,45.55,Aggressive
Grand Chess Tour: Super Rapid & Blitz Croatia 2026,?,2026.07.02,Praggnanandhaa R,"Van Foreest, Jorden",1-0,,85,0.0,0.6941176470588235,1.0588235294117647,0.47058823529411764,4.376470588235295,0.6588235294117647,2.5647058823529414,9.341176470588236,8.494117647058824,9.96567014684662,6.458823529411765,0.0,6.458823529411765,0.5176470588235295,0.03529411764705882,26,20,4,0,0,4,0.3059,0.2353,0.0471,0.0,0.0,66.62,33.38,Aggressive
Grand Chess Tour: Super Rapid & Blitz Croatia 2026,?,2026.07.02,"Van Foreest, Jorden","Abdusattorov, Nodirbek",1/2-1/2,,54,0.0,0.5,0.0,1.0,0.4444444444444444,0.3888888888888889,3.0185185185185186,11.055555555555555,7.277777777777778,15.214143264143267,12.61111111111111,0.05555555555555555,12.61111111111111,0.0,0.0,6,4,2,0,0,0,0.1111,0.0741,0.037,0.0,0.0,26.91,73.09,Positional
Grand Chess Tour: Super Rapid & Blitz Croatia 2026,?,2026.07.04,"Van Foreest, Jorden","Abdusattorov, Nodirbek",1/2-1/2,,67,0.0,0.5522388059701493,0.22388059701492538,1.1194029850746268,0.6567164179104478,0.44776119402985076,2.925373134328358,9.716417910447761,6.985074626865671,12.02195781001751,9.671641791044776,0.1044776119402985,9.671641791044776,0.1791044776119403,0.014925373134328358,18,16,2,0,0,0,0.2687,0.2388,0.0299,0.0,0.0,53.87,46.13,Aggressive
Grand Chess Tour: Super Rapid & Blitz Croatia 2026,?,2026.07.04,"Van Foreest, Jorden","Vachier-Lagrave, Maxime",1/2-1/2,,96,0.0,0.7291666666666666,0.3958333333333333,0.28125,0.9479166666666666,0.40625,2.3645833333333335,9.333333333333334,7.979166666666667,10.986080904049656,8.260416666666666,0.020833333333333332,8.260416666666666,0.15625,0.0,30,20,6,0,0,2,0.3125,0.2083,0.0625,0.0,0.0,66.34,33.66,Aggressive
Grand Chess Tour: Saint Louis Rapid & Blitz 2026,?,2026.08.02,"Van Foreest, Jorden","Caruana, Fabiano",1/2-1/2,,81,0.0,1.2839506172839505,0.0,1.0493827160493827,0.6419753086419753,0.8518518518518519,2.9135802469135803,9.777777777777779,7.666666666666667,11.585530450345265,8.839506172839506,0.16049382716049382,8.839506172839506,0.1111111111111111,0.0,22,14,2,0,0,2,0.2716,0.1728,0.0247,0.0,0.0,57.64,42.36,Aggressive
Grand Chess Tour: Saint Louis Rapid & Blitz 2026,?,2026.08.03,"Van Foreest, Jorden","Giri, Anish",1/2-1/2,,80,0.0,0.625,0.0,0.8625,2.8375,0.4,2.8,9.95,8.975,12.393499105061608,9.5625,0.125,9.5625,0.475,0.0375,24,20,6,0,0,2,0.3,0.25,0.075,0.0,0.0,61.34,38.66,Aggressive
Grand Chess Tour: Saint Louis Rapid & Blitz 2026,?,2026.08.03,"Van Foreest, Jorden","Liang, Awonder",1/2-1/2,,170,0.0,1.811764705882353,0.8647058823529412,0.06470588235294118,4.1,1.223529411764706,2.6705882352941175,9.035294117647059,10.6,9.069197567138746,5.923529411764706,0.24705882352941178,5.923529411764706,0.17647058823529413,0.0,26,28,4,0,0,2,0.1529,0.1647,0.0235,0.0,0.0,68.64,31.36,Aggressive
Grand Chess Tour: Saint Louis Rapid & Blitz 2026,?,2026.08.05,"Van Foreest, Jorden","Caruana, Fabiano",1/2-1/2,,137,0.0,1.3065693430656935,0.6715328467153284,0.5693430656934306,2.5839416058394162,0.9124087591240876,2.591240875912409,9.452554744525548,9.664233576642335,10.85443447468995,7.985401459854015,0.43795620437956206,7.985401459854015,0.6204379562043796,0.08759124087591241,28,16,4,0,0,0,0.2044,0.1168,0.0292,0.0,0.0,62.99,37.01,Aggressive
Grand Chess Tour: Sinquefield Cup 2026,?,2026.08.12,"Van Foreest, Jorden","Aronian, Levon",1/2-1/2,,124,0.0,0.8306451612903226,0.8467741935483871,0.6854838709677419,3.120967741935484,0.7741935483870968,2.0806451612903225,7.959677419354839,9.258064516129032,10.42193872435808,6.064516129032258,0.12096774193548387,6.064516129032258,0.4112903225806452,0.08870967741935484,34,32,8,0,0,4,0.2742,0.2581,0.0645,0.0,0.0,73.98,26.02,Aggressive
Grand Chess Tour: Sinquefield Cup 2026,?,2026.08.14,"Van Foreest, Jorden","Vachier-Lagrave, Maxime",1/2-1/2,,98,0.0,1.2959183673469388,0.9183673469387755,0.35714285714285715,1.6122448979591837,1.2142857142857142,2.3979591836734695,9.561224489795919,8.244897959183673,10.082612823684252,6.724489795918367,0.07142857142857142,6.724489795918367,0.21428571428571427,0.0,30,30,8,0,0,2,0.3061,0.3061,0.0816,0.0,0.0,71.23,28.77,Aggressive
Grand Chess Tour: Sinquefield Cup 2026,?,2026.08.17,"Van Foreest, Jorden","Sevian, Samuel",1/2-1/2,,88,0.0,0.4772727272727273,0.2840909090909091,0.6022727272727273,2.7045454545454546,0.45454545454545453,2.590909090909091,9.340909090909092,7.295454545454546,11.120165882097702,8.034090909090908,0.0,8.034090909090908,0.6022727272727273,0.011363636363636364,30,18,4,0,0,2,0.3409,0.2045,0.0455,0.0,0.0,65.81,34.19,Aggressive
Open,?,2026.09.20,"Van Foreest, Jorden",Erigaisi Arjun,1/2-1/2,,79,0.0,0.13924050632911392,0.4177215189873418,0.189873417721519,1.7721518987341771,0.10126582278481013,2.3417721518987342,8.658227848101266,6.139240506329114,11.943332230357553,9.113924050632912,0.0,9.113924050632912,0.0759493670886076,0.012658227848101266,30,10,6,0,0,2,0.3797,0.1266,0.0759,0.0,0.0,63.47,36.53,Aggressive
Open,?,2026.09.25,"Van Foreest, Jorden","Abdisalimov, Abdimalik",1/2-1/2,,168,0.0,1.0476190476190477,1.0119047619047619,7.916666666666667,0.7261904761904762,0.9464285714285714,2.5654761904761907,9.535714285714286,11.375,10.78159671016814,5.184523809523809,0.0,5.184523809523809,0.27380952380952384,0.5952380952380952,28,30,2,0,0,0,0.1667,0.1786,0.0119,0.0,0.0,69.24,30.76,Aggressive
Masters,?,2026.02.28,"Yakubboev, Nodirbek","Van Foreest, Jorden",0-1,,118,0.0,0.7372881355932204,0.5423728813559322,4.601694915254237,2.2457627118644066,0.652542372881356,2.6779661016949152,10.016949152542374,11.008474576271187,10.959904220073717,7.983050847457627,0.2711864406779661,7.983050847457627,0.3728813559322034,0.09322033898305085,22,28,6,0,0,4,0.1864,0.2373,0.0508,0.0,0.0,65.22,34.78,Aggressive
Grand Chess Tour: Super Chess Classic Romania 2026,?,2026.05.16,"Deac, Bogdan-Daniel","Van Foreest, Jorden",0-1,,112,0.0,0.8392857142857143,0.5357142857142857,3.857142857142857,3.017857142857143,0.7946428571428571,3.017857142857143,10.383928571428571,11.410714285714286,12.63788077002363,9.1875,0.0,9.1875,0.8303571428571429,0.11607142857142858,24,18,4,0,0,0,0.2143,0.1607,0.0357,0.0,0.0,59.57,40.43,Aggressive
Group B,?,2026.06.08,"Donchenko, Alexander","Van Foreest, Jorden",0-1,,74,0.0,0.35135135135135137,0.06756756756756757,1.3513513513513513,2.6216216216216215,0.33783783783783783,3.3513513513513513,11.121621621621621,9.0,14.361528261528262,11.486486486486486,0.04054054054054054,11.486486486486486,0.2972972972972973,0.06756756756756757,20,10,2,0,0,0,0.2703,0.1351,0.027,0.0,0.0,49.07,50.93,Positional
Rapid,?,2026.06.17,"Bai, Adelard","Van Foreest, Jorden",0-1,,98,0.0,0.673469387755102,0.22448979591836735,4.0,0.6122448979591837,0.673469387755102,3.163265306122449,10.826530612244898,9.816326530612244,13.448737855115404,10.448979591836734,0.0,10.448979591836734,0.37755102040816324,0.1326530612244898,14,18,2,0,0,0,0.1429,0.1837,0.0204,0.0,0.0,50.19,49.81,Aggressive
Rapid,?,2026.06.18,"Tekeyev, Zaur","Van Foreest, Jorden",0-1,,58,0.0,0.3103448275862069,0.034482758620689655,0.5517241379310345,0.13793103448275862,0.3103448275862069,2.7241379310344827,9.137931034482758,7.9655172413793105,13.481062376321,10.689655172413794,0.05172413793103448,10.689655172413794,0.05172413793103448,0.10344827586206896,20,16,6,0,0,2,0.3448,0.2759,0.1034,0.0,0.0,55.89,44.11,Aggressive
Rapid,?,2026.06.18,"Dardha, Daniel","Van Foreest, Jorden",0-1,,179,0.0,0.8212290502793296,1.2067039106145252,1.3072625698324023,3.8379888268156424,0.6312849162011173,1.9441340782122905,7.4916201117318435,8.854748603351956,10.382123106564444,5.592178770949721,0.01675977653631285,5.592178770949721,0.39664804469273746,0.0446927374301676,22,40,2,0,0,0,0.1229,0.2235,0.0112,0.0,0.0,70.55,29.45,Aggressive
Rapid,?,2026.06.19,"Tregubov, Pavel V.","Van Foreest, Jorden",0-1,,46,0.0,0.5,0.17391304347826086,1.1956521739130435,0.9347826086956522,0.4782608695652174,3.347826086956522,10.108695652173912,7.608695652173913,14.668373655330178,12.326086956521738,0.1956521739130435,12.326086956521738,0.2608695652173913,0.08695652173913043,14,4,4,0,0,0,0.3043,0.087,0.087,0.0,0.0,41.06,58.94,Positional
Blitz | Pool A,?,2026.06.20,"Zhai, Mo","Van Foreest, Jorden",0-1,,82,0.0,0.3048780487804878,0.024390243902439025,2.097560975609756,1.5,0.2804878048780488,3.0853658536585367,10.378048780487806,7.475609756097561,13.203342220110516,10.146341463414634,0.07317073170731707,10.146341463414634,0.43902439024390244,0.06097560975609756,22,12,4,0,0,0,0.2683,0.1463,0.0488,0.0,0.0,55.23,44.77,Aggressive
Blitz | Pool A,?,2026.06.20,"Svidler, Peter","Van Foreest, Jorden",0-1,,90,0.0,0.7111111111111111,0.7,1.6333333333333333,2.7666666666666666,0.7,2.7555555555555555,10.166666666666666,10.477777777777778,12.845107238440571,9.877777777777778,0.05555555555555555,9.877777777777778,0.4666666666666667,0.0,26,12,4,0,0,4,0.2889,0.1333,0.0444,0.0,0.0,58.58,41.42,Aggressive
Grand Chess Tour: Super Rapid & Blitz Croatia 2026,?,2026.07.03,"Deac, Bogdan-Daniel","Van Foreest, Jorden",0-1,,128,0.0,0.625,0.34375,3.1171875,3.1953125,0.625,3.46875,10.8515625,10.2109375,12.487773923125488,8.9609375,0.0234375,8.9609375,0.6015625,0.3046875,24,16,2,0,0,0,0.1875,0.125,0.0156,0.0,0.0,57.87,42.13,Aggressive
Grand Chess Tour: Super Rapid & Blitz Croatia 2026,?,2026.07.04,Praggnanandhaa R,"Van Foreest, Jorden",0-1,,138,0.0,0.7971014492753623,0.7753623188405797,2.1231884057971016,3.4782608695652173,0.6666666666666666,2.782608695652174,8.652173913043478,9.942028985507246,11.160021500238893,7.565217391304348,0.09420289855072464,7.565217391304348,0.34782608695652173,0.21739130434782608,28,28,8,0,0,2,0.2029,0.2029,0.058,0.0,0.0,68.9,31.1,Aggressive
Grand Chess Tour: Saint Louis Rapid & Blitz 2026,?,2026.08.02,"Sindarov, Javokhir","Van Foreest, Jorden",1-0,,110,0.0,0.6090909090909091,0.2545454545454545,0.09090909090909091,1.518181818181818,0.37272727272727274,2.1,8.727272727272727,7.509090909090909,11.363953344635169,8.39090909090909,0.15454545454545454,8.39090909090909,0.24545454545454545,0.0,32,24,14,0,0,4,0.2909,0.2182,0.1273,0.0,0.0,71.23,28.77,Aggressive
Grand Chess Tour: Saint Louis Rapid & Blitz 2026,?,2026.08.02,"Aronian, Levon","Van Foreest, Jorden",1-0,,67,0.0,0.373134328358209,0.04477611940298507,0.1791044776119403,2.0,0.373134328358209,2.08955223880597,7.970149253731344,8.313432835820896,12.038410511544843,8.925373134328359,0.04477611940298507,8.925373134328359,0.2835820895522388,0.0,22,12,10,0,0,4,0.3284,0.1791,0.1493,0.0,0.0,61.54,38.46,Aggressive
Grand Chess Tour: Saint Louis Rapid & Blitz 2026,?,2026.08.03,"So, Wesley","Van Foreest, Jorden",0-1,,115,0.0,0.7913043478260869,0.2956521739130435,6.3826086956521735,1.391304347826087,0.7913043478260869,2.860869565217391,11.2,11.382608695652173,12.73280038801778,8.939130434782609,0.0,8.939130434782609,0.13043478260869565,0.10434782608695652,20,18,2,0,0,0,0.1739,0.1565,0.0174,0.0,0.0,56.82,43.18,Aggressive
Grand Chess Tour: Saint Louis Rapid & Blitz 2026,?,2026.08.04,"Keymer, Vincent","Van Foreest, Jorden",1-0,,95,0.0,0.6631578947368421,0.14736842105263157,0.7052631578947368,0.25263157894736843,0.4631578947368421,2.6,8.810526315789474,6.8,10.99002807134386,8.16842105263158,0.15789473684210525,8.16842105263158,0.010526315789473684,0.010526315789473684,32,26,10,0,0,2,0.3368,0.2737,0.1053,0.0,0.0,70.65,29.35,Aggressive
Grand Chess Tour: Saint Louis Rapid & Blitz 2026,?,2026.08.05,"Sindarov, Javokhir","Van Foreest, Jorden",0-1,,92,0.0,0.7065217391304348,0.05434782608695652,1.7065217391304348,1.6521739130434783,0.5978260869565217,2.9347826086956523,9.597826086956522,8.184782608695652,12.856366338975032,10.33695652173913,0.08695652173913043,10.33695652173913,0.11956521739130435,0.0,16,10,6,0,0,2,0.1739,0.1087,0.0652,0.0,0.0,52.14,47.86,Aggressive
Grand Chess Tour: Saint Louis Rapid & Blitz 2026,?,2026.08.05,"So, Wesley","Van Foreest, Jorden",1-0,,43,0.0,0.4883720930232558,0.046511627906976744,2.86046511627907,0.6976744186046512,0.4883720930232558,3.0,10.30232558139535,8.534883720930232,14.58915709613384,11.930232558139535,0.16279069767441862,11.930232558139535,0.046511627906976744,0.09302325581395349,12,8,4,0,0,2,0.2791,0.186,0.093,0.0,0.0,43.54,56.46,Positional
Grand Chess Tour: Sinquefield Cup 2026,?,2026.08.10,"Caruana, Fabiano","Van Foreest, Jorden",1-0,,109,0.0,0.8715596330275229,0.29357798165137616,3.8990825688073394,0.6422018348623854,0.8715596330275229,3.146788990825688,10.596330275229358,9.642201834862385,12.556813395574872,9.293577981651376,0.0,9.293577981651376,0.5779816513761468,0.4036697247706422,22,14,2,0,0,0,0.2018,0.1284,0.0183,0.0,0.0,55.83,44.17,Aggressive
Grand Chess Tour: Sinquefield Cup 2026,?,2026.08.11,"So, Wesley","Van Foreest, Jorden",1-0,,109,0.0,0.3669724770642202,0.8073394495412844,0.44036697247706424,4.458715596330276,0.3486238532110092,2.2018348623853212,7.908256880733945,8.770642201834862,10.113698915763136,6.81651376146789,0.027522935779816515,6.81651376146789,0.3394495412844037,0.0,24,26,6,0,0,2,0.2202,0.2385,0.055,0.0,0.0,68.04,31.96,Aggressive
Grand Chess Tour: Sinquefield Cup 2026,?,2026.08.13,Praggnanandhaa R,"Van Foreest, Jorden",1-0,,141,0.0,1.0,0.9716312056737588,4.829787234042553,1.9148936170212767,0.7872340425531915,2.5319148936170213,9.23404255319149,9.432624113475176,11.254428215598425,5.333333333333333,0.06382978723404255,5.333333333333333,0.40425531914893614,0.22695035460992907,24,34,6,0,0,2,0.1702,0.2411,0.0426,0.0,0.0,70.28,29.72,Aggressive
Grand Chess Tour: Sinquefield Cup 2026,?,2026.08.16,"Giri, Anish","Van Foreest, Jorden",1-0,,81,0.0,0.32098765432098764,0.5432098765432098,1.6049382716049383,1.1481481481481481,0.32098765432098764,2.765432098765432,10.185185185185185,7.777777777777778,14.082107330255473,11.234567901234568,0.2222222222222222,11.234567901234568,0.2839506172839506,0.1728395061728395,20,12,0,0,0,0,0.2469,0.1481,0.0,0.0,0.0,49.69,50.31,Positional
Grand Chess Tour: Sinquefield Cup 2026,?,2026.08.18,"Sindarov, Javokhir","Van Foreest, Jorden",1-0,,111,0.0,0.45045045045045046,0.06306306306306306,1.0810810810810811,2.081081081081081,0.38738738738738737,2.225225225225225,8.756756756756756,8.018018018018019,11.781099206099206,8.432432432432432,0.02702702702702703,8.432432432432432,0.24324324324324326,0.09009009009009009,34,18,10,0,0,2,0.3063,0.1622,0.0901,0.0,0.0,69.04,30.96,Aggressive
Open,?,2026.09.18,"Kuybokarov, Temur","Van Foreest, Jorden",0-1,,90,0.0,0.7444444444444445,0.25555555555555554,1.3888888888888888,3.8222222222222224,0.5444444444444444,2.6555555555555554,9.044444444444444,9.255555555555556,11.15244878578212,8.333333333333334,0.1,8.333333333333334,0.3111111111111111,0.03333333333333333,18,22,4,0,0,2,0.2,0.2444,0.0444,0.0,0.0,60.37,39.63,Aggressive
Open,?,2026.09.23,"Petkov, Momchil","Van Foreest, Jorden",0-1,,152,0.0,1.1973684210526316,0.993421052631579,0.6907894736842105,0.5592105263157895,0.8092105263157895,2.3684210526315788,8.335526315789474,7.618421052631579,8.981055786318944,6.25,0.05263157894736842,6.25,0.19078947368421054,0.11842105263157894,36,26,6,0,0,0,0.2368,0.1711,0.0395,0.0,0.0,73.31,26.69,Aggressive
Open,?,2026.09.27,"Bluebaum, Matthias","Van Foreest, Jorden",1-0,,127,0.0,0.7401574803149606,0.25196850393700787,2.220472440944882,1.4645669291338583,0.5354330708661418,2.6929133858267718,9.692913385826772,8.417322834645669,10.67818957070926,8.094488188976378,0.1968503937007874,8.094488188976378,0.25196850393700787,0.2283464566929134,26,28,8,0,0,2,0.2047,0.2205,0.063,0.0,0.0,67.78,32.22,Aggressive
German Bundesliga 2024/25,?,2025.01.12,"Van Foreest, Jorden","Bjerre, Jonas Buhl",1-0,,91,0.0,0.5934065934065934,0.25274725274725274,4.164835164835165,1.0879120879120878,0.5164835164835165,3.043956043956044,10.285714285714286,9.703296703296703,12.363691009844855,9.802197802197803,0.14285714285714285,9.802197802197803,0.13186813186813187,0.12087912087912088,8,22,2,0,0,0,0.0879,0.2418,0.022,0.0,0.0,48.68,51.32,Positional
Play-In | Swiss,?,2025.02.17,"Van Foreest, Jorden","Mekhitarian, Krikor Sevag",1-0,,69,0.0,0.2898550724637681,0.0,1.0724637681159421,1.2318840579710144,0.2898550724637681,2.8550724637681157,10.144927536231885,7.7101449275362315,14.627024746589962,11.681159420289855,0.10144927536231885,11.681159420289855,0.14492753623188406,0.057971014492753624,20,6,4,0,0,0,0.2899,0.087,0.058,0.0,0.0,48.51,51.49,Positional
European Individual Championship,?,2025.03.16,"Van Foreest, Jorden","Seemann, Jakub",1-0,,109,0.0,1.1559633027522935,0.29357798165137616,1.110091743119266,0.1926605504587156,0.8715596330275229,2.5688073394495414,9.26605504587156,7.155963302752293,9.47273753259992,7.064220183486238,0.06422018348623854,7.064220183486238,0.045871559633027525,0.06422018348623854,34,24,4,0,0,2,0.3119,0.2202,0.0367,0.0,0.0,70.75,29.25,Aggressive
European Individual Championship,?,2025.03.26,"Van Foreest, Jorden","Gavrilescu, David",1-0,,69,0.0,0.6666666666666666,0.0,4.463768115942029,0.7971014492753623,0.6666666666666666,2.5217391304347827,10.18840579710145,9.753623188405797,12.748534114838463,9.26086956521739,0.0,9.26086956521739,0.15942028985507245,0.2028985507246377,26,20,2,0,0,0,0.3768,0.2899,0.029,0.0,0.0,60.98,39.02,Aggressive
German Bundesliga 2024/25,?,2025.04.25,"Van Foreest, Jorden","Van Wely, Loek",1-0,,83,0.0,0.46987951807228917,0.26506024096385544,0.24096385542168675,2.4457831325301207,0.2891566265060241,2.746987951807229,9.409638554216867,8.096385542168674,10.737236892959784,7.843373493975903,0.060240963855421686,7.843373493975903,0.3614457831325301,0.0,24,20,6,0,0,4,0.2892,0.241,0.0723,0.0,0.0,64.17,35.83,Aggressive
Pool B,?,2025.05.25,"Van Foreest, Jorden","Korobov, Anton",1-0,,61,0.0,0.6229508196721312,0.0,0.9836065573770492,1.098360655737705,0.6229508196721312,2.9344262295081966,10.114754098360656,7.688524590163935,13.259966354228647,10.59016393442623,0.01639344262295082,10.59016393442623,0.13114754098360656,0.0,18,10,2,0,0,2,0.2951,0.1639,0.0328,0.0,0.0,49.95,50.05,Positional
German Bundesliga 2025/26,?,2026.01.10,"Thybo, Jesper Sondergaard","Van Foreest, Jorden",1/2-1/2,,57,0.0,0.38596491228070173,0.0,0.6491228070175439,1.719298245614035,0.38596491228070173,2.807017543859649,9.929824561403509,7.649122807017544,14.613267044845994,11.526315789473685,0.03508771929824561,11.526315789473685,0.5087719298245614,0.12280701754385964,16,8,4,0,0,2,0.2807,0.1404,0.0702,0.0,0.0,47.04,52.96,Positional
Masters,?,2026.01.18,Gukesh D,"Van Foreest, Jorden",1/2-1/2,,66,0.0,0.48484848484848486,0.0,5.924242424242424,1.1818181818181819,0.4696969696969697,2.787878787878788,10.151515151515152,11.257575757575758,12.422804972804975,9.666666666666666,0.18181818181818182,9.666666666666666,0.16666666666666666,0.19696969696969696,18,24,4,0,0,0,0.2727,0.3636,0.0606,0.0,0.0,58.35,41.65,Aggressive
Masters,?,2026.01.20,"Fedoseev, Vladimir","Van Foreest, Jorden",1/2-1/2,,119,0.0,0.8235294117647058,0.453781512605042,0.44537815126050423,5.579831932773109,0.6302521008403361,1.8907563025210083,8.008403361344538,9.756302521008404,9.899890935395135,6.19327731092437,0.025210084033613446,6.19327731092437,0.453781512605042,0.025210084033613446,28,24,6,0,0,4,0.2353,0.2017,0.0504,0.0,0.0,70.2,29.8,Aggressive
Masters,?,2026.01.25,"Niemann, Hans Moke","Van Foreest, Jorden",1/2-1/2,,100,0.0,0.88,0.27,3.74,0.59,0.5,2.7,10.06,9.41,12.404426073926066,9.27,0.11,9.27,0.11,0.29,30,10,6,0,0,2,0.3,0.1,0.06,0.0,0.0,61.99,38.01,Aggressive
Masters,?,2026.01.28,"Sindarov, Javokhir","Van Foreest, Jorden",1/2-1/2,,67,0.0,0.417910447761194,0.8507462686567164,1.462686567164179,2.626865671641791,0.417910447761194,1.8059701492537314,7.955223880597015,7.567164179104478,10.753982957341167,7.6716417910447765,0.0,7.6716417910447765,0.14925373134328357,0.13432835820895522,30,18,6,0,0,2,0.4478,0.2687,0.0896,0.0,0.0,68.37,31.63,Aggressive
Masters,?,2026.02.01,Praggnanandhaa R,"Van Foreest, Jorden",1/2-1/2,,121,0.0,0.8842975206611571,0.8347107438016529,0.32231404958677684,1.6694214876033058,0.5619834710743802,2.487603305785124,8.84297520661157,7.413223140495868,10.08065664821863,7.380165289256198,0.08264462809917356,7.380165289256198,0.34710743801652894,0.0,30,30,8,0,0,4,0.2479,0.2479,0.0661,0.0,0.0,71.51,28.49,Aggressive
Jorden van Foreest vs Ediz Gurel 2026,?,2026.02.14,"Gurel, Ediz","Van Foreest, Jorden",1/2-1/2,,111,0.0,0.7657657657657657,0.6216216216216216,1.009009009009009,0.7117117117117117,0.4954954954954955,3.1531531531531534,9.531531531531531,8.162162162162161,9.844174594174596,7.504504504504505,0.24324324324324326,7.504504504504505,0.2882882882882883,0.09009009009009009,28,14,4,0,0,2,0.2523,0.1261,0.036,0.0,0.0,63.45,36.55,Aggressive
Masters,?,2026.03.04,"Abdusattorov, Nodirbek","Van Foreest, Jorden",1/2-1/2,,88,0.0,0.3181818181818182,0.0,3.8295454545454546,2.0795454545454546,0.3068181818181818,3.227272727272727,10.352272727272727,9.011363636363637,13.430915801370345,9.545454545454545,0.07954545454545454,9.545454545454545,0.375,0.20454545454545456,16,18,8,0,0,2,0.1818,0.2045,0.0909,0.0,0.0,56.9,43.1,Aggressive
Tepe Sigeman 2026,?,2026.05.03,"Woodward, Andy","Van Foreest, Jorden",1/2-1/2,,79,0.0,0.6582278481012658,0.06329113924050633,0.27848101265822783,0.4177215189873418,0.4430379746835443,2.911392405063291,9.367088607594937,6.2025316455696204,10.616020126146704,8.177215189873417,0.02531645569620253,8.177215189873417,0.0379746835443038,0.0,30,24,10,0,0,2,0.3797,0.3038,0.1266,0.0,0.0,69.45,30.55,Aggressive
Tepe Sigeman 2026,?,2026.05.07,"Abdusattorov, Nodirbek","Van Foreest, Jorden",1/2-1/2,,87,0.0,1.103448275862069,0.6896551724137931,0.13793103448275862,0.8735632183908046,0.9770114942528736,2.4597701149425286,8.597701149425287,8.655172413793103,9.75032636584361,6.712643678160919,0.05747126436781609,6.712643678160919,0.06896551724137931,0.0,28,24,8,0,0,0,0.3218,0.2759,0.092,0.0,0.0,68.89,31.11,Aggressive
Grand Chess Tour: Super Chess Classic Romania 2026,?,2026.05.18,"Vachier-Lagrave, Maxime","Van Foreest, Jorden",1/2-1/2,,91,0.0,0.42857142857142855,0.27472527472527475,0.31868131868131866,2.4395604395604398,0.3076923076923077,1.978021978021978,7.362637362637362,5.846153846153846,10.241072236676635,7.538461538461538,0.02197802197802198,7.538461538461538,0.2087912087912088,0.0,36,26,6,0,0,2,0.3956,0.2857,0.0659,0.0,0.0,73.61,26.39,Aggressive
Group B,?,2026.06.04,"Lupulescu, Constantin","Van Foreest, Jorden",1/2-1/2,,98,0.0,0.6326530612244898,0.1836734693877551,0.07142857142857142,4.520408163265306,0.5918367346938775,2.5510204081632653,8.918367346938776,7.6938775510204085,10.43874628772588,7.704081632653061,0.04081632653061224,7.704081632653061,0.7448979591836735,0.02040816326530612,28,22,10,0,0,2,0.2857,0.2245,0.102,0.0,0.0,69.05,30.95,Aggressive
High,?,2026.06.12,Nihal Sarin,"Van Foreest, Jorden",1/2-1/2,,108,0.0,0.6759259259259259,0.4074074074074074,1.0925925925925926,0.6666666666666666,0.3055555555555556,2.7314814814814814,9.092592592592593,5.722222222222222,10.749530870364204,8.61111111111111,0.027777777777777776,8.61111111111111,0.046296296296296294,0.018518518518518517,42,26,8,0,0,4,0.3889,0.2407,0.0741,0.0,0.0,73.93,26.07,Aggressive
Rapid,?,2026.06.18,"Xiao, Tong(QD)","Van Foreest, Jorden",1/2-1/2,,117,0.0,0.48717948717948717,0.49572649572649574,0.2222222222222222,2.0085470085470085,0.3333333333333333,2.547008547008547,8.64102564102564,6.863247863247863,10.807705233987281,7.880341880341881,0.08547008547008547,7.880341880341881,0.23931623931623933,0.0,34,36,6,0,0,2,0.2906,0.3077,0.0513,0.0,0.0,72.75,27.25,Aggressive
Grand Chess Tour: Super Rapid & Blitz Croatia 2026,?,2026.07.03,"Firouzja, Alireza","Van Foreest, Jorden",1/2-1/2,,67,0.0,0.8955223880597015,0.5970149253731343,0.1791044776119403,0.5671641791044776,0.4925373134328358,2.8358208955223883,10.08955223880597,7.2835820895522385,11.934819409446277,9.761194029850746,0.16417910447761194,9.761194029850746,0.23880597014925373,0.014925373134328358,18,10,4,0,0,2,0.2687,0.1493,0.0597,0.0,0.0,52.16,47.84,Aggressive
Grand Chess Tour: Super Rapid & Blitz Croatia 2026,?,2026.07.04,"Giri, Anish","Van Foreest, Jorden",1/2-1/2,,79,0.0,1.139240506329114,0.46835443037974683,0.7721518987341772,0.5569620253164557,0.759493670886076,2.848101265822785,9.708860759493671,7.3164556962025316,10.365676025802607,7.9113924050632916,0.0379746835443038,7.9113924050632916,0.189873417721519,0.0,30,16,8,0,0,2,0.3797,0.2025,0.1013,0.0,0.0,66.8,33.2,Aggressive
Grand Chess Tour: Saint Louis Rapid & Blitz 2026,?,2026.08.04,"Dominguez Perez, Leinier","Van Foreest, Jorden",1/2-1/2,,56,0.0,0.25,0.0,1.625,0.44642857142857145,0.25,3.0535714285714284,11.142857142857142,8.553571428571429,16.26301020408163,13.678571428571429,0.0,13.678571428571429,0.0,0.0,2,2,0,0,0,0,0.0357,0.0357,0.0,0.0,0.0,13.08,86.92,Positional
Grand Chess Tour: Saint Louis Rapid & Blitz 2026,?,2026.08.05,"Dominguez Perez, Leinier","Van Foreest, Jorden",1/2-1/2,,96,0.0,0.96875,0.4270833333333333,0.10416666666666667,2.2604166666666665,0.6354166666666666,2.8020833333333335,9.28125,7.885416666666667,10.657593881812625,7.78125,0.21875,7.78125,0.59375,0.010416666666666666,30,20,6,0,0,2,0.3125,0.2083,0.0625,0.0,0.0,67.01,32.99,Aggressive
Open,?,2026.09.24,"Hovhannisyan, Robert","Van Foreest, Jorden",0-1,,112,0.0,0.8303571428571429,0.33035714285714285,4.0625,2.080357142857143,0.41964285714285715,2.4464285714285716,10.473214285714286,10.303571428571429,11.711755605505601,8.276785714285714,0.0,8.276785714285714,0.25,0.19642857142857142,30,20,8,0,0,2,0.2679,0.1786,0.0714,0.0,0.0,66.44,33.56,Aggressive
High,?,2025.05.29,"Van Foreest, Jorden","Karthikeyan, Murali",1-0,,131,0.0,0.5648854961832062,0.2748091603053435,0.04580152671755725,4.32824427480916,0.5190839694656488,2.2977099236641223,8.030534351145038,8.450381679389313,9.552660825179919,6.969465648854962,0.0,6.969465648854962,0.42748091603053434,0.007633587786259542,26,26,4,0,0,2,0.1985,0.1985,0.0305,0.0,0.0,68.43,31.57,Aggressive
Rapid,?,2025.06.11,"Van Foreest, Jorden","Ghasi, Ameet K",1-0,,59,0.0,0.2542372881355932,0.0,2.3559322033898304,0.6779661016949152,0.2542372881355932,2.6440677966101696,10.271186440677965,9.067796610169491,13.700897501744956,11.033898305084746,0.0,11.033898305084746,0.11864406779661017,0.0,14,12,6,0,0,2,0.2373,0.2034,0.1017,0.0,0.0,49.36,50.64,Positional
Rapid,?,2025.06.13,"Van Foreest, Jorden","Kozak, Adam",1-0,,107,0.0,0.40186915887850466,0.21495327102803738,2.6261682242990654,1.4766355140186915,0.29906542056074764,2.2523364485981308,8.953271028037383,8.317757009345794,11.217845887238413,7.953271028037383,0.056074766355140186,7.953271028037383,0.4485981308411215,0.18691588785046728,28,24,10,0,0,4,0.2617,0.2243,0.0935,0.0,0.0,69.01,30.99,Aggressive
Blitz | Pool A,?,2025.06.14,"Van Foreest, Jorden","Reimanis, Ritvars",1-0,,257,0.0,0.8988326848249028,0.44357976653696496,10.252918287937744,0.24124513618677043,0.8249027237354085,2.140077821011673,8.747081712062256,12.665369649805447,7.882626506653743,4.56420233463035,0.0,4.56420233463035,0.07392996108949416,0.39299610894941633,20,34,0,0,0,0,0.0778,0.1323,0.0,0.0,0.0,68.93,31.07,Aggressive
Blitz | Pool A,?,2025.06.14,"Van Foreest, Jorden","Short, Nigel D",1-0,,97,0.0,0.9896907216494846,0.14432989690721648,1.7422680412371134,3.731958762886598,0.711340206185567,2.6907216494845363,9.45360824742268,9.54639175257732,10.969125147475662,7.824742268041237,0.0,7.824742268041237,0.29896907216494845,0.0,20,26,2,0,0,2,0.2062,0.268,0.0206,0.0,0.0,62.42,37.58,Aggressive
Blitz | Pool A,?,2025.06.14,"Van Foreest, Jorden","Jacobsen, Mikkel Manosri",1-0,,63,0.0,0.5238095238095238,0.015873015873015872,2.9365079365079363,1.2063492063492063,0.5238095238095238,2.9365079365079363,9.698412698412698,8.698412698412698,12.956963891487705,10.11111111111111,0.0,10.11111111111111,0.09523809523809523,0.0,20,14,4,0,0,4,0.3175,0.2222,0.0635,0.0,0.0,56.41,43.59,Aggressive
Blitz | Pool A,?,2025.06.14,"Van Foreest, Jorden","Shabalov, Alexander",1-0,,117,0.0,0.7264957264957265,0.5811965811965812,1.017094017094017,0.5384615384615384,0.5555555555555556,2.5213675213675213,9.2991452991453,7.6239316239316235,10.322970168482987,7.82051282051282,0.008547008547008548,7.82051282051282,0.20512820512820512,0.008547008547008548,36,28,8,0,0,2,0.3077,0.2393,0.0684,0.0,0.0,72.02,27.98,Aggressive
Open,?,2025.07.05,"Van Foreest, Jorden","Tiviakov, Sergei",1-0,,59,0.0,0.3728813559322034,0.0,2.440677966101695,0.4745762711864407,0.3728813559322034,2.8983050847457625,10.186440677966102,6.52542372881356,14.951221941899904,12.322033898305085,0.0,12.322033898305085,0.0,0.0,8,4,2,0,0,0,0.1356,0.0678,0.0339,0.0,0.0,32.65,67.35,Positional
Open,?,2025.07.08,"Van Foreest, Jorden","Beerdsen, Thomas",1-0,,65,0.0,0.7076923076923077,1.0615384615384615,0.5692307692307692,0.8923076923076924,0.6307692307692307,2.8,9.015384615384615,6.153846153846154,12.051815705661856,9.646153846153846,0.09230769230769231,9.646153846153846,0.4,0.2,14,14,2,0,0,0,0.2154,0.2154,0.0308,0.0,0.0,50.18,49.82,Aggressive
Open,?,2025.07.09,"Van Foreest, Jorden","Vrolijk, Liam",1-0,,57,0.0,0.15789473684210525,0.0,0.8245614035087719,0.8245614035087719,0.10526315789473684,3.0701754385964914,10.298245614035087,8.719298245614034,14.68269342743027,12.035087719298245,0.05263157894736842,12.035087719298245,0.10526315789473684,0.017543859649122806,14,6,4,0,0,2,0.2456,0.1053,0.0702,0.0,0.0,41.99,58.01,Positional
Open,?,2025.07.12,"Van Foreest, Jorden","Van Wely, Loek",1-0,,49,0.0,0.30612244897959184,0.0,2.6530612244897958,0.8163265306122449,0.30612244897959184,2.673469387755102,10.755102040816327,9.244897959183673,14.159279949075867,11.63265306122449,0.20408163265306123,11.63265306122449,0.0,0.0,6,10,2,0,0,0,0.1224,0.2041,0.0408,0.0,0.0,34.66,65.34,Positional
Dole Trophy 2025,?,2025.07.24,"Van Foreest, Jorden","Peng, Xiongjian",1-0,,138,0.0,0.8623188405797102,0.6594202898550725,0.2826086956521739,2.1159420289855073,0.6666666666666666,2.0217391304347827,7.681159420289855,9.028985507246377,8.883815942511598,6.1231884057971016,0.10144927536231885,6.1231884057971016,0.2898550724637681,0.057971014492753624,26,26,8,0,0,2,0.1884,0.1884,0.058,0.0,0.0,70.5,29.5,Aggressive
QB CGM Masters,?,2025.08.11,"Van Foreest, Jorden","Robson, Ray",1-0,,163,0.0,1.294478527607362,0.4723926380368098,0.4233128834355828,2.6196319018404908,0.901840490797546,2.2883435582822087,8.202453987730062,8.963190184049079,7.263360991428474,4.705521472392638,0.024539877300613498,4.705521472392638,0.3128834355828221,0.0,36,28,12,0,0,6,0.2209,0.1718,0.0736,0.0,0.0,77.53,22.47,Aggressive
Open,?,2025.09.07,"Van Foreest, Jorden","Anton Guijarro, David",1-0,,115,0.0,0.8347826086956521,0.3739130434782609,0.7217391304347827,2.2695652173913046,0.7130434782608696,2.6695652173913045,9.6,8.782608695652174,11.479757319974714,8.391304347826088,0.0,8.391304347826088,0.33043478260869563,0.017391304347826087,22,24,8,0,0,2,0.1913,0.2087,0.0696,0.0,0.0,64.02,35.98,Aggressive
Open,?,2025.09.09,"Van Foreest, Jorden","Ivanchuk, Vasyl",1-0,,63,0.0,0.3968253968253968,0.47619047619047616,1.253968253968254,1.4444444444444444,0.2222222222222222,2.8253968253968256,10.587301587301587,7.809523809523809,13.754427406808357,10.603174603174603,0.0,10.603174603174603,0.2857142857142857,0.2222222222222222,20,10,4,0,0,0,0.3175,0.1587,0.0635,0.0,0.0,51.66,48.34,Aggressive
Open,?,2025.09.12,"Van Foreest, Jorden","Mamedyarov, Shakhriyar",1-0,,99,0.0,1.02020202020202,0.5757575757575758,1.1717171717171717,2.9696969696969697,0.898989898989899,2.494949494949495,9.83838383838384,7.94949494949495,11.293404350980104,8.171717171717171,0.020202020202020204,8.171717171717171,0.21212121212121213,0.0,30,10,6,0,0,2,0.303,0.101,0.0606,0.0,0.0,64.24,35.76,Aggressive
Open,?,2025.10.05,"Van Foreest, Jorden","Petrov, Martin",1-0,,81,0.0,0.2345679012345679,0.06172839506172839,2.271604938271605,1.4320987654320987,0.2222222222222222,2.7777777777777777,10.407407407407407,8.074074074074074,14.570796418944573,11.506172839506172,0.07407407407407407,11.506172839506172,0.13580246913580246,0.18518518518518517,22,16,4,0,0,2,0.2716,0.1975,0.0494,0.0,0.0,55.65,44.35,Aggressive
Open,?,2025.10.19,"Van Foreest, Jorden","Urkedal, Frode Olav Olsen",1-0,,83,0.0,0.4819277108433735,0.0,3.3734939759036147,0.0963855421686747,0.40963855421686746,3.3012048192771086,10.08433734939759,9.25301204819277,12.821941913508175,10.373493975903614,0.0963855421686747,10.373493975903614,0.024096385542168676,0.21686746987951808,20,14,6,0,0,0,0.241,0.1687,0.0723,0.0,0.0,55.29,44.71,Aggressive
FIDE World Cup 2025,?,2025.11.08,"Van Foreest, Jorden","Sarana, Alexey",1-0,,71,0.0,0.49295774647887325,0.29577464788732394,0.5633802816901409,0.4225352112676056,0.49295774647887325,3.084507042253521,10.788732394366198,8.056338028169014,14.440398607652133,11.901408450704226,0.4084507042253521,11.901408450704226,0.056338028169014086,0.056338028169014086,18,10,4,0,0,0,0.2535,0.1408,0.0563,0.0,0.0,47.65,52.35,Positional
European Rapid Championship 2025,?,2025.11.28,"Van Foreest, Jorden","Shapkaroski, Goce",1-0,,83,0.0,0.6385542168674698,0.08433734939759036,1.2409638554216869,1.7108433734939759,0.5783132530120482,2.710843373493976,9.626506024096386,6.337349397590361,11.88315466327514,9.144578313253012,0.04819277108433735,9.144578313253012,0.1566265060240964,0.0,28,14,4,0,0,2,0.3373,0.1687,0.0482,0.0,0.0,62.81,37.19,Aggressive
European Rapid Championship 2025,?,2025.11.28,"Van Foreest, Jorden","Degtiarev, Evgeny",1-0,,83,0.0,0.9397590361445783,0.40963855421686746,0.9397590361445783,3.8433734939759034,0.5662650602409639,2.819277108433735,9.024096385542169,7.903614457831325,10.447354151872226,7.493975903614458,0.024096385542168676,7.493975903614458,0.2891566265060241,0.0,26,32,4,0,0,2,0.3133,0.3855,0.0482,0.0,0.0,68.89,31.11,Aggressive
European Rapid Championship 2025,?,2025.11.29,"Van Foreest, Jorden","Baranciuc, Alexandr",1-0,,49,0.0,0.24489795918367346,0.0,1.1428571428571428,1.0612244897959184,0.24489795918367346,2.5918367346938775,9.612244897959183,7.040816326530612,15.362248748983445,12.73469387755102,0.02040816326530612,12.73469387755102,0.22448979591836735,0.0,18,6,6,0,0,0,0.3673,0.1224,0.1224,0.0,0.0,47.76,52.24,Positional
European Blitz Championship 2025,?,2025.11.30,"Van Foreest, Jorden","Hopson, Kevin Mike",1-0,,51,0.0,0.3333333333333333,0.0,1.9215686274509804,0.3333333333333333,0.3333333333333333,2.803921568627451,10.137254901960784,7.823529411764706,14.199658620246858,11.490196078431373,0.1568627450980392,11.490196078431373,0.0,0.0,12,14,2,0,0,2,0.2353,0.2745,0.0392,0.0,0.0,45.33,54.67,Positional
European Blitz Championship 2025,?,2025.11.30,"Van Foreest, Jorden","Gokerkan, Cem Kaan",1-0,,65,0.0,0.6,0.0,5.4,1.1538461538461537,0.5384615384615384,2.523076923076923,9.461538461538462,10.446153846153846,12.129496187573114,9.538461538461538,0.12307692307692308,9.538461538461538,0.2,0.0,18,16,6,0,0,0,0.2769,0.2462,0.0923,0.0,0.0,57.4,42.6,Aggressive
European Blitz Championship 2025,?,2025.11.30,"Van Foreest, Jorden","Saraci, Korab",1-0,,89,0.0,0.4157303370786517,0.056179775280898875,5.898876404494382,0.5842696629213483,0.38202247191011235,2.797752808988764,10.0561797752809,10.47191011235955,11.981120502468814,8.887640449438202,0.02247191011235955,8.887640449438202,0.10112359550561797,0.2808988764044944,20,22,4,0,0,0,0.2247,0.2472,0.0449,0.0,0.0,59.74,40.26,Aggressive
Masters,?,2025.01.22,"Van Foreest, Jorden","Abdusattorov, Nodirbek",0-1,,94,0.0,0.4787234042553192,0.3829787234042553,5.180851063829787,2.0638297872340425,0.4787234042553192,2.882978723404255,10.329787234042554,11.074468085106384,12.228849784966803,9.106382978723405,0.0,9.106382978723405,0.6808510638297872,0.2872340425531915,22,12,6,0,0,0,0.234,0.1277,0.0638,0.0,0.0,57.74,42.26,Aggressive
German Bundesliga 2024/25,?,2025.02.23,"Van Foreest, Jorden","Fedorovsky, Michael",0-1,,90,0.0,0.6555555555555556,0.12222222222222222,2.1444444444444444,2.3444444444444446,0.6555555555555556,3.1,10.833333333333334,8.877777777777778,14.737895006228339,11.4,0.022222222222222223,11.4,0.14444444444444443,0.044444444444444446,20,14,0,0,0,0,0.2222,0.1556,0.0,0.0,0.0,50.68,49.32,Aggressive
European Individual Championship,?,2025.03.19,"Van Foreest, Jorden","Yuffa, Daniil",0-1,,94,0.0,0.851063829787234,0.851063829787234,1.3297872340425532,1.7872340425531914,0.8297872340425532,2.648936170212766,8.797872340425531,7.329787234042553,10.740676020197299,8.063829787234043,0.05319148936170213,8.063829787234043,0.44680851063829785,0.14893617021276595,30,16,6,0,0,2,0.3191,0.1702,0.0638,0.0,0.0,66.7,33.3,Aggressive
Rapid,?,2025.06.12,"Van Foreest, Jorden","Rapport, Richard",0-1,,96,0.0,0.625,0.3020833333333333,4.791666666666667,1.8958333333333333,0.625,3.2395833333333335,11.322916666666666,10.885416666666666,13.613562537000035,10.21875,0.0625,10.21875,0.3854166666666667,0.19791666666666666,14,12,6,0,0,2,0.1458,0.125,0.0625,0.0,0.0,50.79,49.21,Aggressive
Rapid,?,2025.06.13,"Van Foreest, Jorden","Anand, Viswanathan",0-1,,66,0.0,0.30303030303030304,0.0,1.4848484848484849,0.7121212121212122,0.30303030303030304,3.303030303030303,10.772727272727273,8.287878787878787,14.503758404894768,11.545454545454545,0.045454545454545456,11.545454545454545,0.2878787878787879,0.2727272727272727,14,8,2,0,0,0,0.2121,0.1212,0.0303,0.0,0.0,41.68,58.32,Positional
Blitz | Pool A,?,2025.06.14,"Van Foreest, Jorden","Nakamura, Hikaru",0-1,,68,0.0,0.6617647058823529,0.0,2.514705882352941,1.0294117647058822,0.6617647058823529,3.323529411764706,11.044117647058824,8.602941176470589,13.90800555653497,10.955882352941176,0.0,10.955882352941176,0.29411764705882354,0.11764705882352941,18,8,4,0,0,0,0.2647,0.1176,0.0588,0.0,0.0,48.94,51.06,Positional
QB CGM Masters,?,2025.08.15,"Van Foreest, Jorden","Giri, Anish",0-1,,66,0.0,1.0151515151515151,0.0,2.5757575757575757,0.5909090909090909,0.6363636363636364,2.4242424242424243,10.424242424242424,9.06060606060606,13.181286810832265,10.303030303030303,0.06060606060606061,10.303030303030303,0.07575757575757576,0.0,18,12,6,0,0,2,0.2727,0.1818,0.0909,0.0,0.0,54.13,45.87,Aggressive
FIDE World Cup 2025,?,2025.11.09,"Van Foreest, Jorden","Sarana, Alexey",0-1,,101,0.0,1.316831683168317,0.31683168316831684,1.4059405940594059,1.7623762376237624,0.8514851485148515,2.8613861386138613,10.574257425742575,9.158415841584159,11.14561162160172,8.07920792079208,0.15841584158415842,8.07920792079208,0.24752475247524752,0.019801980198019802,22,22,10,0,0,4,0.2178,0.2178,0.099,0.0,0.0,64.53,35.47,Aggressive
European Rapid Championship 2025,?,2025.11.28,"Van Foreest, Jorden","Krause, Benedict",0-1,,118,0.0,1.1355932203389831,0.2627118644067797,2.483050847457627,1.2372881355932204,0.8728813559322034,2.73728813559322,9.245762711864407,8.754237288135593,10.834405142879723,7.788135593220339,0.09322033898305085,7.788135593220339,0.3050847457627119,0.11016949152542373,30,18,6,0,0,2,0.2542,0.1525,0.0508,0.0,0.0,66.75,33.25,Aggressive
European Rapid Championship 2025,?,2025.11.29,"Van Foreest, Jorden","Ioannidis, Evgenios",0-1,,112,0.0,0.7678571428571429,0.625,1.6607142857142858,5.491071428571429,0.6428571428571429,2.2410714285714284,8.178571428571429,9.285714285714286,9.908648469585971,6.357142857142857,0.008928571428571428,6.357142857142857,0.6339285714285714,0.15178571428571427,24,22,6,0,0,2,0.2143,0.1964,0.0536,0.0,0.0,67.85,32.15,Aggressive
European Rapid Championship 2025,?,2025.11.29,"Van Foreest, Jorden","Maurizzi, MarcAndria",0-1,,144,0.0,0.9305555555555556,0.125,1.9930555555555556,3.4097222222222223,0.5833333333333334,2.5972222222222223,9.1875,9.006944444444445,10.687381792590124,7.222222222222222,0.0625,7.222222222222222,0.2916666666666667,0.1111111111111111,28,20,8,0,0,2,0.1944,0.1389,0.0556,0.0,0.0,67.78,32.22,Aggressive
European Blitz Championship 2025,?,2025.11.30,"Van Foreest, Jorden","Dragnev, Valentin",1-0,,111,0.0,0.9279279279279279,0.972972972972973,0.6756756756756757,4.351351351351352,0.8468468468468469,2.4774774774774775,9.08108108108108,11.08108108108108,10.75944965944966,7.513513513513513,0.2702702702702703,7.513513513513513,0.3063063063063063,0.018018018018018018,24,24,2,0,0,2,0.2162,0.2162,0.018,0.0,0.0,63.38,36.62,Aggressive
European Blitz Championship 2025,?,2025.11.30,"Van Foreest, Jorden","Andriasian, Zaven",1-0,,53,0.0,0.41509433962264153,0.03773584905660377,0.7169811320754716,0.2641509433962264,0.41509433962264153,3.188679245283019,10.528301886792454,8.245283018867925,15.530766403407918,12.981132075471699,0.16981132075471697,12.981132075471699,0.22641509433962265,0.11320754716981132,14,4,4,0,0,2,0.2642,0.0755,0.0755,0.0,0.0,39.76,60.24,Positional
European Blitz Championship 2025,?,2025.11.30,"Van Foreest, Jorden","Jobava, Baadur",1-0,,149,0.0,1.342281879194631,1.0469798657718121,0.053691275167785234,1.8993288590604027,0.8859060402684564,2.7583892617449663,8.228187919463087,7.724832214765101,8.3012850311508,4.959731543624161,0.006711409395973154,4.959731543624161,0.37583892617449666,0.006711409395973154,38,24,8,0,0,2,0.255,0.1611,0.0537,0.0,0.0,75.57,24.43,Aggressive
German Bundesliga 2025/26,?,2025.12.06,"Van Foreest, Jorden","Kunin, Vitaly",1-0,,13,0.0,0.0,0.0,0.07692307692307693,0.0,0.0,2.4615384615384617,8.846153846153847,5.538461538461538,15.569230769230769,13.692307692307692,0.0,13.692307692307692,0.0,0.0,0,0,0,0,0,0,0.0,0.0,0.0,0.0,0.0,0.2,99.8,Positional
sachy.cz Extraliga 2025/2026,?,2025.12.13,"Van Foreest, Jorden","Rodshtein, Maxim",1-0,,129,0.0,0.8914728682170543,0.7906976744186046,0.4728682170542636,4.24031007751938,0.7054263565891473,2.4728682170542635,8.968992248062015,9.085271317829458,9.957270485758857,6.651162790697675,0.10077519379844961,6.651162790697675,0.4883720930232558,0.023255813953488372,30,24,4,0,0,2,0.2326,0.186,0.031,0.0,0.0,68.9,31.1,Aggressive
Open,?,2025.12.26,"Van Foreest, Jorden","Gokerkan, Cem Kaan",1-0,,75,0.0,0.6533333333333333,0.36,1.6666666666666667,0.25333333333333335,0.6266666666666667,3.36,10.826666666666666,8.026666666666667,13.230781477781479,10.453333333333333,0.0,10.453333333333333,0.013333333333333334,0.08,24,16,4,0,0,0,0.32,0.2133,0.0533,0.0,0.0,57.01,42.99,Aggressive
Open,?,2025.12.26,"Van Foreest, Jorden","Ponkratov, Pavel",1-0,,57,0.0,0.21052631578947367,0.3157894736842105,4.0,0.7017543859649122,0.19298245614035087,2.9649122807017543,11.035087719298245,9.649122807017545,13.96452874610769,11.157894736842104,0.0,11.157894736842104,0.017543859649122806,0.07017543859649122,8,12,2,0,0,2,0.1404,0.2105,0.0351,0.0,0.0,40.61,59.39,Positional
Open,?,2025.12.26,"Van Foreest, Jorden","Makarian, Rudik",0-1,,122,0.0,0.6639344262295082,0.36065573770491804,1.2540983606557377,1.5245901639344261,0.39344262295081966,3.0081967213114753,10.368852459016393,9.270491803278688,13.377246978886324,11.114754098360656,0.13114754098360656,11.114754098360656,0.1721311475409836,0.00819672131147541,20,10,8,0,0,0,0.1639,0.082,0.0656,0.0,0.0,53.51,46.49,Aggressive
Open,?,2025.12.27,"Van Foreest, Jorden","Lodici, Lorenzo",1-0,,67,0.0,0.40298507462686567,0.0,1.7611940298507462,1.5970149253731343,0.23880597014925373,2.716417910447761,10.014925373134329,6.641791044776119,14.829925795597436,12.283582089552239,0.014925373134328358,12.283582089552239,0.29850746268656714,0.1044776119402985,20,8,8,0,0,4,0.2985,0.1194,0.1194,0.0,0.0,53.99,46.01,Aggressive
Open,?,2025.12.28,"Van Foreest, Jorden","Grebnev, Aleksey",0-1,,152,0.0,0.75,0.35526315789473684,0.756578947368421,0.2565789473684211,0.47368421052631576,2.625,9.388157894736842,8.197368421052632,11.55765159548055,9.375,0.02631578947368421,9.375,0.019736842105263157,0.019736842105263157,36,24,8,0,0,2,0.2368,0.1579,0.0526,0.0,0.0,69.08,30.92,Aggressive
Open Swiss,?,2025.12.29,"Van Foreest, Jorden","Dlugy, Maxim",1-0,,105,0.0,0.18095238095238095,0.0,2.142857142857143,1.8666666666666667,0.18095238095238095,3.3047619047619046,10.80952380952381,8.028571428571428,14.591700125271545,11.485714285714286,0.01904761904761905,11.485714285714286,0.26666666666666666,0.02857142857142857,26,14,2,0,0,0,0.2476,0.1333,0.019,0.0,0.0,55.56,44.44,Aggressive
Open Swiss,?,2025.12.29,"Van Foreest, Jorden",Bharath Subramaniyam H,1-0,,52,0.0,0.3269230769230769,0.057692307692307696,0.9615384615384616,0.5192307692307693,0.3076923076923077,2.730769230769231,10.288461538461538,7.75,13.825181229027379,11.365384615384615,0.15384615384615385,11.365384615384615,0.19230769230769232,0.0,16,8,4,0,0,0,0.3077,0.1538,0.0769,0.0,0.0,46.08,53.92,Positional
Open Swiss,?,2025.12.29,"Van Foreest, Jorden",Erigaisi Arjun,1-0,,61,0.0,0.22950819672131148,0.03278688524590164,0.5573770491803278,0.9836065573770492,0.09836065573770492,2.7868852459016393,9.639344262295081,7.721311475409836,13.528544542888802,11.098360655737705,0.01639344262295082,11.098360655737705,0.13114754098360656,0.03278688524590164,24,18,6,0,0,2,0.3934,0.2951,0.0984,0.0,0.0,58.89,41.11,Aggressive
Open Swiss,?,2025.12.29,"Van Foreest, Jorden",Goutham Krishna H,0-1,,84,0.0,0.6666666666666666,0.36904761904761907,0.9285714285714286,2.4285714285714284,0.32142857142857145,2.5357142857142856,9.94047619047619,7.714285714285714,10.743697803519227,8.452380952380953,0.011904761904761904,8.452380952380953,0.09523809523809523,0.07142857142857142,22,18,2,0,0,0,0.2619,0.2143,0.0238,0.0,0.0,59.63,40.37,Aggressive
Masters,?,2025.01.18,"Van Foreest, Jorden","Fedoseev, Vladimir",1/2-1/2,,92,0.0,0.6630434782608695,0.08695652173913043,2.9565217391304346,1.4456521739130435,0.6630434782608695,3.0652173913043477,11.119565217391305,9.032608695652174,12.988516706723228,10.119565217391305,0.0,10.119565217391305,0.4673913043478261,0.17391304347826086,16,18,4,0,0,2,0.1739,0.1957,0.0435,0.0,0.0,53.96,46.04,Aggressive
Masters,?,2025.01.20,"Van Foreest, Jorden","Sarana, Alexey",1/2-1/2,,83,0.0,0.14457831325301204,0.024096385542168676,0.07228915662650602,3.289156626506024,0.0963855421686747,3.216867469879518,9.180722891566266,7.590361445783133,13.068500642597025,9.831325301204819,0.060240963855421686,9.831325301204819,0.4819277108433735,0.024096385542168676,28,18,6,0,0,2,0.3373,0.2169,0.0723,0.0,0.0,62.63,37.37,Aggressive
Masters,?,2025.01.25,"Van Foreest, Jorden",Praggnanandhaa R,1/2-1/2,,71,0.0,0.9436619718309859,0.352112676056338,0.07042253521126761,1.2535211267605635,0.6056338028169014,2.8309859154929575,9.816901408450704,7.619718309859155,11.40809753626655,9.253521126760564,0.056338028169014086,9.253521126760564,0.23943661971830985,0.014084507042253521,26,16,10,0,0,2,0.3662,0.2254,0.1408,0.0,0.0,63.72,36.28,Aggressive
Masters,?,2025.01.28,"Van Foreest, Jorden","Warmerdam, Max",1/2-1/2,,59,0.0,0.6610169491525424,0.15254237288135594,2.3559322033898304,1.1694915254237288,0.6610169491525424,2.8983050847457625,10.661016949152541,8.440677966101696,13.89892635612975,11.203389830508474,0.03389830508474576,11.203389830508474,0.423728813559322,0.22033898305084745,12,16,4,0,0,0,0.2034,0.2712,0.0678,0.0,0.0,48.14,51.86,Positional
Masters,?,2025.01.31,"Van Foreest, Jorden",Erigaisi Arjun,1/2-1/2,,63,0.0,0.5079365079365079,0.4603174603174603,3.0317460317460316,1.6984126984126984,0.5079365079365079,2.857142857142857,9.88888888888889,7.888888888888889,10.839275098798907,8.380952380952381,0.0,8.380952380952381,0.47619047619047616,0.19047619047619047,26,14,6,0,0,0,0.4127,0.2222,0.0952,0.0,0.0,62.82,37.18,Aggressive
Masters,?,2025.02.01,"Van Foreest, Jorden",Gukesh D,1/2-1/2,,101,0.0,0.8217821782178217,0.5544554455445545,3.9306930693069306,2.0,0.7029702970297029,2.8118811881188117,10.227722772277227,11.277227722772277,11.929827543193884,8.98019801980198,0.1782178217821782,8.98019801980198,0.32673267326732675,0.0891089108910891,18,20,4,0,0,4,0.1782,0.198,0.0396,0.0,0.0,58.13,41.87,Aggressive
European Individual Championship,?,2025.03.18,"Van Foreest, Jorden","Jobava, Baadur",1/2-1/2,,107,0.0,0.8691588785046729,0.616822429906542,0.205607476635514,1.9158878504672898,0.5607476635514018,2.308411214953271,8.626168224299066,8.317757009345794,10.086023737425604,7.308411214953271,0.18691588785046728,7.308411214953271,0.2523364485981308,0.0,34,28,10,0,0,4,0.3178,0.2617,0.0935,0.0,0.0,72.74,27.26,Aggressive
European Individual Championship,?,2025.03.22,"Van Foreest, Jorden","Huschenbeth, Niclas",1/2-1/2,,38,0.0,0.07894736842105263,0.0,4.7894736842105265,0.07894736842105263,0.07894736842105263,2.9210526315789473,10.447368421052632,8.789473684210526,15.305624638519376,12.789473684210526,0.02631578947368421,12.789473684210526,0.0,0.0,8,6,0,0,0,0,0.2105,0.1579,0.0,0.0,0.0,32.29,67.71,Positional
European Individual Championship,?,2025.03.24,"Van Foreest, Jorden","Tari, Aryan",1/2-1/2,,67,0.0,0.2835820895522388,0.0,1.0597014925373134,1.0298507462686568,0.2835820895522388,3.4477611940298507,10.552238805970148,8.074626865671641,14.742803962206946,12.194029850746269,0.0,12.194029850746269,0.029850746268656716,0.0,12,8,2,0,0,0,0.1791,0.1194,0.0299,0.0,0.0,38.95,61.05,Positional
Pool B,?,2025.05.22,"Van Foreest, Jorden",Aryan Chopra,1/2-1/2,,133,0.0,1.1203007518796992,0.45864661654135336,0.03759398496240601,1.736842105263158,0.9022556390977443,2.9398496240601504,10.172932330827068,7.2406015037593985,11.539384404234028,8.646616541353383,0.06766917293233082,8.646616541353383,0.2932330827067669,0.0,20,22,2,0,0,2,0.1504,0.1654,0.015,0.0,0.0,59.46,40.54,Aggressive
Pool B,?,2025.05.24,"Van Foreest, Jorden","Harikrishna, Pentala",1/2-1/2,,83,0.0,0.46987951807228917,0.0963855421686747,2.5421686746987953,2.289156626506024,0.3132530120481928,2.4939759036144578,10.19277108433735,8.734939759036145,12.813583705451173,9.650602409638553,0.0,9.650602409638553,0.6144578313253012,0.04819277108433735,32,26,6,0,0,0,0.3855,0.3133,0.0723,0.0,0.0,66.54,33.46,Aggressive
High,?,2025.05.30,"Van Foreest, Jorden","Murzin, Volodar",1/2-1/2,,88,0.0,0.17045454545454544,0.0,1.3977272727272727,0.9545454545454546,0.1590909090909091,2.8295454545454546,10.409090909090908,6.534090909090909,13.974712408803317,11.488636363636363,0.011363636363636364,11.488636363636363,0.0,0.0,14,8,2,0,0,0,0.1591,0.0909,0.0227,0.0,0.0,43.16,56.84,Positional
High,?,2025.05.31,"Van Foreest, Jorden","Fressinet, Laurent",1/2-1/2,,57,0.0,0.24561403508771928,0.0,0.8947368421052632,1.087719298245614,0.24561403508771928,2.473684210526316,9.578947368421053,6.859649122807017,12.117263633053106,9.473684210526315,0.07017543859649122,9.473684210526315,0.07017543859649122,0.0,20,18,4,0,0,2,0.3509,0.3158,0.0702,0.0,0.0,58.22,41.78,Aggressive
Rapid,?,2025.06.11,"Van Foreest, Jorden","Abdusattorov, Nodirbek",1/2-1/2,,112,0.0,1.1875,0.4642857142857143,0.7321428571428571,2.357142857142857,0.9107142857142857,2.5,9.741071428571429,8.017857142857142,11.179103213254994,7.910714285714286,0.08928571428571429,7.910714285714286,0.4017857142857143,0.03571428571428571,24,22,4,0,0,2,0.2143,0.1964,0.0357,0.0,0.0,63.96,36.04,Aggressive
Rapid,?,2025.06.13,"Van Foreest, Jorden","Vachier-Lagrave, Maxime",1/2-1/2,,105,0.0,0.6190476190476191,0.24761904761904763,0.3333333333333333,4.114285714285714,0.3904761904761905,1.8761904761904762,8.0,7.6380952380952385,10.40972445543874,7.0285714285714285,0.0,7.0285714285714285,0.3333333333333333,0.009523809523809525,30,26,6,0,0,4,0.2857,0.2476,0.0571,0.0,0.0,71.24,28.76,Aggressive
Blitz | Knockout,?,2025.06.15,"Van Foreest, Jorden","Murzin, Volodar",1/2-1/2,,110,0.0,0.6545454545454545,0.13636363636363635,4.463636363636364,0.44545454545454544,0.5272727272727272,3.3454545454545452,10.463636363636363,10.5,11.987530297984849,9.545454545454545,0.03636363636363636,9.545454545454545,0.11818181818181818,0.24545454545454545,24,12,8,0,0,0,0.2182,0.1091,0.0727,0.0,0.0,58.97,41.03,Aggressive
Open,?,2025.07.08,"Van Foreest, Jorden","Beerdsen, Thomas",1/2-1/2,,101,0.0,0.6633663366336634,0.7821782178217822,0.07920792079207921,3.396039603960396,0.49504950495049505,1.693069306930693,8.07920792079208,6.801980198019802,8.877002315616178,6.2772277227722775,0.0,6.2772277227722775,0.42574257425742573,0.039603960396039604,34,16,4,0,0,2,0.3366,0.1584,0.0396,0.0,0.0,71.31,28.69,Aggressive
Dole Trophy 2025,?,2025.07.20,"Van Foreest, Jorden","Hagner, Bennet",1/2-1/2,,145,0.0,0.8620689655172413,0.9793103448275862,0.296551724137931,1.0413793103448277,0.7034482758620689,2.406896551724138,8.427586206896551,7.958620689655173,9.221723659482283,6.268965517241379,0.12413793103448276,6.268965517241379,0.07586206896551724,0.0,30,26,6,0,0,2,0.2069,0.1793,0.0414,0.0,0.0,70.91,29.09,Aggressive
Dole Trophy 2025,?,2025.07.22,"Van Foreest, Jorden","Cieslak, Patryk",1/2-1/2,,59,0.0,0.5254237288135594,0.3050847457627119,3.152542372881356,0.8135593220338984,0.5254237288135594,2.694915254237288,9.966101694915254,9.101694915254237,12.886049966982172,9.864406779661017,0.0,9.864406779661017,0.1864406779661017,0.13559322033898305,22,14,2,0,0,0,0.3729,0.2373,0.0339,0.0,0.0,55.5,44.5,Aggressive
Dole Trophy 2025,?,2025.07.26,"Van Foreest, Jorden","Tiglon, Bryce",1/2-1/2,,91,0.0,0.6923076923076923,0.38461538461538464,0.7912087912087912,4.417582417582418,0.5604395604395604,2.5054945054945055,9.428571428571429,8.626373626373626,10.217242190044386,7.3076923076923075,0.04395604395604396,7.3076923076923075,0.2857142857142857,0.04395604395604396,26,20,6,0,0,2,0.2857,0.2198,0.0659,0.0,0.0,66.26,33.74,Aggressive
QB CGM Masters,?,2025.08.08,"Van Foreest, Jorden",Erigaisi Arjun,1/2-1/2,,84,0.0,0.7023809523809523,0.2619047619047619,0.2857142857142857,3.130952380952381,0.44047619047619047,2.5714285714285716,9.30952380952381,7.142857142857143,11.350237097558528,8.404761904761905,0.05952380952380952,8.404761904761905,0.47619047619047616,0.0,32,20,4,0,0,2,0.381,0.2381,0.0476,0.0,0.0,67.08,32.92,Aggressive
QB CGM Masters,?,2025.08.13,"Van Foreest, Jorden","Pranav, V",1/2-1/2,,195,0.0,1.3897435897435897,0.5897435897435898,7.62051282051282,0.3230769230769231,0.8923076923076924,2.169230769230769,8.497435897435897,11.246153846153845,8.428250908635526,5.256410256410256,0.0,5.256410256410256,0.06153846153846154,0.6358974358974359,28,18,10,0,0,2,0.1436,0.0923,0.0513,0.0,0.0,71.23,28.77,Aggressive
Open,?,2025.09.05,"Van Foreest, Jorden","Santos Latasa, Jaime",1/2-1/2,,66,0.0,0.3787878787878788,0.19696969696969696,2.0757575757575757,0.8636363636363636,0.3787878787878788,2.696969696969697,9.893939393939394,7.848484848484849,13.490349885804427,10.030303030303031,0.0,10.030303030303031,0.3181818181818182,0.16666666666666666,20,14,2,0,0,2,0.303,0.2121,0.0303,0.0,0.0,54.11,45.89,Aggressive
Open Swiss,?,2025.12.29,"Van Foreest, Jorden","Yu, Yangyi",0-1,,47,0.0,0.5531914893617021,0.1276595744680851,1.9787234042553192,0.6808510638297872,0.5531914893617021,3.4468085106382977,10.72340425531915,8.0,14.942245461394398,12.085106382978724,0.0,12.085106382978724,0.574468085106383,0.3191489361702128,8,8,2,0,0,0,0.1702,0.1702,0.0426,0.0,0.0,34.98,65.02,Positional
Open Swiss,?,2025.12.30,"Van Foreest, Jorden","Ponomariov, Ruslan",0-1,,107,0.0,1.1121495327102804,0.3644859813084112,2.121495327102804,1.6542056074766356,0.7476635514018691,2.878504672897196,9.616822429906541,8.934579439252337,11.545872974377648,8.271028037383177,0.0,8.271028037383177,0.2803738317757009,0.09345794392523364,14,22,8,0,0,4,0.1308,0.2056,0.0748,0.0,0.0,59.84,40.16,Aggressive
,Barcelona (Spain),1935.??.??,Capablanca Jose Raul (CUB),Llusa,1-0,D30,43,0.0,0.6976744186046512,0.20930232558139536,1.8837209302325582,0.06976744186046512,0.6976744186046512,2.7209302325581395,10.30232558139535,7.4186046511627906,14.557727479239105,12.13953488372093,0.11627906976744186,12.13953488372093,0.3023255813953488,0.023255813953488372,10,12,2,0,0,2,0.2326,0.2791,0.0465,0.0,0.0,41.94,58.06,Positional
,Barcelona (Spain),1935.??.??,Capablanca Jose Raul (CUB),Ribera Arnal Angel,1-0,B17,41,0.0,0.43902439024390244,0.0,2.4878048780487805,0.14634146341463414,0.43902439024390244,2.4390243902439024,9.390243902439025,6.780487804878049,14.25604882921956,11.804878048780488,0.04878048780487805,11.804878048780488,0.17073170731707318,0.0975609756097561,6,10,0,0,0,0,0.1463,0.2439,0.0,0.0,0.0,33.58,66.42,Positional
,Barcelona (Spain),1935.??.??,Capablanca Jose Raul (CUB),Vilaro,1-0,D02,99,0.0,1.0909090909090908,0.13131313131313133,0.8585858585858586,1.696969696969697,0.7171717171717171,2.676767676767677,9.868686868686869,8.070707070707071,11.433611786642086,9.06060606060606,0.25252525252525254,9.06060606060606,0.40404040404040403,0.0,26,14,4,0,0,2,0.2626,0.1414,0.0404,0.0,0.0,60.96,39.04,Aggressive
,Leningrad (Russia),1935.??.??,Capablanca Jose Raul (CUB),Ravinsky Grigory (RUS),1-0,E16,167,0.0,0.9101796407185628,0.17365269461077845,0.7844311377245509,0.1497005988023952,0.2215568862275449,2.1317365269461077,8.275449101796408,6.041916167664671,11.545189690548975,9.520958083832335,0.08982035928143713,9.520958083832335,0.023952095808383235,0.0,26,30,4,0,0,2,0.1557,0.1796,0.024,0.0,0.0,67.05,32.95,Aggressive
,Madrid (Spain),1935.??.??,Capablanca Jose Raul (CUB),Ribera Arnal Angel,1-0,C00,51,0.0,0.47058823529411764,0.0,1.0196078431372548,2.2941176470588234,0.47058823529411764,2.843137254901961,10.03921568627451,8.803921568627452,14.494724882960176,11.666666666666666,0.0784313725490196,11.666666666666666,0.2549019607843137,0.0,16,12,4,0,0,0,0.3137,0.2353,0.0784,0.0,0.0,48.53,51.47,Positional
,Manchester (England),1935.??.??,Capablanca Jose Raul (CUB),Davidson,1-0,D15,75,0.0,0.5066666666666667,0.18666666666666668,4.266666666666667,1.12,0.49333333333333335,3.066666666666667,10.533333333333333,9.24,14.069287675287672,10.693333333333333,0.05333333333333334,10.693333333333333,0.6266666666666667,0.17333333333333334,18,14,4,0,0,0,0.24,0.1867,0.0533,0.0,0.0,52.76,47.24,Aggressive
,Manresa (Spain),1935.??.??,Capablanca Jose Raul (CUB),Claret Tournier JL,1-0,C78,77,0.0,0.5324675324675324,0.12987012987012986,0.974025974025974,1.3636363636363635,0.5324675324675324,2.5324675324675323,8.7012987012987,7.3896103896103895,12.737236789184838,9.545454545454545,0.05194805194805195,9.545454545454545,0.2597402597402597,0.1038961038961039,30,20,8,0,0,2,0.3896,0.2597,0.1039,0.0,0.0,66.05,33.95,Aggressive
It,Margate (England),1935.??.??,Capablanca Jose Raul (CUB),Mieses Jacques (GER),1-0,D46,69,0.0,0.7101449275362319,0.13043478260869565,1.289855072463768,1.2753623188405796,0.7101449275362319,2.782608695652174,10.159420289855072,8.159420289855072,12.349705729053559,9.63768115942029,0.0,9.63768115942029,0.36231884057971014,0.028985507246376812,14,14,6,0,0,4,0.2029,0.2029,0.087,0.0,0.0,53.25,46.75,Aggressive
It,Margate (England),1935.??.??,Capablanca Jose Raul (CUB),Milner Barry Philip S (ENG),1-0,C78,35,0.0,0.3142857142857143,0.0,1.0857142857142856,0.2571428571428571,0.3142857142857143,2.5714285714285716,9.571428571428571,7.0,14.618566195709057,12.257142857142858,0.02857142857142857,12.257142857142858,0.0,0.0,14,8,6,0,0,2,0.4,0.2286,0.1714,0.0,0.0,46.3,53.7,Positional
It,Margate (England),1936.??.??,Flohr Salomon M (CZE),Capablanca Jose Raul (CUB),1/2-1/2,D36,60,0.0,0.38333333333333336,0.0,0.35,1.4,0.3,2.933333333333333,9.716666666666667,6.85,13.439231694231696,10.766666666666667,0.03333333333333333,10.766666666666667,0.2,0.0,24,12,2,0,0,2,0.4,0.2,0.0333,0.0,0.0,55.38,44.62,Aggressive
It,Margate (England),1936.??.??,Stahlberg Gideon (SWE),Capablanca Jose Raul (CUB),1/2-1/2,D66,60,0.0,0.5166666666666667,0.05,2.2333333333333334,1.0166666666666666,0.5166666666666667,3.283333333333333,10.933333333333334,8.6,14.550417730417735,11.483333333333333,0.016666666666666666,11.483333333333333,0.36666666666666664,0.2833333333333333,10,10,2,0,0,0,0.1667,0.1667,0.0333,0.0,0.0,39.61,60.39,Positional
It,Margate (England),1936.??.??,Tylor Theodore (ENG),Capablanca Jose Raul (CUB),1/2-1/2,D13,59,0.0,0.4745762711864407,0.0,1.6779661016949152,0.711864406779661,0.4745762711864407,2.864406779661017,10.372881355932204,7.5423728813559325,14.012122623139573,11.220338983050848,0.06779661016949153,11.220338983050848,0.3389830508474576,0.23728813559322035,18,14,0,0,0,0,0.3051,0.2373,0.0,0.0,0.0,49.1,50.9,Positional
It,Moscow (Russia),1936.??.??,Eliskases Erich G (AUT),Capablanca Jose Raul (CUB),1/2-1/2,D64,62,0.0,0.1774193548387097,0.06451612903225806,1.6129032258064515,0.7903225806451613,0.1774193548387097,2.870967741935484,9.82258064516129,6.629032258064516,13.696548702193862,10.806451612903226,0.0,10.806451612903226,0.3548387096774194,0.06451612903225806,20,16,0,0,0,0,0.3226,0.2581,0.0,0.0,0.0,52.58,47.42,Aggressive
It,Moscow (Russia),1936.??.??,Flohr Salomon M (CZE),Capablanca Jose Raul (CUB),1/2-1/2,D58,90,0.0,0.9666666666666667,0.08888888888888889,1.7555555555555555,2.1777777777777776,0.6111111111111112,2.477777777777778,10.133333333333333,8.477777777777778,12.137425383258718,9.066666666666666,0.03333333333333333,9.066666666666666,0.4222222222222222,0.022222222222222223,24,12,8,0,0,4,0.2667,0.1333,0.0889,0.0,0.0,61.31,38.69,Aggressive
It,Moscow (Russia),1936.??.??,Levenfish Grigori Y (RUS),Capablanca Jose Raul (CUB),1/2-1/2,D59,65,0.0,0.09230769230769231,0.0,1.6153846153846154,0.27692307692307694,0.09230769230769231,2.5384615384615383,10.138461538461538,7.6923076923076925,13.988959886267576,10.923076923076923,0.0,10.923076923076923,0.2923076923076923,0.15384615384615385,24,16,4,0,0,4,0.3692,0.2462,0.0615,0.0,0.0,57.61,42.39,Aggressive
It,Moscow (Russia),1936.??.??,Lilienthal Andor (HUN),Capablanca Jose Raul (CUB),1/2-1/2,C49,41,0.0,0.0,0.0,0.34146341463414637,0.5853658536585366,0.0,3.4146341463414633,10.195121951219512,6.804878048780488,14.45781901025803,12.292682926829269,0.0,12.292682926829269,0.14634146341463414,0.024390243902439025,16,8,6,0,0,0,0.3902,0.1951,0.1463,0.0,0.0,45.99,54.01,Positional
It,Moscow (Russia),1936.??.??,Ragozin Viacheslav V (RUS),Capablanca Jose Raul (CUB),1/2-1/2,D47,114,0.0,0.956140350877193,0.03508771929824561,4.982456140350878,0.5350877192982456,0.7982456140350878,2.9649122807017543,10.06140350877193,9.973684210526315,11.011348763322449,8.228070175438596,0.19298245614035087,8.228070175438596,0.10526315789473684,0.23684210526315788,24,18,4,0,0,0,0.2105,0.1579,0.0351,0.0,0.0,61.72,38.28,Aggressive
It,Nottingham (England),1936.??.??,Fine Reuben (USA),Capablanca Jose Raul (CUB),1/2-1/2,D19,40,0.0,0.025,0.0,0.6,0.075,0.025,2.625,9.25,5.55,13.920551809301804,11.375,0.0,11.375,0.0,0.0,16,12,2,0,0,2,0.4,0.3,0.05,0.0,0.0,48.39,51.61,Positional
It,Nottingham (England),1936.??.??,Lasker Emanuel (GER),Capablanca Jose Raul (CUB),1/2-1/2,D19,38,0.0,0.2631578947368421,0.0,0.9210526315789473,0.02631578947368421,0.2631578947368421,2.8157894736842106,9.842105263157896,6.684210526315789,14.749339695392328,12.105263157894736,0.10526315789473684,12.105263157894736,0.0,0.0,10,8,0,0,0,0,0.2632,0.2105,0.0,0.0,0.0,34.61,65.39,Positional
It,Nottingham (England),1936.??.??,Tartakower Savielly (FRA),Capablanca Jose Raul (CUB),1/2-1/2,D03,37,0.0,0.4594594594594595,0.0,1.945945945945946,0.21621621621621623,0.4594594594594595,2.8378378378378377,10.216216216216216,6.72972972972973,15.446478746478745,12.675675675675675,0.0,12.675675675675675,0.05405405405405406,0.0,12,6,0,0,0,0,0.3243,0.1622,0.0,0.0,0.0,36.55,63.45,Positional
It,Nottingham (England),1936.??.??,Winter William (ENG),Capablanca Jose Raul (CUB),0-1,A47,74,0.0,0.6486486486486487,0.0,2.472972972972973,3.22972972972973,0.6081081081081081,2.554054054054054,9.945945945945946,9.216216216216216,12.925133237633236,10.121621621621621,0.0,10.121621621621621,0.32432432432432434,0.3108108108108108,12,14,2,0,0,0,0.1622,0.1892,0.027,0.0,0.0,48.14,51.86,Positional
Margate,Margate ENG,1936.04.24,George Alan Thomas,Jose Raul Capablanca,0-1,D63,66,0.0,0.24242424242424243,0.0,1.6515151515151516,1.8636363636363635,0.24242424242424243,2.8333333333333335,10.333333333333334,8.227272727272727,14.248948189857275,11.318181818181818,0.030303030303030304,11.318181818181818,0.4090909090909091,0.0,22,14,4,0,0,0,0.3333,0.2121,0.0606,0.0,0.0,54.4,45.6,Aggressive
Moscow,Moscow URS,1936.05.18,Grigory Levenfish,Jose Raul Capablanca,1/2-1/2,D37,65,0.0,0.09230769230769231,0.0,1.6153846153846154,0.27692307692307694,0.09230769230769231,2.5384615384615383,10.138461538461538,7.769230769230769,13.991304208611897,10.907692307692308,0.0,10.907692307692308,0.2923076923076923,0.15384615384615385,24,16,4,0,0,4,0.3692,0.2462,0.0615,0.0,0.0,57.58,42.42,Aggressive
Moscow,Moscow URS,1936.05.27,Ilia Abramovich Kan,Jose Raul Capablanca,0-1,C25,112,0.0,1.2767857142857142,0.05357142857142857,0.15178571428571427,3.3660714285714284,0.39285714285714285,2.8392857142857144,9.330357142857142,7.544642857142857,9.51903614738436,7.151785714285714,0.0,7.151785714285714,0.10714285714285714,0.0,30,22,8,0,0,2,0.2679,0.1964,0.0714,0.0,0.0,69.89,30.11,Aggressive
Nottingham,Nottingham ENG,1936.08.24,William Winter,Jose Raul Capablanca,0-1,A47,74,0.0,0.6351351351351351,0.0,2.445945945945946,3.1621621621621623,0.5945945945945946,2.554054054054054,9.95945945945946,9.175675675675675,12.989322426822426,10.135135135135135,0.0,10.135135135135135,0.32432432432432434,0.3108108108108108,12,14,2,0,0,0,0.1622,0.1892,0.027,0.0,0.0,48.04,51.96,Positional
Masters,?,2025.01.19,"Caruana, Fabiano","Van Foreest, Jorden",1-0,,67,0.0,0.14925373134328357,0.0,1.044776119402985,2.1492537313432836,0.14925373134328357,2.9402985074626864,9.805970149253731,7.985074626865671,13.526540623555544,10.597014925373134,0.0,10.597014925373134,0.43283582089552236,0.07462686567164178,24,14,6,0,0,2,0.3582,0.209,0.0896,0.0,0.0,58.08,41.92,Aggressive
Play-In | Swiss,?,2025.02.17,"Mendonca, Leon Luke","Van Foreest, Jorden",1-0,,111,0.0,0.9279279279279279,0.4954954954954955,0.3963963963963964,3.2972972972972974,0.7477477477477478,2.4324324324324325,9.036036036036036,8.45045045045045,11.529578304578306,8.054054054054054,0.02702702702702703,8.054054054054054,0.5495495495495496,0.0,38,20,6,0,0,2,0.3423,0.1802,0.0541,0.0,0.0,69.97,30.03,Aggressive
Play-In | Swiss,?,2025.02.17,"Murzin, Volodar","Van Foreest, Jorden",1-0,,91,0.0,0.8901098901098901,0.18681318681318682,3.8241758241758244,0.15384615384615385,0.8461538461538461,2.967032967032967,10.659340659340659,10.406593406593407,12.95660737309089,10.054945054945055,0.37362637362637363,10.054945054945055,0.12087912087912088,0.2967032967032967,18,10,0,0,0,0,0.1978,0.1099,0.0,0.0,0.0,48.37,51.63,Positional
European Individual Championship,?,2025.03.25,"Erdogmus, Yagiz Kaan","Van Foreest, Jorden",1-0,,81,0.0,0.41975308641975306,0.0,3.3209876543209877,0.7530864197530864,0.41975308641975306,2.9135802469135803,10.209876543209877,9.419753086419753,14.051965147335514,11.012345679012345,0.1111111111111111,11.012345679012345,0.012345679012345678,0.04938271604938271,14,22,4,0,0,0,0.1728,0.2716,0.0494,0.0,0.0,52.58,47.42,Aggressive
Rapid,?,2025.06.12,"Nogerbek, Kazybek","Van Foreest, Jorden",1-0,,113,0.0,1.2743362831858407,0.8053097345132744,0.46017699115044247,1.823008849557522,0.7876106194690266,2.601769911504425,9.31858407079646,8.221238938053098,9.279774551898445,5.867256637168142,0.07079646017699115,5.867256637168142,0.2920353982300885,0.017699115044247787,30,28,10,0,0,2,0.2655,0.2478,0.0885,0.0,0.0,72.38,27.62,Aggressive
Rapid,?,2025.06.12,"Mamedyarov, Shakhriyar","Van Foreest, Jorden",1-0,,77,0.0,0.8181818181818182,0.025974025974025976,4.064935064935065,3.2467532467532467,0.7272727272727273,3.0259740259740258,10.376623376623376,11.818181818181818,12.843933988089837,9.688311688311689,0.0,9.688311688311689,0.2727272727272727,0.3246753246753247,12,22,4,0,0,2,0.1558,0.2857,0.0519,0.0,0.0,53.73,46.27,Aggressive
QB CGM Masters,?,2025.08.09,"Liang, Awonder","Van Foreest, Jorden",1-0,,67,0.0,0.8656716417910447,0.5970149253731343,0.2835820895522388,0.8507462686567164,0.835820895522388,2.5970149253731343,9.82089552238806,7.731343283582089,11.801781261855888,9.253731343283581,0.08955223880597014,9.253731343283581,0.4626865671641791,0.029850746268656716,12,14,6,0,0,2,0.1791,0.209,0.0896,0.0,0.0,51.27,48.73,Aggressive
QB CGM Masters,?,2025.08.10,"Karthikeyan, Murali","Van Foreest, Jorden",1-0,,91,0.0,0.8791208791208791,0.5604395604395604,0.10989010989010989,1.3626373626373627,0.5934065934065934,2.1868131868131866,8.824175824175825,8.692307692307692,10.58445455643258,7.923076923076923,0.2087912087912088,7.923076923076923,0.2857142857142857,0.02197802197802198,28,28,6,0,0,2,0.3077,0.3077,0.0659,0.0,0.0,68.06,31.94,Aggressive
Open,?,2025.09.13,"Giri, Anish","Van Foreest, Jorden",1-0,,105,0.0,0.7619047619047619,0.8,0.047619047619047616,0.26666666666666666,0.638095238095238,2.276190476190476,8.095238095238095,6.0285714285714285,8.762010793439368,6.304761904761905,0.02857142857142857,6.304761904761905,0.13333333333333333,0.009523809523809525,34,26,4,0,0,2,0.3238,0.2476,0.0381,0.0,0.0,73.14,26.86,Aggressive
Open,?,2025.09.14,"Van Foreest, Jorden","Sindarov, Javokhir",1/2-1/2,,80,0.0,0.325,0.3125,0.8875,1.1625,0.2375,2.975,9.95,7.1125,12.465775509213012,9.625,0.0,9.625,0.2875,0.0,20,10,4,0,0,2,0.25,0.125,0.05,0.0,0.0,53.9,46.1,Aggressive
German Bundesliga 2025/26,?,2025.09.27,"Van Foreest, Jorden","Klimkowski, Jan",1/2-1/2,,119,0.0,0.907563025210084,0.42857142857142855,1.5210084033613445,3.80672268907563,0.6470588235294118,2.53781512605042,10.0,9.428571428571429,11.812178974153763,8.6890756302521,0.12605042016806722,8.6890756302521,0.48739495798319327,0.0,30,24,4,0,0,2,0.2521,0.2017,0.0336,0.0,0.0,66.03,33.97,Aggressive
Open,?,2025.10.08,"Van Foreest, Jorden","Safarli, Eltaj",1/2-1/2,,102,0.0,0.8823529411764706,0.7549019607843137,0.30392156862745096,1.9411764705882353,0.5686274509803921,2.411764705882353,8.872549019607844,7.176470588235294,9.781273791567907,6.745098039215686,0.13725490196078433,6.745098039215686,0.4803921568627451,0.14705882352941177,38,24,6,0,0,2,0.3725,0.2353,0.0588,0.0,0.0,72.92,27.08,Aggressive
Open,?,2025.10.09,"Van Foreest, Jorden","Chigaev, Maksim",1/2-1/2,,147,0.0,1.2857142857142858,0.782312925170068,0.19727891156462585,3.0408163265306123,0.8503401360544217,2.673469387755102,9.414965986394558,8.435374149659864,10.03378103378104,6.714285714285714,0.027210884353741496,6.714285714285714,0.7687074829931972,0.0,26,26,6,0,0,2,0.1769,0.1769,0.0408,0.0,0.0,68.11,31.89,Aggressive
Open,?,2025.10.13,"Van Foreest, Jorden","Adams, Michael",1/2-1/2,,67,0.0,0.2537313432835821,0.0,1.0895522388059702,1.0298507462686568,0.2537313432835821,3.373134328358209,10.26865671641791,7.731343283582089,14.768748747106953,12.477611940298507,0.0,12.477611940298507,0.22388059701492538,0.05970149253731343,20,12,6,0,0,0,0.2985,0.1791,0.0896,0.0,0.0,51.65,48.35,Aggressive
Open,?,2025.10.14,"Van Foreest, Jorden","Svane, Rasmus",1/2-1/2,,88,0.0,0.4659090909090909,0.0,4.045454545454546,1.4431818181818181,0.4659090909090909,3.102272727272727,10.329545454545455,8.034090909090908,13.240704655193293,9.761363636363637,0.045454545454545456,9.761363636363637,0.17045454545454544,0.14772727272727273,16,16,2,0,0,0,0.1818,0.1818,0.0227,0.0,0.0,52.74,47.26,Aggressive
Open,?,2025.10.22,"Van Foreest, Jorden","Gorshtein, Ido",1/2-1/2,,132,0.0,0.7272727272727273,0.3333333333333333,3.6666666666666665,0.3106060606060606,0.5606060606060606,2.8333333333333335,10.575757575757576,10.159090909090908,12.108854277036102,9.159090909090908,0.015151515151515152,9.159090909090908,0.13636363636363635,0.15151515151515152,26,8,4,0,0,0,0.197,0.0606,0.0303,0.0,0.0,57.01,42.99,Aggressive
Open,?,2025.10.25,"Van Foreest, Jorden","Eljanov, Pavel",1/2-1/2,,117,0.0,0.9829059829059829,0.7264957264957265,0.10256410256410256,4.435897435897436,0.8461538461538461,2.0854700854700856,9.307692307692308,9.743589743589743,10.205323759810938,7.358974358974359,0.042735042735042736,7.358974358974359,0.4358974358974359,0.0,26,30,4,0,0,4,0.2222,0.2564,0.0342,0.0,0.0,68.14,31.86,Aggressive
FIDE World Cup 2025,?,2025.11.04,"Van Foreest, Jorden","Suleymenov, Alisher",1/2-1/2,,69,0.0,0.43478260869565216,0.18840579710144928,4.550724637681159,0.927536231884058,0.43478260869565216,2.8405797101449277,10.507246376811594,8.797101449275363,12.452613771092036,9.927536231884059,0.0,9.927536231884059,0.4057971014492754,0.13043478260869565,20,16,6,0,0,0,0.2899,0.2319,0.087,0.0,0.0,57.7,42.3,Aggressive
FIDE World Cup 2025,?,2025.11.07,"Sarana, Alexey","Van Foreest, Jorden",1-0,,181,0.0,0.281767955801105,0.23756906077348067,2.9060773480662982,2.25414364640884,0.27071823204419887,3.154696132596685,11.077348066298342,10.05524861878453,12.452241619644933,8.497237569060774,0.03314917127071823,8.497237569060774,0.5027624309392266,0.17679558011049723,30,16,4,0,0,0,0.1657,0.0884,0.0221,0.0,0.0,61.81,38.19,Aggressive
European Blitz Championship 2025,?,2025.11.30,"Van Foreest, Jorden","Santos Latasa, Jaime",1/2-1/2,,47,0.0,0.14893617021276595,0.06382978723404255,1.4680851063829787,1.8297872340425532,0.14893617021276595,2.8297872340425534,9.659574468085106,7.51063829787234,13.893920677431316,10.574468085106384,0.0,10.574468085106384,0.3829787234042553,0.2765957446808511,22,14,8,0,0,2,0.4681,0.2979,0.1702,0.0,0.0,58.1,41.9,Aggressive
Open,?,2025.12.27,"Van Foreest, Jorden","Zemlyanskii, Ivan",1/2-1/2,,114,0.0,0.9473684210526315,1.1491228070175439,0.6052631578947368,0.6491228070175439,0.6578947368421053,2.7017543859649122,8.850877192982455,6.912280701754386,9.707790406474617,7.2105263157894735,0.14912280701754385,7.2105263157894735,0.3684210526315789,0.07017543859649122,22,30,4,0,0,2,0.193,0.2632,0.0351,0.0,0.0,66.95,33.05,Aggressive
Open Swiss,?,2025.12.29,"Van Foreest, Jorden","Carlsen, Magnus",1/2-1/2,,70,0.0,0.2,0.07142857142857142,1.0,1.5571428571428572,0.2,2.585714285714286,9.1,7.742857142857143,13.083387683744832,10.014285714285714,0.1,10.014285714285714,0.35714285714285715,0.05714285714285714,26,20,4,0,0,2,0.3714,0.2857,0.0571,0.0,0.0,61.45,38.55,Aggressive
Open Swiss,?,2025.12.29,"Van Foreest, Jorden","Lu, Shanglei",1/2-1/2,,101,0.0,0.6435643564356436,0.7524752475247525,1.3267326732673268,0.31683168316831684,0.5148514851485149,2.4653465346534653,8.762376237623762,6.99009900990099,9.805801981297028,7.0,0.0594059405940594,7.0,0.15841584158415842,0.0297029702970297,26,30,4,0,0,2,0.2574,0.297,0.0396,0.0,0.0,69.08,30.92,Aggressive
Open Swiss,?,2025.12.30,"Van Foreest, Jorden",Pranesh M,1/2-1/2,,69,0.0,0.5217391304347826,0.0,1.144927536231884,0.6231884057971014,0.5217391304347826,3.2318840579710146,10.666666666666666,8.681159420289855,15.012862982428201,12.043478260869565,0.0,12.043478260869565,0.2898550724637681,0.3188405797101449,12,8,2,0,0,0,0.1739,0.1159,0.029,0.0,0.0,38.85,61.15,Positional
Open Swiss,?,2025.12.30,"Van Foreest, Jorden",Narayanan S L,1/2-1/2,,87,0.0,0.5747126436781609,0.14942528735632185,7.2988505747126435,0.8505747126436781,0.5747126436781609,2.954022988505747,10.149425287356323,12.045977011494253,12.483746904436563,9.528735632183908,0.0,9.528735632183908,0.27586206896551724,0.26436781609195403,18,14,8,0,0,0,0.2069,0.1609,0.092,0.0,0.0,56.93,43.07,Aggressive
German Bundesliga 2024/25,?,2025.01.11,"Efimenko, Zahar","Van Foreest, Jorden",0-1,,98,0.0,0.30612244897959184,0.40816326530612246,0.19387755102040816,1.3877551020408163,0.22448979591836735,3.061224489795918,10.23469387755102,8.10204081632653,11.419392512249654,8.785714285714286,0.08163265306122448,8.785714285714286,0.30612244897959184,0.04081632653061224,28,18,4,0,0,2,0.2857,0.1837,0.0408,0.0,0.0,62.25,37.75,Aggressive
Dutch Meesterklasse 2024-2025,?,2025.03.12,"Pijpers, Arthur","Van Foreest, Jorden",0-1,,66,0.0,0.6515151515151515,0.6060606060606061,0.21212121212121213,1.3636363636363635,0.3181818181818182,2.606060606060606,10.242424242424242,8.015151515151516,12.692174239901512,10.015151515151516,0.0,10.015151515151516,0.22727272727272727,0.0,24,16,6,0,0,2,0.3636,0.2424,0.0909,0.0,0.0,59.27,40.73,Aggressive
European Individual Championship,?,2025.03.15,"Goroshkov, Maksym","Van Foreest, Jorden",0-1,,63,0.0,0.47619047619047616,0.015873015873015872,1.2380952380952381,1.0476190476190477,0.47619047619047616,2.2698412698412698,8.936507936507937,7.888888888888889,12.25815621768003,9.698412698412698,0.12698412698412698,9.698412698412698,0.06349206349206349,0.015873015873015872,26,20,4,0,0,2,0.4127,0.3175,0.0635,0.0,0.0,62.49,37.51,Aggressive
European Individual Championship,?,2025.03.17,"Vogel, Roven","Van Foreest, Jorden",0-1,,94,0.0,0.6170212765957447,0.6914893617021277,0.26595744680851063,2.74468085106383,0.5957446808510638,2.3297872340425534,9.170212765957446,7.26595744680851,10.360454557263067,7.329787234042553,0.0,7.329787234042553,0.2553191489361702,0.0,32,26,6,0,0,2,0.3404,0.2766,0.0638,0.0,0.0,70.55,29.45,Aggressive
European Individual Championship,?,2025.03.20,"Horvath, Dominik","Van Foreest, Jorden",0-1,,88,0.0,0.8068181818181818,0.9204545454545454,0.07954545454545454,2.5113636363636362,0.6136363636363636,2.272727272727273,8.988636363636363,7.670454545454546,9.124736027861024,6.0,0.0,6.0,0.3409090909090909,0.011363636363636364,28,24,0,0,0,0,0.3182,0.2727,0.0,0.0,0.0,67.53,32.47,Aggressive
European Individual Championship,?,2025.03.23,"Kozak, Adam","Van Foreest, Jorden",0-1,,64,0.0,0.5,0.0,3.3125,2.0625,0.5,2.375,11.21875,10.765625,14.210416926823179,11.265625,0.171875,11.265625,0.46875,0.015625,10,16,2,0,0,0,0.1562,0.25,0.0312,0.0,0.0,44.47,55.53,Positional
German Bundesliga 2024/25,?,2025.04.26,"Polak, Tomas","Van Foreest, Jorden",0-1,,70,0.0,0.1,0.0,1.0142857142857142,1.042857142857143,0.07142857142857142,2.6714285714285713,9.485714285714286,7.557142857142857,14.131568669425818,11.8,0.014285714285714285,11.8,0.07142857142857142,0.0,16,16,2,0,0,2,0.2286,0.2286,0.0286,0.0,0.0,49.84,50.16,Positional
Pool B,?,2025.05.28,"Decuigniere, Tom","Van Foreest, Jorden",0-1,,84,0.0,0.75,0.0,3.4642857142857144,0.9761904761904762,0.5952380952380952,3.0833333333333335,10.833333333333334,9.988095238095237,13.028100570064856,10.30952380952381,0.20238095238095238,10.30952380952381,0.0,0.07142857142857142,16,10,4,0,0,2,0.1905,0.119,0.0476,0.0,0.0,49.97,50.03,Positional
High,?,2025.06.01,"Puranik, Abhimanyu","Van Foreest, Jorden",0-1,,92,0.0,0.8369565217391305,0.6195652173913043,0.5,3.097826086956522,0.5978260869565217,2.597826086956522,9.880434782608695,8.98913043478261,10.536260870771741,7.141304347826087,0.010869565217391304,7.141304347826087,0.5869565217391305,0.0,26,26,4,0,0,2,0.2826,0.2826,0.0435,0.0,0.0,66.21,33.79,Aggressive
Rapid,?,2025.06.11,"Bjerre, Jonas Buhl","Van Foreest, Jorden",0-1,,154,0.0,0.8701298701298701,0.7402597402597403,0.15584415584415584,2.116883116883117,0.7012987012987013,3.0974025974025974,9.142857142857142,7.824675324675325,10.46423221439455,7.571428571428571,0.05844155844155844,7.571428571428571,0.4805194805194805,0.0,28,28,8,0,0,2,0.1818,0.1818,0.0519,0.0,0.0,69.07,30.93,Aggressive
Rapid,?,2025.06.13,"Navara, David","Van Foreest, Jorden",0-1,,108,0.0,0.8148148148148148,0.4074074074074074,6.731481481481482,0.25925925925925924,0.8148148148148148,2.5,9.435185185185185,11.11111111111111,11.188375744625743,7.62037037037037,0.0,7.62037037037037,0.1388888888888889,0.3333333333333333,32,22,8,0,0,2,0.2963,0.2037,0.0741,0.0,0.0,68.91,31.09,Aggressive
Blitz | Pool A,?,2025.06.14,"Ahmad, Khagan","Van Foreest, Jorden",0-1,,126,0.0,0.6031746031746031,0.753968253968254,0.8253968253968254,4.063492063492063,0.30158730158730157,2.134920634920635,7.253968253968254,8.706349206349206,8.771157832467354,5.626984126984127,0.0,5.626984126984127,0.42857142857142855,0.0,28,34,8,0,0,4,0.2222,0.2698,0.0635,0.0,0.0,74.43,25.57,Aggressive
Blitz | Pool A,?,2025.06.14,"Rusu, Lucas","Van Foreest, Jorden",0-1,,162,0.0,0.8950617283950617,0.6049382716049383,5.87037037037037,0.5185185185185185,0.5740740740740741,2.54320987654321,9.530864197530864,10.395061728395062,9.672512518345851,6.851851851851852,0.0,6.851851851851852,0.037037037037037035,0.12345679012345678,28,26,0,0,0,0,0.1728,0.1605,0.0,0.0,0.0,66.78,33.22,Aggressive
Blitz | Pool A,?,2025.06.14,"Ragnarsson, Dagur","Van Foreest, Jorden",0-1,,56,0.0,0.35714285714285715,0.0,0.14285714285714285,0.6964285714285714,0.3392857142857143,3.0535714285714284,9.946428571428571,7.392857142857143,13.310459332334329,10.875,0.16071428571428573,10.875,0.6071428571428571,0.03571428571428571,20,18,6,0,0,2,0.3571,0.3214,0.1071,0.0,0.0,56.29,43.71,Aggressive
Blitz | Pool A,?,2025.06.14,"Zhao, George","Van Foreest, Jorden",0-1,,44,0.0,0.36363636363636365,0.0,1.5454545454545454,0.18181818181818182,0.36363636363636365,2.6363636363636362,9.568181818181818,7.363636363636363,14.949878530560348,12.25,0.045454545454545456,12.25,0.11363636363636363,0.06818181818181818,14,12,8,0,0,2,0.3182,0.2727,0.1818,0.0,0.0,49.8,50.2,Positional
Blitz | Pool A,?,2025.06.14,"Yatskar, Martin","Van Foreest, Jorden",0-1,,72,0.0,0.875,0.0,3.875,0.8888888888888888,0.8472222222222222,3.0694444444444446,10.63888888888889,9.555555555555555,13.049622869414538,9.88888888888889,0.20833333333333334,9.88888888888889,0.375,0.125,22,16,2,0,0,0,0.3056,0.2222,0.0278,0.0,0.0,56.12,43.88,Aggressive
Open,?,2025.07.08,"Beerdsen, Thomas","Van Foreest, Jorden",0-1,,76,0.0,0.40789473684210525,0.0,2.0,0.5657894736842105,0.40789473684210525,3.1315789473684212,10.052631578947368,8.197368421052632,13.371866802787855,10.289473684210526,0.21052631578947367,10.289473684210526,0.11842105263157894,0.02631578947368421,24,12,2,0,0,0,0.3158,0.1579,0.0263,0.0,0.0,54.8,45.2,Aggressive
Open,?,2025.07.10,"Vrolijk, Liam","Van Foreest, Jorden",0-1,,76,0.0,0.4868421052631579,0.10526315789473684,3.1842105263157894,0.2894736842105263,0.19736842105263158,3.1184210526315788,10.842105263157896,8.697368421052632,12.333739506107932,9.842105263157896,0.0,9.842105263157896,0.19736842105263158,0.0,26,10,4,0,0,0,0.3421,0.1316,0.0526,0.0,0.0,57.13,42.87,Aggressive
Dole Trophy 2025,?,2025.07.19,"Povshednyi, Ivan","Van Foreest, Jorden",0-1,,66,0.0,0.5303030303030303,0.0,1.5303030303030303,0.8333333333333334,0.5303030303030303,3.1818181818181817,10.93939393939394,7.757575757575758,14.873247459611095,12.348484848484848,0.3181818181818182,12.348484848484848,0.15151515151515152,0.0,14,4,0,0,0,0,0.2121,0.0606,0.0,0.0,0.0,37.16,62.84,Positional
Dole Trophy 2025,?,2025.07.23,Samant Aditya S,"Van Foreest, Jorden",0-1,,122,0.0,0.8032786885245902,0.1557377049180328,6.065573770491803,0.2540983606557377,0.6639344262295082,2.6311475409836067,10.467213114754099,10.98360655737705,11.27822844277762,8.032786885245901,0.11475409836065574,8.032786885245901,0.14754098360655737,0.22131147540983606,26,18,10,0,0,2,0.2131,0.1475,0.082,0.0,0.0,65.11,34.89,Aggressive
FIDE World Cup 2025,?,2025.11.09,"Sarana, Alexey","Van Foreest, Jorden",1-0,,165,0.0,1.2121212121212122,0.9151515151515152,0.20606060606060606,2.9515151515151516,0.9636363636363636,2.6666666666666665,9.078787878787878,9.030303030303031,9.43485479167298,6.4,0.10303030303030303,6.4,0.6,0.024242424242424242,34,18,2,0,0,2,0.2061,0.1091,0.0121,0.0,0.0,68.51,31.49,Aggressive
European Rapid Championship 2025,?,2025.11.29,"Bacrot, Alexandre","Van Foreest, Jorden",1-0,,87,0.0,0.632183908045977,0.08045977011494253,2.264367816091954,0.5172413793103449,0.3103448275862069,2.9770114942528734,9.586206896551724,8.35632183908046,11.68838026596647,9.183908045977011,0.20689655172413793,9.183908045977011,0.11494252873563218,0.2413793103448276,34,16,6,0,0,0,0.3908,0.1839,0.069,0.0,0.0,65.48,34.52,Aggressive
European Blitz Championship 2025,?,2025.11.30,"Saric, Ante","Van Foreest, Jorden",1-0,,97,0.0,0.5979381443298969,0.20618556701030927,0.7319587628865979,1.5154639175257731,0.4329896907216495,2.4948453608247423,8.45360824742268,6.804123711340206,10.602671669681976,7.979381443298969,0.05154639175257732,7.979381443298969,0.13402061855670103,0.0,28,28,8,0,0,2,0.2887,0.2887,0.0825,0.0,0.0,69.86,30.14,Aggressive
Open,?,2025.12.27,"Erdogmus, Yagiz Kaan","Van Foreest, Jorden",1-0,,84,0.0,1.0952380952380953,0.5833333333333334,6.059523809523809,0.9404761904761905,0.8690476190476191,2.5476190476190474,9.642857142857142,12.05952380952381,11.378229376443667,8.0,0.047619047619047616,8.0,0.32142857142857145,0.19047619047619047,18,26,4,2,2,2,0.2143,0.3095,0.0476,0.0238,0.0238,62.77,37.23,Aggressive
Open Swiss,?,2025.12.29,"Abdusattorov, Nodirbek","Van Foreest, Jorden",1-0,,109,0.0,0.963302752293578,0.8807339449541285,0.28440366972477066,0.8715596330275229,0.5321100917431193,2.293577981651376,8.220183486238533,7.467889908256881,8.264765255132223,5.935779816513762,0.009174311926605505,5.935779816513762,0.08256880733944955,0.0,28,34,4,0,0,2,0.2569,0.3119,0.0367,0.0,0.0,72.63,27.37,Aggressive
Chinese League 2025 Final,?,2026.01.13,"Lu, Miaoyi","Hou, Yifan",1-0,,79,0.0,0.7721518987341772,0.12658227848101267,2.329113924050633,4.658227848101266,0.6075949367088608,2.4683544303797467,10.265822784810126,10.063291139240507,12.275817150500696,9.30379746835443,0.0,9.30379746835443,0.43037974683544306,0.012658227848101266,20,10,2,0,0,0,0.2532,0.1266,0.0253,0.0,0.0,53.89,46.11,Aggressive
Challengers,?,2026.01.17,"Lu, Miaoyi","Warmerdam, Max",1-0,,101,0.0,0.7128712871287128,0.6534653465346535,4.415841584158416,3.514851485148515,0.6435643564356436,3.0495049504950495,10.524752475247524,10.366336633663366,12.070825186914295,8.178217821782178,0.21782178217821782,8.178217821782178,0.6435643564356436,0.25742574257425743,14,24,4,0,0,2,0.1386,0.2376,0.0396,0.0,0.0,57.94,42.06,Aggressive
Challengers,?,2026.01.27,"Lu, Miaoyi","Ivic, Velimir",1-0,,113,0.0,0.9557522123893806,0.2920353982300885,4.513274336283186,2.5309734513274336,0.831858407079646,2.663716814159292,10.106194690265486,11.646017699115044,12.087019642108137,8.08849557522124,0.3008849557522124,8.08849557522124,0.40707964601769914,0.17699115044247787,18,20,6,0,0,0,0.1593,0.177,0.0531,0.0,0.0,59.13,40.87,Aggressive
Chess Open,?,2026.04.04,"Lu, Miaoyi","Mundorf, Johannes",1-0,,71,0.0,0.6197183098591549,0.30985915492957744,4.070422535211268,0.30985915492957744,0.6056338028169014,2.7746478873239435,9.661971830985916,9.183098591549296,11.781376174686033,9.366197183098592,0.07042253521126761,9.366197183098592,0.14084507042253522,0.07042253521126761,24,12,2,0,0,0,0.338,0.169,0.0282,0.0,0.0,57.42,42.58,Aggressive
Chess Open,?,2026.04.05,"Lu, Miaoyi","Costa, Leonardo",1-0,,65,0.0,0.4,0.0,4.092307692307692,1.2307692307692308,0.4,2.876923076923077,11.153846153846153,10.461538461538462,13.358614590537677,10.430769230769231,0.015384615384615385,10.430769230769231,0.26153846153846155,0.26153846153846155,18,12,6,0,0,0,0.2769,0.1846,0.0923,0.0,0.0,52.65,47.35,Aggressive
4th Pafos International 2026,?,2026.04.13,"Lu, Miaoyi","Nemtsas, Hristoforos",1-0,,76,0.0,0.39473684210526316,0.0,0.5131578947368421,2.4473684210526314,0.39473684210526316,2.973684210526316,9.592105263157896,7.5394736842105265,12.958557670399772,10.355263157894736,0.013157894736842105,10.355263157894736,0.18421052631578946,0.0,20,14,10,0,0,6,0.2632,0.1842,0.1316,0.0,0.0,59.46,40.54,Aggressive
4th Pafos International 2026,?,2026.04.15,"Lu, Miaoyi","Sofronie, Vladimir",1-0,,67,0.0,0.7313432835820896,0.08955223880597014,2.626865671641791,2.08955223880597,0.7313432835820896,2.5671641791044775,9.208955223880597,9.223880597014926,12.290950011845531,9.0,0.0,9.0,0.23880597014925373,0.05970149253731343,22,18,6,0,0,2,0.3284,0.2687,0.0896,0.0,0.0,61.18,38.82,Aggressive
Baku Open - 2026,?,2026.04.29,"Lu, Miaoyi","Karimova, Guldona",1-0,,91,0.0,1.10989010989011,0.12087912087912088,0.31868131868131866,4.032967032967033,0.7252747252747253,2.340659340659341,9.406593406593407,9.153846153846153,11.306525708723507,8.54945054945055,0.0,8.54945054945055,0.37362637362637363,0.0,22,18,2,0,0,2,0.2418,0.1978,0.022,0.0,0.0,60.04,39.96,Aggressive
Bucharest Grand Prix 2026,?,2026.05.10,"Lu, Miaoyi","Busuioc, Stelian-Marian",1-0,,48,0.0,0.20833333333333334,0.0,0.25,0.125,0.1875,3.3125,10.479166666666666,6.333333333333333,15.89457417582417,13.666666666666666,0.0,13.666666666666666,0.020833333333333332,0.0,8,6,2,0,0,0,0.1667,0.125,0.0417,0.0,0.0,29.77,70.23,Positional
Women,?,2026.06.01,"Lu, Miaoyi","Khuslen, Erdenebayar",1-0,,123,0.0,0.975609756097561,0.2845528455284553,1.1626016260162602,1.2601626016260163,0.2845528455284553,2.1219512195121952,9.252032520325203,7.983739837398374,9.945210954357298,7.9105691056910565,0.0,7.9105691056910565,0.024390243902439025,0.0,26,18,6,0,0,4,0.2114,0.1463,0.0488,0.0,0.0,65.81,34.19,Aggressive
Rapid,?,2026.06.17,"Lu, Miaoyi","Mohd Afif, Ainul Mardhiah",1-0,,71,0.0,1.0140845070422535,0.7605633802816901,4.52112676056338,2.4788732394366195,1.0,2.436619718309859,9.535211267605634,11.309859154929578,10.921764503102528,7.816901408450704,0.0,7.816901408450704,0.30985915492957744,0.16901408450704225,18,18,4,0,0,2,0.2535,0.2535,0.0563,0.0,0.0,59.52,40.48,Aggressive
Rapid,?,2026.06.17,"Lu, Miaoyi","Goryachkina, Aleksandra",1-0,,169,0.0,1.319526627218935,0.9408284023668639,0.3609467455621302,2.1479289940828403,1.1775147928994083,2.1242603550295858,8.301775147928995,10.14792899408284,9.449778525222314,5.325443786982248,0.15976331360946747,5.325443786982248,0.3076923076923077,0.0,20,28,6,0,0,4,0.1183,0.1657,0.0355,0.0,0.0,67.63,32.37,Aggressive
Rapid,?,2026.06.17,"Lu, Miaoyi","Latifah, Laysa",1-0,,73,0.0,0.3287671232876712,0.0547945205479452,1.0547945205479452,0.4520547945205479,0.3287671232876712,2.9452054794520546,11.32876712328767,9.123287671232877,14.970738432039806,12.383561643835616,0.1643835616438356,12.383561643835616,0.0273972602739726,0.0547945205479452,16,10,2,0,0,2,0.2192,0.137,0.0274,0.0,0.0,44.1,55.9,Positional
Rapid,?,2026.06.18,"Lu, Miaoyi","Lagno, Kateryna",1-0,,81,0.0,0.6172839506172839,0.07407407407407407,3.1728395061728394,0.8641975308641975,0.6172839506172839,3.037037037037037,10.296296296296296,9.037037037037036,12.833958154328528,9.987654320987655,0.06172839506172839,9.987654320987655,0.24691358024691357,0.012345679012345678,20,8,4,0,0,2,0.2469,0.0988,0.0494,0.0,0.0,52.95,47.05,Aggressive
Blitz | Pool D,?,2026.06.20,"Lu, Miaoyi","Bayarmaa, Bayarjargal",1-0,,64,0.0,0.5625,0.078125,1.875,0.921875,0.359375,2.734375,10.0625,7.328125,13.993129049769673,11.3125,0.0,11.3125,0.140625,0.046875,20,16,2,0,0,2,0.3125,0.25,0.0312,0.0,0.0,54.09,45.91,Aggressive
Blitz | Pool D,?,2026.06.20,"Lu, Miaoyi","Wang, Xinran",1-0,,41,0.0,0.5121951219512195,0.0,2.1219512195121952,0.2926829268292683,0.5121951219512195,2.7804878048780486,10.317073170731707,8.365853658536585,14.070925009949397,11.365853658536585,0.2682926829268293,11.365853658536585,0.12195121951219512,0.0,16,10,4,0,0,2,0.3902,0.2439,0.0976,0.0,0.0,48.44,51.56,Positional
Rapid Tournament (RAP),?,2026.07.12,"Lu, Miaoyi","Arocha, Carlos",1-0,,61,0.0,0.6885245901639344,0.0,0.7540983606557377,1.278688524590164,0.6885245901639344,2.5245901639344264,10.540983606557377,7.770491803278689,14.400761442564722,11.688524590163935,0.0,11.688524590163935,0.11475409836065574,0.09836065573770492,16,6,2,0,0,2,0.2623,0.0984,0.0328,0.0,0.0,44.49,55.51,Positional
Rapid Tournament (RAP),?,2026.07.12,"Lu, Miaoyi","Haugner, Jan",1-0,,51,0.0,0.19607843137254902,0.0,1.4509803921568627,0.17647058823529413,0.19607843137254902,2.7254901960784315,10.117647058823529,7.392156862745098,15.128010878010878,12.627450980392156,0.0,12.627450980392156,0.0,0.0,6,12,2,0,0,0,0.1176,0.2353,0.0392,0.0,0.0,34.34,65.66,Positional
Rapid Tournament (RAP),?,2026.07.12,"Lu, Miaoyi","Hornung, Hans, Dr.",1-0,,59,0.0,0.6440677966101694,0.15254237288135594,3.457627118644068,1.4745762711864407,0.6440677966101694,2.7288135593220337,10.101694915254237,9.05084745762712,14.032968302883559,10.983050847457626,0.01694915254237288,10.983050847457626,0.4745762711864407,0.11864406779661017,16,14,2,0,0,0,0.2712,0.2373,0.0339,0.0,0.0,50.18,49.82,Aggressive
Rapid Tournament (RAP),?,2026.07.12,"Lu, Miaoyi","Fogo Esquivel, Levi Kalani Alexander",1-0,,133,0.0,1.0,0.48120300751879697,0.9624060150375939,3.1654135338345863,0.6917293233082706,2.406015037593985,9.263157894736842,8.654135338345865,9.3867223419855,6.857142857142857,0.12030075187969924,6.857142857142857,0.24812030075187969,0.022556390977443608,24,20,4,0,0,2,0.1805,0.1504,0.0301,0.0,0.0,65.31,34.69,Aggressive
Masters Tournament (MTO),?,2026.07.14,"Lu, Miaoyi",Vihaan Dumir,1-0,,73,0.0,1.0136986301369864,0.3424657534246575,2.6164383561643834,1.0410958904109588,0.7808219178082192,2.958904109589041,10.41095890410959,9.0,14.12103178404548,11.068493150684931,0.0,11.068493150684931,0.7123287671232876,0.0821917808219178,20,12,0,0,0,0,0.274,0.1644,0.0,0.0,0.0,50.39,49.61,Aggressive
Masters Tournament (MTO),?,2026.07.18,"Lu, Miaoyi","Fogo Esquivel, Levi Kalani Alexander",1-0,,79,0.0,0.8860759493670886,0.012658227848101266,4.506329113924051,2.1645569620253164,0.8860759493670886,2.5443037974683542,10.253164556962025,11.278481012658228,13.016664910335798,9.620253164556962,0.0,9.620253164556962,0.3037974683544304,0.3924050632911392,18,16,4,0,0,0,0.2278,0.2025,0.0506,0.0,0.0,55.23,44.77,Aggressive
Brasov A,?,2026.07.25,"Lu, Miaoyi","Balaban-Voia, Alexandru",1-0,,41,0.0,0.43902439024390244,0.1951219512195122,2.4878048780487805,1.0,0.43902439024390244,2.902439024390244,9.902439024390244,7.634146341463414,14.31350844277674,11.609756097560975,0.0,11.609756097560975,0.24390243902439024,0.21951219512195122,12,2,4,0,0,0,0.2927,0.0488,0.0976,0.0,0.0,39.44,60.56,Positional
Brasov A,?,2026.07.28,"Lu, Miaoyi","Uzdemir, Ali Poyraz",1-0,,113,0.0,1.4867256637168142,0.40707964601769914,0.8672566371681416,4.061946902654867,1.008849557522124,2.2212389380530975,8.79646017699115,9.831858407079647,9.487283954983068,6.123893805309734,0.13274336283185842,6.123893805309734,0.39823008849557523,0.05309734513274336,16,22,8,0,0,2,0.1416,0.1947,0.0708,0.0,0.0,64.17,35.83,Aggressive
Alba,?,2026.08.02,"Lu, Miaoyi","Balaban-Voia, Alexandru",1-0,,49,0.0,0.42857142857142855,0.0,4.1020408163265305,0.4897959183673469,0.42857142857142855,2.877551020408163,10.959183673469388,9.346938775510203,13.344113029827318,11.081632653061224,0.0,11.081632653061224,0.1836734693877551,0.24489795918367346,10,10,0,0,0,0,0.2041,0.2041,0.0,0.0,0.0,39.63,60.37,Positional
Chinese League 2025 Final,?,2026.01.09,"Lu, Miaoyi","Xiao, Yiyi",0-1,,114,0.0,1.0789473684210527,0.30701754385964913,3.5,0.9473684210526315,0.7894736842105263,2.517543859649123,9.701754385964913,7.885964912280702,11.015234254050046,8.43859649122807,0.10526315789473684,8.43859649122807,0.15789473684210525,0.08771929824561403,30,16,6,4,4,2,0.2632,0.1404,0.0526,0.0351,0.0351,68.28,31.72,Aggressive
Challengers,?,2026.01.19,"Lu, Miaoyi","Woodward, Andy",0-1,,116,0.0,0.8103448275862069,0.06896551724137931,4.586206896551724,0.49137931034482757,0.7844827586206896,2.8275862068965516,10.577586206896552,10.051724137931034,12.335904229869739,8.732758620689655,0.1896551724137931,8.732758620689655,0.19827586206896552,0.0603448275862069,24,14,2,0,0,0,0.2069,0.1207,0.0172,0.0,0.0,57.85,42.15,Aggressive
Challengers,?,2026.01.21,"Lu, Miaoyi","Oro, Faustino",0-1,,54,0.0,0.4074074074074074,0.0,1.5740740740740742,0.8333333333333334,0.4074074074074074,2.6296296296296298,10.203703703703704,7.7592592592592595,14.165259329148219,11.444444444444445,0.09259259259259259,11.444444444444445,0.3148148148148148,0.037037037037037035,12,6,4,0,0,2,0.2222,0.1111,0.0741,0.0,0.0,42.22,57.78,Positional
Challengers,?,2026.01.24,"Lu, Miaoyi","Ivanchuk, Vasyl",0-1,,116,0.0,0.8620689655172413,0.7586206896551724,0.6379310344827587,1.9137931034482758,0.47413793103448276,2.7586206896551726,9.974137931034482,8.836206896551724,10.822884897669375,8.25,0.07758620689655173,8.25,0.4482758620689655,0.0,32,16,6,0,0,2,0.2759,0.1379,0.0517,0.0,0.0,65.66,34.34,Aggressive
Challengers,?,2026.02.01,"Lu, Miaoyi","Yip, Carissa",0-1,,120,0.0,0.8333333333333334,0.0,6.491666666666666,1.9333333333333333,0.6416666666666667,2.575,10.425,11.366666666666667,11.167165635290637,7.825,0.016666666666666666,7.825,0.16666666666666666,0.1,20,20,2,0,0,2,0.1667,0.1667,0.0167,0.0,0.0,60.29,39.71,Aggressive
U16 Group A,?,2026.03.07,"Lu, Miaoyi","Movahed, Sina",0-1,,86,0.0,0.7906976744186046,0.3488372093023256,0.9534883720930233,2.7093023255813953,0.6511627906976745,2.7906976744186047,11.383720930232558,9.662790697674419,13.378790653790649,10.511627906976743,0.011627906976744186,10.511627906976743,1.0116279069767442,0.011627906976744186,24,14,4,0,0,0,0.2791,0.1628,0.0465,0.0,0.0,55.86,44.14,Aggressive
U16 Group A,?,2026.03.07,"Lu, Miaoyi","Erdogmus, Yagiz Kaan",0-1,,90,0.0,0.7333333333333333,0.3,0.5777777777777777,0.6666666666666666,0.4111111111111111,2.5555555555555554,9.333333333333334,7.833333333333333,9.885720976554312,7.522222222222222,0.011111111111111112,7.522222222222222,0.14444444444444443,0.022222222222222223,22,20,8,0,0,2,0.2444,0.2222,0.0889,0.0,0.0,64.37,35.63,Aggressive
U16 Group A,?,2026.03.07,"Lu, Miaoyi","Sklokin, Sergey",0-1,,64,0.0,0.59375,0.046875,3.15625,0.625,0.59375,2.890625,11.03125,10.5625,14.061347550019423,11.0,0.21875,11.0,0.3125,0.265625,16,12,6,0,0,0,0.25,0.1875,0.0938,0.0,0.0,49.78,50.22,Positional
U16 Group A,?,2026.03.07,"Lu, Miaoyi","Cieslak, Patryk",0-1,,114,0.0,0.7017543859649122,0.2543859649122807,4.649122807017544,0.18421052631578946,0.5964912280701754,2.3596491228070176,9.263157894736842,9.140350877192983,9.852021443468814,7.43859649122807,0.008771929824561403,7.43859649122807,0.14912280701754385,0.2807017543859649,30,24,8,0,0,2,0.2632,0.2105,0.0702,0.0,0.0,69.83,30.17,Aggressive
U16 Group A,?,2026.03.07,"Lu, Miaoyi","Tudor, Henry Edward",0-1,,80,0.0,0.6375,0.6125,1.825,2.4625,0.6375,2.2125,8.975,7.7875,11.309779942279942,8.15,0.0,8.15,0.2,0.075,28,20,6,0,0,2,0.35,0.25,0.075,0.0,0.0,66.7,33.3,Aggressive
Chess Open,?,2026.04.06,"Lu, Miaoyi","Suyarov, Mukhammadzokhid",0-1,,63,0.0,0.8095238095238095,0.047619047619047616,1.253968253968254,1.4126984126984128,0.7777777777777778,2.5873015873015874,10.126984126984127,8.285714285714286,12.949601588887298,10.11111111111111,0.031746031746031744,10.11111111111111,0.06349206349206349,0.0,20,20,6,0,0,2,0.3175,0.3175,0.0952,0.0,0.0,58.84,41.16,Aggressive
4th Pafos International 2026,?,2026.04.18,"Lu, Miaoyi",Harikrishnan.A.Ra,0-1,,100,0.0,1.07,0.79,0.19,0.93,0.73,2.46,9.02,7.13,9.370785769785773,6.68,0.01,6.68,0.23,0.04,36,22,4,0,0,4,0.36,0.22,0.04,0.0,0.0,71.7,28.3,Aggressive
Baku Open - 2026,?,2026.05.03,"Lu, Miaoyi","Sanal, Vahap",0-1,,69,0.0,0.2318840579710145,0.043478260869565216,1.318840579710145,0.9420289855072463,0.17391304347826086,2.9565217391304346,11.202898550724637,8.420289855072463,14.165826202782718,11.565217391304348,0.057971014492753624,11.565217391304348,0.08695652173913043,0.0,14,8,2,0,0,0,0.2029,0.1159,0.029,0.0,0.0,41.63,58.37,Positional
Bucharest Grand Prix 2026,?,2026.05.10,"Lu, Miaoyi","Mastrovasilis, Dimitrios",0-1,,54,0.0,0.7222222222222222,0.1111111111111111,2.462962962962963,0.9629629629629629,0.7222222222222222,2.6666666666666665,10.555555555555555,8.88888888888889,14.43308666642,11.574074074074074,0.09259259259259259,11.574074074074074,0.3888888888888889,0.07407407407407407,14,10,2,0,0,0,0.2593,0.1852,0.037,0.0,0.0,44.69,55.31,Positional
Women,?,2026.05.30,"Lu, Miaoyi","Imomkuzieva, Nilufarkhon",0-1,,60,0.0,0.9166666666666666,0.11666666666666667,4.116666666666666,2.1166666666666667,0.85,2.716666666666667,9.6,10.65,12.643560744810745,9.616666666666667,0.08333333333333333,9.616666666666667,0.15,0.0,16,14,4,0,0,0,0.2667,0.2333,0.0667,0.0,0.0,53.56,46.44,Aggressive
Rapid,?,2026.06.19,"Lu, Miaoyi","Tokhirjonova, Gulrukhbegim",0-1,,129,0.0,0.9534883720930233,0.5038759689922481,2.62015503875969,2.5193798449612403,0.6821705426356589,2.5271317829457365,9.224806201550388,8.891472868217054,10.695239471983658,7.534883720930233,0.046511627906976744,7.534883720930233,0.24806201550387597,0.24031007751937986,20,22,4,0,0,4,0.155,0.1705,0.031,0.0,0.0,63.27,36.73,Aggressive
Alba,?,2026.08.02,"Lu, Miaoyi","Szegedy, Matyas",1-0,,55,0.0,0.8727272727272727,0.0,3.727272727272727,0.7818181818181819,0.8727272727272727,2.581818181818182,10.345454545454546,10.945454545454545,13.618095540822816,10.836363636363636,0.16363636363636364,10.836363636363636,0.0,0.0,12,12,6,0,0,0,0.2182,0.2182,0.1091,0.0,0.0,48.02,51.98,Positional
Superleague,?,2026.08.04,"Lu, Miaoyi","Akat, Elifnaz",1-0,,97,0.0,0.6185567010309279,0.010309278350515464,1.9896907216494846,1.5463917525773196,0.5670103092783505,3.0309278350515463,10.505154639175258,9.041237113402062,13.786758688047348,11.412371134020619,0.1134020618556701,11.412371134020619,0.3402061855670103,0.13402061855670103,14,16,4,0,0,0,0.1443,0.1649,0.0412,0.0,0.0,49.34,50.66,Positional
Superleague,?,2026.08.09,"Lu, Miaoyi","Bassari, Senem Gul",1-0,,89,0.0,0.2808988764044944,0.0898876404494382,2.7865168539325844,1.8764044943820224,0.2808988764044944,2.752808988764045,10.02247191011236,7.943820224719101,12.513624671208945,10.01123595505618,0.0,10.01123595505618,0.10112359550561797,0.07865168539325842,20,14,6,0,0,4,0.2247,0.1573,0.0674,0.0,0.0,57.97,42.03,Aggressive
Women,?,2026.09.16,"Lu, Miaoyi","Mbatha, Constance",1-0,,73,0.0,0.5068493150684932,0.0,0.9863013698630136,1.7671232876712328,0.4794520547945205,2.9863013698630136,10.10958904109589,8.972602739726028,13.78932140918442,11.013698630136986,0.1506849315068493,11.013698630136986,0.2054794520547945,0.0,22,12,2,0,0,0,0.3014,0.1644,0.0274,0.0,0.0,52.36,47.64,Aggressive
Women,?,2026.09.19,"Lu, Miaoyi","Papp, Petra",1-0,,85,0.0,0.8588235294117647,0.15294117647058825,0.6705882352941176,2.2,0.7764705882352941,2.447058823529412,9.070588235294117,7.635294117647059,10.716402780226309,8.270588235294118,0.15294117647058825,8.270588235294118,0.21176470588235294,0.0,26,24,4,0,0,2,0.3059,0.2824,0.0471,0.0,0.0,65.88,34.12,Aggressive
Women,?,2026.09.23,"Lu, Miaoyi","Kamalidenova, Meruert",1-0,,77,0.0,0.4155844155844156,0.0,3.961038961038961,1.051948051948052,0.4155844155844156,2.7662337662337664,10.272727272727273,10.844155844155845,14.034792372130035,10.506493506493506,0.0,10.506493506493506,0.33766233766233766,0.2597402597402597,24,12,6,0,0,0,0.3117,0.1558,0.0779,0.0,0.0,56.4,43.6,Aggressive
Women,?,2026.09.25,"Lu, Miaoyi","Danielian, Elina",1-0,,73,0.0,0.3972602739726027,0.1917808219178082,1.6986301369863013,1.917808219178082,0.3835616438356164,2.9178082191780823,10.561643835616438,9.36986301369863,13.680765657477984,10.753424657534246,0.0,10.753424657534246,0.6986301369863014,0.0547945205479452,24,14,4,0,0,0,0.3288,0.1918,0.0548,0.0,0.0,55.81,44.19,Aggressive
Women,?,2026.09.26,"Lu, Miaoyi",Vantika Agrawal,1-0,,129,0.0,0.6976744186046512,0.2248062015503876,2.682170542635659,0.4806201550387597,0.27906976744186046,2.7209302325581395,10.03875968992248,9.069767441860465,11.722937850263433,9.2015503875969,0.06976744186046512,9.2015503875969,0.046511627906976744,0.0,30,18,2,0,0,2,0.2326,0.1395,0.0155,0.0,0.0,62.81,37.19,Aggressive
Women,?,2026.09.27,"Lu, Miaoyi",Luong Phuong Hanh,1-0,,103,0.0,1.0,0.5145631067961165,0.7669902912621359,1.7281553398058251,0.7669902912621359,2.941747572815534,9.20388349514563,7.300970873786408,11.347821676705173,8.466019417475728,0.05825242718446602,8.466019417475728,0.2621359223300971,0.0,22,20,4,0,0,2,0.2136,0.1942,0.0388,0.0,0.0,61.88,38.12,Aggressive
Chinese League 2025 Final,?,2026.01.09,"Xiao, Yiyi","Lu, Miaoyi",1-0,,145,0.0,0.993103448275862,1.3586206896551725,0.06896551724137931,3.6206896551724137,0.8758620689655172,2.282758620689655,8.068965517241379,8.848275862068965,8.805024209506964,5.924137931034482,0.0,5.924137931034482,0.5103448275862069,0.013793103448275862,28,30,4,0,0,0,0.1931,0.2069,0.0276,0.0,0.0,70.98,29.02,Aggressive
Chinese League 2025 Final,?,2026.01.13,"Lu, Miaoyi","Hou, Yifan",1/2-1/2,,142,0.0,0.647887323943662,0.2887323943661972,1.2816901408450705,4.373239436619718,0.5,2.1549295774647885,8.190140845070422,8.82394366197183,9.148499329309184,6.119718309859155,0.014084507042253521,6.119718309859155,0.2535211267605634,0.1267605633802817,26,24,4,0,0,2,0.1831,0.169,0.0282,0.0,0.0,69.04,30.96,Aggressive
Challengers,?,2026.01.20,"Suleymanli, Aydin","Lu, Miaoyi",1-0,,113,0.0,1.3893805309734513,0.8584070796460177,0.3274336283185841,0.4247787610619469,0.9646017699115044,2.309734513274336,8.398230088495575,7.920353982300885,8.92050695125917,5.929203539823009,0.061946902654867256,5.929203539823009,0.1504424778761062,0.0,32,24,8,0,0,2,0.2832,0.2124,0.0708,0.0,0.0,72.45,27.55,Aggressive
Challengers,?,2026.01.23,"Yuffa, Daniil","Lu, Miaoyi",1-0,,135,0.0,1.4592592592592593,1.0962962962962963,0.4,0.5555555555555556,0.8444444444444444,2.7037037037037037,8.77037037037037,7.266666666666667,8.672928059594724,6.0962962962962965,0.06666666666666667,6.0962962962962965,0.23703703703703705,0.014814814814814815,28,22,4,0,0,0,0.2074,0.163,0.0296,0.0,0.0,68.72,31.28,Aggressive
Challengers,?,2026.01.25,"Maurizzi, MarcAndria","Lu, Miaoyi",1-0,,69,0.0,0.4492753623188406,0.36231884057971014,3.4927536231884058,1.2608695652173914,0.43478260869565216,2.608695652173913,9.434782608695652,7.898550724637682,12.92529097311706,9.91304347826087,0.08695652173913043,9.91304347826087,0.391304347826087,0.17391304347826086,18,12,2,0,0,0,0.2609,0.1739,0.029,0.0,0.0,52.77,47.23,Aggressive
Challengers,?,2026.01.28,"L'Ami, Erwin","Lu, Miaoyi",1-0,,107,0.0,0.9158878504672897,0.7102803738317757,0.4953271028037383,4.018691588785047,0.719626168224299,2.308411214953271,8.766355140186915,8.317757009345794,10.947168926608175,7.747663551401869,0.018691588785046728,7.747663551401869,0.4485981308411215,0.0,24,16,2,0,0,2,0.2243,0.1495,0.0187,0.0,0.0,62.11,37.89,Aggressive
Challengers,?,2026.01.30,"Lu, Miaoyi","Assaubayeva, Bibisara",1/2-1/2,,85,0.0,0.8705882352941177,0.2,0.6941176470588235,3.7529411764705882,0.6,2.4705882352941178,9.929411764705883,7.482352941176471,10.822843398431633,7.952941176470588,0.0,7.952941176470588,0.49411764705882355,0.023529411764705882,24,16,4,0,0,2,0.2824,0.1882,0.0471,0.0,0.0,62.59,37.41,Aggressive
Challengers,?,2026.01.31,"Roebers, Eline","Lu, Miaoyi",1-0,,109,0.0,1.18348623853211,0.7889908256880734,0.7064220183486238,3.623853211009174,0.6788990825688074,2.2477064220183487,8.541284403669724,8.844036697247706,8.536189956832159,6.036697247706422,0.0,6.036697247706422,0.3577981651376147,0.01834862385321101,26,22,4,0,0,2,0.2385,0.2018,0.0367,0.0,0.0,68.55,31.45,Aggressive
U16 Group A,?,2026.03.07,"Movahed, Sina","Lu, Miaoyi",1-0,,75,0.0,0.44,0.0,2.88,1.8933333333333333,0.44,3.4,10.68,8.653333333333334,13.54807104007104,10.8,0.013333333333333334,10.8,0.0,0.0,16,10,4,0,0,0,0.2133,0.1333,0.0533,0.0,0.0,49.1,50.9,Positional
U16 Group A,?,2026.03.07,"Erdogmus, Yagiz Kaan","Lu, Miaoyi",1-0,,97,0.0,0.7010309278350515,0.05154639175257732,0.41237113402061853,1.5670103092783505,0.36082474226804123,2.515463917525773,8.989690721649485,7.422680412371134,9.789203064976263,7.525773195876289,0.15463917525773196,7.525773195876289,0.4020618556701031,0.0,34,22,8,0,0,4,0.3505,0.2268,0.0825,0.0,0.0,71.04,28.96,Aggressive
U16 Group A,?,2026.03.07,"Sklokin, Sergey","Lu, Miaoyi",1-0,,65,0.0,0.3230769230769231,0.0,1.6153846153846154,0.5384615384615384,0.3230769230769231,3.3692307692307693,11.138461538461538,9.184615384615384,14.952768086614238,12.107692307692307,0.06153846153846154,12.107692307692307,0.06153846153846154,0.015384615384615385,12,8,0,0,0,0,0.1846,0.1231,0.0,0.0,0.0,36.52,63.48,Positional
Chess Open,?,2026.04.03,"Lu, Miaoyi","Sonnenschein, Philipp",1/2-1/2,,102,0.0,0.6862745098039216,0.9117647058823529,5.6568627450980395,0.6764705882352942,0.6372549019607843,2.5392156862745097,8.627450980392156,10.03921568627451,10.141386418592301,6.696078431372549,0.0,6.696078431372549,0.0784313725490196,0.13725490196078433,28,28,4,0,0,0,0.2745,0.2745,0.0392,0.0,0.0,69.05,30.95,Aggressive
Baku Open - 2026,?,2026.05.01,"Lu, Miaoyi","Baturin-Vinogradov, Miroslav",1/2-1/2,,73,0.0,0.7945205479452054,0.4520547945205479,4.383561643835616,2.0273972602739727,0.7671232876712328,2.835616438356164,11.0,9.712328767123287,13.32190442738388,10.095890410958905,0.0273972602739726,10.095890410958905,0.3698630136986301,0.0821917808219178,22,12,8,0,0,2,0.3014,0.1644,0.1096,0.0,0.0,58.31,41.69,Aggressive
Baku Open - 2026,?,2026.05.04,"Hamidov, Allahverdi","Lu, Miaoyi",1-0,,113,0.0,0.7522123893805309,0.008849557522123894,6.070796460176991,0.6460176991150443,0.5575221238938053,2.8230088495575223,9.70796460176991,10.141592920353983,11.037320914090822,7.150442477876106,0.017699115044247787,7.150442477876106,0.08849557522123894,0.3008849557522124,22,20,2,0,0,0,0.1947,0.177,0.0177,0.0,0.0,61.7,38.3,Aggressive
Baku Open - 2026,?,2026.05.05,"Lu, Miaoyi","Mescheryakov, Artem",1/2-1/2,,38,0.0,0.21052631578947367,0.05263157894736842,1.631578947368421,1.0526315789473684,0.21052631578947367,2.526315789473684,9.947368421052632,6.578947368421052,14.092927248190405,11.526315789473685,0.02631578947368421,11.526315789473685,0.10526315789473684,0.15789473684210525,14,6,4,0,0,0,0.3684,0.1579,0.1053,0.0,0.0,44.16,55.84,Positional
Rapid,?,2026.06.19,"Lu, Miaoyi","Kamalidenova, Meruert",0-1,,104,0.0,0.8076923076923077,0.7115384615384616,0.6442307692307693,2.8076923076923075,0.6634615384615384,1.8942307692307692,7.076923076923077,7.471153846153846,9.080020860549709,5.673076923076923,0.038461538461538464,5.673076923076923,0.27884615384615385,0.0,28,24,6,0,0,2,0.2692,0.2308,0.0577,0.0,0.0,72.07,27.93,Aggressive
Blitz | Pool D,?,2026.06.20,"Lu, Miaoyi","Zhang, Xiao",0-1,,69,0.0,0.2028985507246377,0.043478260869565216,1.2463768115942029,1.565217391304348,0.15942028985507245,2.8115942028985508,11.057971014492754,8.55072463768116,13.946658414049718,11.159420289855072,0.0,11.159420289855072,0.391304347826087,0.07246376811594203,22,12,6,0,0,2,0.3188,0.1739,0.087,0.0,0.0,54.56,45.44,Aggressive
Blitz | Pool D,?,2026.06.20,"Lu, Miaoyi","Kamalidenova, Meruert",0-1,,94,0.0,0.44680851063829785,0.8404255319148937,3.617021276595745,1.3404255319148937,0.425531914893617,2.8617021276595747,10.51063829787234,8.904255319148936,12.273357877347236,9.27659574468085,0.0,9.27659574468085,0.574468085106383,0.06382978723404255,24,18,10,0,0,4,0.2553,0.1915,0.1064,0.0,0.0,63.31,36.69,Aggressive
Blitz | Pool D,?,2026.06.20,"Lu, Miaoyi","Yip, Carissa",0-1,,123,0.0,1.2439024390243902,0.7479674796747967,0.24390243902439024,1.089430894308943,0.6829268292682927,2.6747967479674797,9.073170731707316,6.67479674796748,8.779546830766346,6.2926829268292686,0.06504065040650407,6.2926829268292686,0.15447154471544716,0.04065040650406504,32,30,2,0,0,2,0.2602,0.2439,0.0163,0.0,0.0,71.93,28.07,Aggressive
2026 Chinese Chess League Division A,?,2026.06.24,"Lu, Miaoyi","Ju, Wenjun",0-1,,72,0.0,0.6666666666666666,0.4166666666666667,2.1805555555555554,1.4722222222222223,0.4722222222222222,2.9583333333333335,10.01388888888889,8.38888888888889,11.958336917711922,9.0,0.0,9.0,0.625,0.1388888888888889,24,10,4,0,0,2,0.3333,0.1389,0.0556,0.0,0.0,57.88,42.12,Aggressive
2026 Chinese Chess League Division A,?,2026.06.25,"Lu, Miaoyi","Song, Yuxin",1/2-1/2,,60,0.0,0.26666666666666666,0.0,1.65,2.25,0.26666666666666666,2.6666666666666665,9.166666666666666,7.483333333333333,12.568945545195541,9.4,0.0,9.4,0.13333333333333333,0.0,24,22,4,0,0,2,0.4,0.3667,0.0667,0.0,0.0,62.41,37.59,Aggressive
Rapid Tournament (RAP),?,2026.07.12,"Lu, Miaoyi","Ganguly, Surya Shekhar",0-1,,84,0.0,0.8214285714285714,0.4523809523809524,0.09523809523809523,0.9404761904761905,0.5238095238095238,2.3333333333333335,7.976190476190476,5.7023809523809526,9.72777107152107,7.428571428571429,0.0,7.428571428571429,0.15476190476190477,0.0,28,14,6,0,0,4,0.3333,0.1667,0.0714,0.0,0.0,67.55,32.45,Aggressive
Masters Tournament (MTO),?,2026.07.16,"Lu, Miaoyi",Gopal G.N.,0-1,,74,0.0,0.12162162162162163,0.08108108108108109,3.027027027027027,0.9864864864864865,0.10810810810810811,3.0675675675675675,10.391891891891891,7.675675675675675,13.0116065991066,9.891891891891891,0.05405405405405406,9.891891891891891,0.12162162162162163,0.04054054054054054,24,16,0,0,0,0,0.3243,0.2162,0.0,0.0,0.0,56.39,43.61,Aggressive
Brasov A,?,2026.07.29,"Lu, Miaoyi","Craciun, Sasha-Matei",0-1,,92,0.0,0.5652173913043478,0.34782608695652173,0.717391304347826,2.152173913043478,0.34782608695652173,2.5217391304347827,9.51086956521739,8.608695652173912,11.081008333453983,8.173913043478262,0.010869565217391304,8.173913043478262,0.42391304347826086,0.09782608695652174,18,24,8,0,0,2,0.1957,0.2609,0.087,0.0,0.0,62.19,37.81,Aggressive
Alba,?,2026.08.01,"Lu, Miaoyi","Henriquez Villagra, Cristobal",0-1,,58,0.0,0.06896551724137931,0.06896551724137931,1.4655172413793103,0.27586206896551724,0.06896551724137931,2.7758620689655173,10.724137931034482,7.982758620689655,13.728201491994588,10.913793103448276,0.0,10.913793103448276,0.10344827586206896,0.05172413793103448,14,14,4,0,0,0,0.2414,0.2414,0.069,0.0,0.0,47.51,52.49,Positional
Chinese League 2025 Final,?,2026.01.13,"Hou, Yifan","Lu, Miaoyi",0-1,,104,0.0,0.7211538461538461,0.17307692307692307,3.5673076923076925,2.625,0.7115384615384616,2.9038461538461537,10.701923076923077,11.39423076923077,11.634972612857231,8.240384615384615,0.20192307692307693,8.240384615384615,0.3076923076923077,0.14423076923076922,18,18,8,0,0,2,0.1731,0.1731,0.0769,0.0,0.0,59.12,40.88,Aggressive
Challengers,?,2026.01.18,Panesar Vedant,"Lu, Miaoyi",0-1,,80,0.0,0.375,0.0,3.675,1.8625,0.375,3.0625,10.5875,9.6625,13.489212072649574,10.3125,0.0125,10.3125,0.3125,0.0375,16,14,4,0,0,0,0.2,0.175,0.05,0.0,0.0,51.48,48.52,Aggressive
U16 Group A,?,2026.03.07,"Cieslak, Patryk","Lu, Miaoyi",0-1,,88,0.0,1.1136363636363635,0.06818181818181818,4.25,1.9545454545454546,1.0568181818181819,2.9886363636363638,10.920454545454545,10.579545454545455,12.554056454908725,10.022727272727273,0.09090909090909091,10.022727272727273,0.22727272727272727,0.13636363636363635,16,18,4,0,0,0,0.1818,0.2045,0.0455,0.0,0.0,54.48,45.52,Aggressive
U16 Group A,?,2026.03.07,"Tudor, Henry Edward","Lu, Miaoyi",0-1,,110,0.0,0.7363636363636363,0.00909090909090909,0.09090909090909091,5.0,0.6727272727272727,2.7181818181818183,9.290909090909091,9.054545454545455,11.486164744346562,8.690909090909091,0.05454545454545454,8.690909090909091,0.35454545454545455,0.00909090909090909,20,22,8,0,0,2,0.1818,0.2,0.0727,0.0,0.0,62.67,37.33,Aggressive
Chess Open,?,2026.04.02,Kheerthi Ganta,"Lu, Miaoyi",0-1,,102,0.0,1.2352941176470589,0.6568627450980392,0.696078431372549,5.235294117647059,1.0784313725490196,2.450980392156863,8.892156862745098,9.617647058823529,10.908624980683804,7.764705882352941,0.09803921568627451,7.764705882352941,0.6666666666666666,0.00980392156862745,24,22,6,0,0,0,0.2353,0.2157,0.0588,0.0,0.0,65.1,34.9,Aggressive
Chess Open,?,2026.04.04,"Lymar, Vladislav","Lu, Miaoyi",0-1,,80,0.0,0.3875,0.0,3.6125,1.6,0.3875,3.0,10.6875,9.5375,13.11791066572317,9.8375,0.125,9.8375,0.05,0.1875,24,8,2,0,0,0,0.3,0.1,0.025,0.0,0.0,53.94,46.06,Aggressive
4th Pafos International 2026,?,2026.04.16,"Kukushkin, Ivan","Lu, Miaoyi",0-1,,60,0.0,0.6833333333333333,0.43333333333333335,2.033333333333333,1.0166666666666666,0.6833333333333333,3.0,10.483333333333333,8.733333333333333,14.00721551596552,10.866666666666667,0.016666666666666666,10.866666666666667,0.31666666666666665,0.26666666666666666,12,10,0,0,0,0,0.2,0.1667,0.0,0.0,0.0,41.11,58.89,Positional
Baku Open - 2026,?,2026.05.02,"Iskandarov, Misratdin","Lu, Miaoyi",0-1,,138,0.0,0.855072463768116,0.13043478260869565,4.144927536231884,1.2463768115942029,0.6159420289855072,2.8043478260869565,10.579710144927537,10.72463768115942,11.659469797513276,8.03623188405797,0.18840579710144928,8.03623188405797,0.18840579710144928,0.15217391304347827,28,24,10,0,0,2,0.2029,0.1739,0.0725,0.0,0.0,66.83,33.17,Aggressive
Baku Open - 2026,?,2026.05.06,Aarit Kapil,"Lu, Miaoyi",0-1,,162,0.0,0.9135802469135802,0.037037037037037035,5.54320987654321,1.3641975308641976,0.6049382716049383,2.9135802469135803,10.049382716049383,12.222222222222221,12.294852198555908,8.993827160493828,0.29012345679012347,8.993827160493828,0.09876543209876543,0.05555555555555555,22,20,2,0,0,2,0.1358,0.1235,0.0123,0.0,0.0,59.0,41.0,Aggressive
Bucharest Grand Prix 2026,?,2026.05.10,"Vaibhav, Suri","Lu, Miaoyi",1-0,,49,0.0,0.6530612244897959,0.0,1.836734693877551,0.7551020408163265,0.6530612244897959,2.693877551020408,10.53061224489796,8.10204081632653,15.029063906614926,12.489795918367347,0.061224489795918366,12.489795918367347,0.0,0.02040816326530612,10,8,0,0,0,0,0.2041,0.1633,0.0,0.0,0.0,35.82,64.18,Positional
Bucharest Grand Prix 2026,?,2026.05.10,"Angelov, Zvetomir","Lu, Miaoyi",0-1,,92,0.0,0.6739130434782609,0.11956521739130435,4.467391304347826,3.2282608695652173,0.5,2.7717391304347827,10.293478260869565,10.423913043478262,12.417807645253301,9.25,0.0,9.25,0.41304347826086957,0.358695652173913,26,16,4,0,0,2,0.2826,0.1739,0.0435,0.0,0.0,61.3,38.7,Aggressive
Women,?,2026.06.02,"Amin-Erdene, Bayanmunkh","Lu, Miaoyi",1-0,,105,0.0,0.49523809523809526,0.009523809523809525,3.447619047619048,2.6,0.4095238095238095,2.4,8.752380952380953,9.380952380952381,11.44352483495341,7.961904761904762,0.02857142857142857,7.961904761904762,0.2571428571428571,0.047619047619047616,30,24,8,0,0,6,0.2857,0.2286,0.0762,0.0,0.0,69.45,30.55,Aggressive
Women,?,2026.05.29,"Sovetbekova, Nurai","Lu, Miaoyi",0-1,,88,0.0,1.125,0.0,3.3295454545454546,2.4204545454545454,0.875,2.6363636363636362,10.136363636363637,10.897727272727273,12.128666756223579,9.125,0.25,9.125,0.17045454545454544,0.0,18,14,4,0,0,2,0.2045,0.1591,0.0455,0.0,0.0,55.57,44.43,Aggressive
Rapid,?,2026.06.17,"Ju, Wenjun","Lu, Miaoyi",1-0,,99,0.0,0.9595959595959596,0.6161616161616161,0.9393939393939394,2.1414141414141414,0.696969696969697,2.707070707070707,9.16161616161616,8.757575757575758,10.598773897258745,8.151515151515152,0.020202020202020204,8.151515151515152,0.21212121212121213,0.0707070707070707,34,28,14,0,0,6,0.3434,0.2828,0.1414,0.0,0.0,72.81,27.19,Aggressive
Rapid,?,2026.06.18,"Dronavalli, Harika","Lu, Miaoyi",1-0,,81,0.0,0.4567901234567901,0.0,1.9506172839506173,1.5308641975308641,0.4567901234567901,2.9135802469135803,10.530864197530864,9.382716049382717,13.954303241340273,11.11111111111111,0.08641975308641975,11.11111111111111,0.2222222222222222,0.0,22,8,4,0,0,0,0.2716,0.0988,0.0494,0.0,0.0,51.69,48.31,Aggressive
Rapid,?,2026.06.18,"Mungunzul, Bat-Erdene","Lu, Miaoyi",0-1,,74,0.0,0.4864864864864865,0.0,3.1621621621621623,1.3243243243243243,0.4864864864864865,2.77027027027027,10.405405405405405,8.905405405405405,13.583353695853695,10.54054054054054,0.04054054054054054,10.54054054054054,0.4594594594594595,0.14864864864864866,18,14,2,0,0,0,0.2432,0.1892,0.027,0.0,0.0,51.72,48.28,Aggressive
Rapid,?,2026.06.19,Lin Zhaochen,"Lu, Miaoyi",0-1,,54,0.0,0.37037037037037035,0.6851851851851852,2.4074074074074074,0.6481481481481481,0.37037037037037035,2.7777777777777777,9.851851851851851,7.351851851851852,13.350101082045525,10.518518518518519,0.0,10.518518518518519,0.24074074074074073,0.18518518518518517,20,8,6,0,0,2,0.3704,0.1481,0.1111,0.0,0.0,53.89,46.11,Aggressive
Blitz | Pool D,?,2026.06.20,"Mammadzada, Gunay","Lu, Miaoyi",0-1,,105,0.0,0.4666666666666667,0.17142857142857143,1.2,0.5428571428571428,0.3523809523809524,2.8857142857142857,9.666666666666666,7.980952380952381,10.991454048596905,8.095238095238095,0.047619047619047616,8.095238095238095,0.1619047619047619,0.0380952380952381,34,22,6,0,0,2,0.3238,0.2095,0.0571,0.0,0.0,68.27,31.73,Aggressive
Blitz | Pool D,?,2026.06.20,"Jimenez Fernandez, Rebeca","Lu, Miaoyi",0-1,,76,0.0,0.5657894736842105,0.47368421052631576,1.9736842105263157,2.8684210526315788,0.5131578947368421,2.8684210526315788,9.394736842105264,8.592105263157896,12.476196756459917,9.131578947368421,0.09210526315789473,9.131578947368421,0.5394736842105263,0.06578947368421052,22,16,2,0,0,2,0.2895,0.2105,0.0263,0.0,0.0,58.16,41.84,Aggressive
Blitz | Pool D,?,2026.06.20,"Zhang, Haoxu","Lu, Miaoyi",1-0,,67,0.0,0.6716417910447762,0.0,3.298507462686567,1.1194029850746268,0.6417910447761194,2.955223880597015,10.865671641791044,8.940298507462687,14.584941302478617,11.835820895522389,0.07462686567164178,11.835820895522389,0.22388059701492538,0.0,12,8,4,0,0,0,0.1791,0.1194,0.0597,0.0,0.0,43.27,56.73,Positional
Rapid Tournament (RAP),?,2026.07.12,"Sasikiran, Krishnan","Lu, Miaoyi",1-0,,87,0.0,0.7011494252873564,0.13793103448275862,3.3908045977011496,3.7011494252873565,0.6781609195402298,3.3333333333333335,10.839080459770114,11.137931034482758,13.506455868524831,10.310344827586206,0.0,10.310344827586206,0.4827586206896552,0.12643678160919541,20,14,4,0,0,0,0.2299,0.1609,0.046,0.0,0.0,54.32,45.68,Aggressive
Brasov A,?,2026.07.26,"Ciocani, Iosif","Lu, Miaoyi",1-0,,95,0.0,0.6631578947368421,0.6105263157894737,1.5368421052631578,0.42105263157894735,0.5789473684210527,3.0842105263157893,10.905263157894737,8.726315789473684,13.334407259407259,10.494736842105263,0.3473684210526316,10.494736842105263,0.12631578947368421,0.10526315789473684,24,20,10,0,0,4,0.2526,0.2105,0.1053,0.0,0.0,61.42,38.58,Aggressive
Brasov A,?,2026.07.28,"Sonis, Francesco","Lu, Miaoyi",1-0,,83,0.0,0.6626506024096386,0.24096385542168675,2.2650602409638556,1.5060240963855422,0.4457831325301205,3.1325301204819276,10.975903614457831,9.180722891566266,14.306097115735666,11.240963855421686,0.024096385542168676,11.240963855421686,0.1927710843373494,0.0,20,20,4,0,0,0,0.241,0.241,0.0482,0.0,0.0,55.14,44.86,Aggressive
Brasov A,?,2026.07.30,"Padurariu, Mihai-Edward","Lu, Miaoyi",1-0,,79,0.0,0.5569620253164557,0.24050632911392406,1.3291139240506329,0.7468354430379747,0.4936708860759494,2.848101265822785,10.126582278481013,9.10126582278481,13.0680128591521,10.291139240506329,0.20253164556962025,10.291139240506329,0.21518987341772153,0.0379746835443038,20,14,2,0,0,0,0.2532,0.1772,0.0253,0.0,0.0,52.36,47.64,Aggressive
Alba,?,2026.08.02,"Khripachenko, Alexander","Lu, Miaoyi",1-0,,117,0.0,1.1367521367521367,1.017094017094017,0.39316239316239315,2.094017094017094,0.9572649572649573,2.2051282051282053,8.666666666666666,8.213675213675213,9.124160004288212,6.102564102564102,0.0,6.102564102564102,0.3333333333333333,0.008547008547008548,30,18,8,0,0,2,0.2564,0.1538,0.0684,0.0,0.0,70.1,29.9,Aggressive
Chinese League 2025 Final,?,2026.01.13,"Hou, Yifan","Lu, Miaoyi",1/2-1/2,,92,0.0,0.6956521739130435,0.1956521739130435,0.30434782608695654,2.782608695652174,0.31521739130434784,2.260869565217391,7.945652173913044,5.8478260869565215,8.971576672120147,6.739130434782608,0.0,6.739130434782608,0.391304347826087,0.0,24,26,4,0,0,2,0.2609,0.2826,0.0435,0.0,0.0,69.37,30.63,Aggressive
Chess Open,?,2026.04.05,"Amar, Elham","Lu, Miaoyi",1/2-1/2,,103,0.0,0.7281553398058253,0.3883495145631068,1.2621359223300972,3.6990291262135924,0.7281553398058253,2.0097087378640777,8.407766990291263,9.194174757281553,10.335331362273111,7.689320388349515,0.13592233009708737,7.689320388349515,0.3883495145631068,0.07766990291262135,28,28,8,0,0,2,0.2718,0.2718,0.0777,0.0,0.0,69.91,30.09,Aggressive
4th Pafos International 2026,?,2026.04.15,"Mondrzycki, Bartlomiej","Lu, Miaoyi",1/2-1/2,,159,0.0,1.4088050314465408,0.660377358490566,0.6540880503144654,1.2389937106918238,0.8805031446540881,2.0943396226415096,8.069182389937106,6.70440251572327,9.015994819296706,5.80503144654088,0.0880503144654088,5.80503144654088,0.27044025157232704,0.025157232704402517,28,28,4,0,0,2,0.1761,0.1761,0.0252,0.0,0.0,71.96,28.04,Aggressive
4th Pafos International 2026,?,2026.04.15,"Isaakidis, Alexandros","Lu, Miaoyi",1/2-1/2,,106,0.0,0.8584905660377359,0.8018867924528302,4.188679245283019,1.1603773584905661,0.660377358490566,2.858490566037736,9.735849056603774,9.132075471698114,10.71504355183601,8.0,0.018867924528301886,8.0,0.32075471698113206,0.1792452830188679,24,20,2,0,0,2,0.2264,0.1887,0.0189,0.0,0.0,62.72,37.28,Aggressive
Baku Open - 2026,?,2026.04.28,"Petukhov, Dmitriy","Lu, Miaoyi",1/2-1/2,,30,0.0,0.3,0.13333333333333333,1.4666666666666666,0.13333333333333333,0.3,2.5,9.266666666666667,6.3,14.09774114774115,11.7,0.0,11.7,0.03333333333333333,0.26666666666666666,10,4,4,0,0,2,0.3333,0.1333,0.1333,0.0,0.0,38.7,61.3,Positional
Baku Open - 2026,?,2026.04.30,"Dubov, Daniil","Lu, Miaoyi",1/2-1/2,,129,0.0,0.8527131782945736,0.7131782945736435,1.1705426356589148,0.13178294573643412,0.26356589147286824,2.4728682170542635,8.279069767441861,5.503875968992248,8.242899133596817,6.542635658914729,0.023255813953488372,6.542635658914729,0.031007751937984496,0.0,36,16,2,0,0,0,0.2791,0.124,0.0155,0.0,0.0,71.16,28.84,Aggressive
Women,?,2026.05.31,"Mikheeva, Galina","Lu, Miaoyi",1/2-1/2,,133,0.0,1.413533834586466,1.2030075187969924,0.48120300751879697,4.661654135338346,1.2330827067669172,2.3684210526315788,8.984962406015038,12.157894736842104,9.65933848941368,5.7669172932330826,0.37593984962406013,5.7669172932330826,0.6992481203007519,0.0,26,32,4,0,0,2,0.1955,0.2406,0.0301,0.0,0.0,68.73,31.27,Aggressive
Rapid,?,2026.06.18,"Koneru, Humpy","Lu, Miaoyi",1/2-1/2,,64,0.0,0.46875,0.0,0.828125,1.5625,0.21875,2.65625,9.625,6.453125,12.613015413406035,10.140625,0.0,10.140625,0.46875,0.03125,24,14,2,0,0,0,0.375,0.2188,0.0312,0.0,0.0,57.26,42.74,Aggressive
Rapid,?,2026.06.19,"Chu, Weichao","Lu, Miaoyi",1/2-1/2,,135,0.0,0.674074074074074,0.5481481481481482,6.681481481481481,0.1259259259259259,0.6370370370370371,2.311111111111111,9.207407407407407,9.518518518518519,11.233489062377952,6.866666666666666,0.07407407407407407,6.866666666666666,0.05925925925925926,0.4444444444444444,34,16,4,0,0,0,0.2519,0.1185,0.0296,0.0,0.0,68.07,31.93,Aggressive
Blitz | Pool D,?,2026.06.20,"Sebastian, Mhage Gerriahlou","Lu, Miaoyi",0-1,,76,0.0,0.5394736842105263,0.0,4.2631578947368425,1.381578947368421,0.47368421052631576,2.8026315789473686,9.263157894736842,9.197368421052632,10.66561534226008,8.289473684210526,0.013157894736842105,8.289473684210526,0.11842105263157894,0.039473684210526314,20,28,10,0,0,2,0.2632,0.3684,0.1316,0.0,0.0,66.24,33.76,Aggressive
Blitz | Pool D,?,2026.06.20,"O`Gorman, Alice","Lu, Miaoyi",0-1,,68,0.0,0.6323529411764706,0.0,4.529411764705882,0.9558823529411765,0.6323529411764706,3.0294117647058822,10.044117647058824,9.264705882352942,13.144584826937768,9.720588235294118,0.0,9.720588235294118,0.4852941176470588,0.22058823529411764,20,10,0,0,0,0,0.2941,0.1471,0.0,0.0,0.0,51.66,48.34,Aggressive
Blitz | Pool D,?,2026.06.20,"Al-Kuwari, Hamad","Lu, Miaoyi",0-1,,60,0.0,0.45,0.0,0.9833333333333333,0.31666666666666665,0.45,3.1333333333333333,10.35,8.3,14.518236763236764,12.066666666666666,0.06666666666666667,12.066666666666666,0.15,0.03333333333333333,14,10,0,0,0,0,0.2333,0.1667,0.0,0.0,0.0,40.79,59.21,Positional
2026 Chinese Chess League Division A,?,2026.06.26,"Guo, Qi","Lu, Miaoyi",1/2-1/2,,41,0.0,0.6341463414634146,0.0,1.7560975609756098,0.0,0.6341463414634146,3.048780487804878,10.390243902439025,8.390243902439025,15.003086750647732,12.268292682926829,0.024390243902439025,12.268292682926829,0.1951219512195122,0.0,10,4,2,0,0,0,0.2439,0.0976,0.0488,0.0,0.0,33.94,66.06,Positional
Rapid Tournament (RAP),?,2026.07.12,"Ivarsson, Anders","Lu, Miaoyi",0-1,,90,0.0,0.7,0.0,1.5222222222222221,1.0222222222222221,0.7,2.466666666666667,9.722222222222221,7.888888888888889,13.595941959275297,10.677777777777777,0.3,10.677777777777777,0.2111111111111111,0.13333333333333333,22,16,6,0,0,4,0.2444,0.1778,0.0667,0.0,0.0,58.6,41.4,Aggressive
Rapid Tournament (RAP),?,2026.07.12,"Gluckman, David","Lu, Miaoyi",0-1,,124,0.0,1.1774193548387097,1.0161290322580645,1.9274193548387097,2.5403225806451615,0.9596774193548387,2.7580645161290325,9.75,9.056451612903226,10.833144655523691,7.959677419354839,0.07258064516129033,7.959677419354839,0.5887096774193549,0.04838709677419355,28,16,8,0,0,2,0.2258,0.129,0.0645,0.0,0.0,65.65,34.35,Aggressive
Rapid Tournament (RAP),?,2026.07.12,"Habibi, Ali","Lu, Miaoyi",0-1,,94,0.0,0.35106382978723405,0.6702127659574468,2.1382978723404253,1.0319148936170213,0.35106382978723405,3.0531914893617023,10.446808510638299,8.202127659574469,13.806089182684929,11.27659574468085,0.22340425531914893,11.27659574468085,0.19148936170212766,0.06382978723404255,24,10,6,0,0,2,0.2553,0.1064,0.0638,0.0,0.0,55.82,44.18,Aggressive
Masters Tournament (MTO),?,2026.07.13,"Morrison, Joseph","Lu, Miaoyi",0-1,,62,0.0,0.5967741935483871,0.04838709677419355,1.564516129032258,1.3387096774193548,0.5967741935483871,3.2096774193548385,10.370967741935484,9.0,14.041424570053605,11.419354838709678,0.11290322580645161,11.419354838709678,0.11290322580645161,0.08064516129032258,18,8,2,0,0,2,0.2903,0.129,0.0323,0.0,0.0,47.49,52.51,Positional
Masters Tournament (MTO),?,2026.07.15,"Ganguly, Surya Shekhar","Lu, Miaoyi",1/2-1/2,,50,0.0,0.76,0.02,1.22,0.34,0.36,2.52,9.1,6.28,12.26667032967033,10.18,0.08,10.18,0.04,0.0,16,12,2,0,0,2,0.32,0.24,0.04,0.0,0.0,51.36,48.64,Aggressive
Masters Tournament (MTO),?,2026.07.17,"Ivana Maria, Furtado","Lu, Miaoyi",1/2-1/2,,62,0.0,0.1774193548387097,0.0,0.20967741935483872,0.46774193548387094,0.1774193548387097,3.064516129032258,9.241935483870968,5.193548387096774,13.405951620064526,10.96774193548387,0.03225806451612903,10.96774193548387,0.016129032258064516,0.0,20,14,2,0,0,2,0.3226,0.2258,0.0323,0.0,0.0,53.57,46.43,Aggressive
Brasov A,?,2026.07.27,"Prelipcean, Eric-Matei","Lu, Miaoyi",0-1,,88,0.0,0.2727272727272727,0.022727272727272728,2.7386363636363638,1.5227272727272727,0.2727272727272727,2.477272727272727,9.636363636363637,8.204545454545455,11.890973168245898,8.193181818181818,0.09090909090909091,8.193181818181818,0.11363636363636363,0.09090909090909091,28,16,6,0,0,2,0.3182,0.1818,0.0682,0.0,0.0,64.29,35.71,Aggressive
Superleague,?,2026.08.06,"Mutlu, Julide Aysu","Lu, Miaoyi",0-1,,58,0.0,0.10344827586206896,0.0,1.603448275862069,0.4482758620689655,0.10344827586206896,3.0517241379310347,9.982758620689655,6.293103448275862,13.992576484817864,11.53448275862069,0.017241379310344827,11.53448275862069,0.22413793103448276,0.05172413793103448,26,14,6,0,0,2,0.4483,0.2414,0.1034,0.0,0.0,58.76,41.24,Aggressive
Superleague,?,2026.08.08,"Mammadova, Narmin","Lu, Miaoyi",0-1,,210,0.0,1.0809523809523809,0.6095238095238096,0.6619047619047619,1.3285714285714285,0.6904761904761905,2.876190476190476,8.795238095238096,8.82857142857143,9.314333668976527,6.4904761904761905,0.03333333333333333,6.4904761904761905,0.3523809523809524,0.04285714285714286,26,28,6,0,0,4,0.1238,0.1333,0.0286,0.0,0.0,69.18,30.82,Aggressive
Superleague,?,2026.08.11,"Nomin-Erdene, Davaademberel","Lu, Miaoyi",0-1,,100,0.0,0.52,0.49,0.2,1.73,0.31,2.33,8.74,7.73,9.015338633588634,6.58,0.08,6.58,0.2,0.0,32,24,10,0,0,2,0.32,0.24,0.1,0.0,0.0,72.17,27.83,Aggressive
Women,?,2026.09.17,"Rivera, Ingris","Lu, Miaoyi",0-1,,62,0.0,0.1935483870967742,0.20967741935483872,0.8870967741935484,0.24193548387096775,0.14516129032258066,3.274193548387097,10.741935483870968,6.532258064516129,15.529428904428906,13.112903225806452,0.04838709677419355,13.112903225806452,0.2903225806451613,0.0,12,4,0,0,0,0,0.1935,0.0645,0.0,0.0,0.0,32.54,67.46,Positional
Women,?,2026.09.21,"Kulon, Klaudia","Lu, Miaoyi",0-1,,92,0.0,0.8152173913043478,0.5652173913043478,0.31521739130434784,2.239130434782609,0.6521739130434783,2.2065217391304346,8.152173913043478,6.608695652173913,9.537977843412632,6.978260869565218,0.010869565217391304,6.978260869565218,0.2826086956521739,0.021739130434782608,26,22,6,0,0,2,0.2826,0.2391,0.0652,0.0,0.0,68.84,31.16,Aggressive
Open A,?,2025.01.02,"Lu, Miaoyi","Yasmo, Daniil",1-0,,77,0.0,1.2077922077922079,0.38961038961038963,1.2337662337662338,2.116883116883117,0.8701298701298701,2.6233766233766236,9.376623376623376,8.415584415584416,10.245187424408202,7.87012987012987,0.14285714285714285,7.87012987012987,0.07792207792207792,0.025974025974025976,14,22,2,0,0,2,0.1818,0.2857,0.026,0.0,0.0,57.55,42.45,Aggressive
Open A,?,2025.01.03,"Lu, Miaoyi","Boder, Jan",1-0,,57,0.0,0.3333333333333333,0.0,2.2280701754385963,0.5263157894736842,0.21052631578947367,2.789473684210526,9.736842105263158,7.315789473684211,13.878550396971448,11.385964912280702,0.0,11.385964912280702,0.0,0.0,12,10,0,0,0,0,0.2105,0.1754,0.0,0.0,0.0,41.2,58.8,Positional
Open A,?,2025.01.04,"Lu, Miaoyi","Hagner, Bennet",1-0,,157,0.0,1.414012738853503,0.3630573248407643,0.7643312101910829,3.0764331210191083,0.8726114649681529,2.261146496815287,7.808917197452229,9.197452229299364,8.676230086261931,4.923566878980892,0.2229299363057325,4.923566878980892,0.19745222929936307,0.0,24,32,6,0,0,2,0.1529,0.2038,0.0382,0.0,0.0,71.86,28.14,Aggressive
Challengers,?,2025.01.18,"Lu, Miaoyi","Nogerbek, Kazybek",1-0,,87,0.0,0.7586206896551724,0.09195402298850575,1.6896551724137931,1.8850574712643677,0.5172413793103449,1.9770114942528736,8.563218390804598,9.563218390804598,10.870350562591943,7.873563218390805,0.09195402298850575,7.873563218390805,0.3333333333333333,0.12643678160919541,32,18,14,0,0,4,0.3678,0.2069,0.1609,0.0,0.0,70.28,29.72,Aggressive
Challengers,?,2025.01.20,"Lu, Miaoyi","Svane, Frederik",1-0,,55,0.0,0.5818181818181818,0.10909090909090909,0.9636363636363636,0.8909090909090909,0.5818181818181818,2.8181818181818183,10.345454545454546,8.127272727272727,14.635584011947644,11.563636363636364,0.0,11.563636363636364,0.4,0.0,18,10,2,0,0,2,0.3273,0.1818,0.0364,0.0,0.0,48.11,51.89,Positional
Challengers,?,2025.01.25,"Lu, Miaoyi",Divya Deshmukh,1-0,,79,0.0,0.35443037974683544,0.10126582278481013,1.5822784810126582,0.7974683544303798,0.3037974683544304,3.1139240506329116,10.08860759493671,7.215189873417722,13.87374475032703,11.39240506329114,0.05063291139240506,11.39240506329114,0.20253164556962025,0.08860759493670886,22,8,4,0,0,0,0.2785,0.1013,0.0506,0.0,0.0,52.03,47.97,Aggressive
Girls,?,2025.02.27,"Lu, Miaoyi","Zhou, Shumeng",1-0,,105,0.0,0.9619047619047619,0.7142857142857143,0.6952380952380952,1.7619047619047619,0.6476190476190476,1.819047619047619,7.828571428571428,7.180952380952381,9.1501110265396,6.704761904761905,0.0,6.704761904761905,0.2857142857142857,0.0,30,28,14,0,0,8,0.2857,0.2667,0.1333,0.0,0.0,75.33,24.67,Aggressive
Girls,?,2025.03.03,"Lu, Miaoyi","Balabayeva, Xeniya",1-0,,89,0.0,0.7415730337078652,0.1797752808988764,4.966292134831461,1.9213483146067416,0.6741573033707865,3.0,10.561797752808989,10.303370786516854,12.268365623140905,8.831460674157304,0.0,8.831460674157304,0.20224719101123595,0.11235955056179775,22,18,6,0,0,0,0.2472,0.2022,0.0674,0.0,0.0,60.36,39.64,Aggressive
Girls,?,2025.03.05,"Lu, Miaoyi","Zhapova, Yana",1-0,,45,0.0,0.6,0.28888888888888886,1.3777777777777778,0.5111111111111111,0.3111111111111111,2.6,10.088888888888889,7.666666666666667,13.070907487574159,10.444444444444445,0.0,10.444444444444445,0.0,0.06666666666666667,16,14,2,0,0,2,0.3556,0.3111,0.0444,0.0,0.0,50.5,49.5,Aggressive
Girls,?,2025.03.06,"Lu, Miaoyi","Mungunzul, Bat-Erdene",1-0,,111,0.0,0.9099099099099099,0.9819819819819819,1.8108108108108107,2.972972972972973,0.6666666666666666,2.5315315315315314,8.477477477477477,8.135135135135135,10.127799977799977,6.936936936936937,0.02702702702702703,6.936936936936937,0.3063063063063063,0.05405405405405406,22,28,10,0,0,4,0.1982,0.2523,0.0901,0.0,0.0,69.53,30.47,Aggressive
Reykjavik Open,?,2025.04.09,"Lu, Miaoyi","Liu, Meng",1-0,,83,0.0,0.6385542168674698,0.1927710843373494,2.819277108433735,1.180722891566265,0.5662650602409639,3.2048192771084336,10.783132530120483,9.132530120481928,14.360158683351457,11.614457831325302,0.1927710843373494,11.614457831325302,0.21686746987951808,0.10843373493975904,18,10,0,0,0,0,0.2169,0.1205,0.0,0.0,0.0,46.68,53.32,Positional
Reykjavik Open,?,2025.04.15,"Lu, Miaoyi","Tscheuschner, Georg, Dr.",1-0,,95,0.0,0.9368421052631579,0.4,3.3263157894736843,1.3157894736842106,0.7263157894736842,2.9789473684210526,10.189473684210526,10.631578947368421,12.452903412377102,8.884210526315789,0.042105263157894736,8.884210526315789,0.031578947368421054,0.08421052631578947,26,22,8,0,0,2,0.2737,0.2316,0.0842,0.0,0.0,63.93,36.07,Aggressive
Reykjavik Open,?,2025.04.15,"Lu, Miaoyi","Boissonnier, Kimo",1-0,,45,0.0,0.7111111111111111,0.15555555555555556,3.3777777777777778,0.2,0.6,2.1333333333333333,9.88888888888889,8.377777777777778,13.257669491002826,10.666666666666666,0.0,10.666666666666666,0.08888888888888889,0.24444444444444444,10,14,0,0,0,0,0.2222,0.3111,0.0,0.0,0.0,43.64,56.36,Positional
Chess Open,?,2025.04.19,"Lu, Miaoyi","Hasanov, Zaur",1-0,,81,0.0,1.0123456790123457,0.09876543209876543,2.1728395061728394,2.432098765432099,0.8888888888888888,2.7160493827160495,9.419753086419753,9.925925925925926,12.306191510821142,9.160493827160494,0.024691358024691357,9.160493827160494,0.6049382716049383,0.012345679012345678,24,18,12,0,0,2,0.2963,0.2222,0.1481,0.0,0.0,64.01,35.99,Aggressive
Asturias International Chess Trophy 2025,?,2025.05.03,"Lu, Miaoyi","Garrido Outon, Alex",1-0,,149,0.0,0.7919463087248322,0.1476510067114094,1.7718120805369129,0.5704697986577181,0.5302013422818792,2.959731543624161,10.288590604026846,8.630872483221477,12.426363122336282,9.664429530201343,0.30201342281879195,9.664429530201343,0.40939597315436244,0.12751677852348994,32,22,6,0,0,4,0.2148,0.1477,0.0403,0.0,0.0,65.62,34.38,Aggressive
U16 Group A,?,2025.06.07,"Lu, Miaoyi","Materia, Marco",1-0,,61,0.0,0.5081967213114754,0.0,2.721311475409836,0.11475409836065574,0.4262295081967213,2.721311475409836,10.049180327868852,8.180327868852459,14.125071649661816,11.19672131147541,0.08196721311475409,11.19672131147541,0.0,0.0,10,10,4,0,0,0,0.1639,0.1639,0.0656,0.0,0.0,42.51,57.49,Positional
Rapid,?,2025.06.11,"Lu, Miaoyi","Murawski, Jan",1-0,,63,0.0,0.4444444444444444,0.4603174603174603,4.111111111111111,1.6825396825396826,0.4444444444444444,2.8412698412698414,10.174603174603174,9.698412698412698,12.464061027156266,9.492063492063492,0.06349206349206349,9.492063492063492,0.23809523809523808,0.047619047619047616,16,14,6,0,0,0,0.254,0.2222,0.0952,0.0,0.0,54.31,45.69,Aggressive
Rapid,?,2025.06.11,"Lu, Miaoyi","Sadvakasov, Darmen",1-0,,139,0.0,0.8992805755395683,0.7410071942446043,0.9136690647482014,4.100719424460432,0.7985611510791367,2.0719424460431655,8.323741007194245,9.568345323741006,10.482336468487548,6.431654676258993,0.17266187050359713,6.431654676258993,0.35251798561151076,0.0,30,24,6,0,0,2,0.2158,0.1727,0.0432,0.0,0.0,69.85,30.15,Aggressive
Blitz | Pool A,?,2025.06.14,"Lu, Miaoyi","Zhu, Chen",1-0,,51,0.0,0.3333333333333333,0.11764705882352941,2.9411764705882355,1.1176470588235294,0.3333333333333333,2.607843137254902,10.27450980392157,8.823529411764707,14.10315120609239,11.215686274509803,0.0196078431372549,11.215686274509803,0.1568627450980392,0.09803921568627451,8,8,0,0,0,0,0.1569,0.1569,0.0,0.0,0.0,34.9,65.1,Positional
FIDE Women's World Cup 2025,?,2025.07.09,"Lu, Miaoyi","Tokhirjonova, Gulrukhbegim",1-0,,153,0.0,1.0588235294117647,0.934640522875817,2.1176470588235294,1.7908496732026145,0.7450980392156863,2.3398692810457518,9.411764705882353,9.006535947712418,10.146173343722367,7.052287581699346,0.058823529411764705,7.052287581699346,0.11764705882352941,0.032679738562091505,28,28,12,2,2,6,0.183,0.183,0.0784,0.0131,0.0131,72.37,27.63,Aggressive
Masters Tournament (MTO),?,2026.07.20,"Dai, Wenzhi","Lu, Miaoyi",1/2-1/2,,111,0.0,0.8468468468468469,1.0,0.9819819819819819,3.3513513513513513,0.7477477477477478,2.675675675675676,8.333333333333334,8.612612612612613,9.819643544643538,5.918918918918919,0.02702702702702703,5.918918918918919,0.4864864864864865,0.07207207207207207,26,24,4,0,0,2,0.2342,0.2162,0.036,0.0,0.0,68.28,31.72,Aggressive
Alba,?,2026.08.02,"Sava, Robert-Gabriel","Lu, Miaoyi",1/2-1/2,,87,0.0,1.0919540229885059,0.8045977011494253,0.022988505747126436,0.7816091954022989,0.5172413793103449,2.5517241379310347,9.39080459770115,5.045977011494253,9.687052762052767,7.597701149425287,0.0,7.597701149425287,0.42528735632183906,0.034482758620689655,34,18,6,0,0,2,0.3908,0.2069,0.069,0.0,0.0,70.22,29.78,Aggressive
Women,?,2026.09.18,"Aydin, Gulenay","Lu, Miaoyi",1/2-1/2,,47,0.0,0.23404255319148937,0.0,3.5531914893617023,0.23404255319148937,0.23404255319148937,2.425531914893617,10.085106382978724,8.212765957446809,12.902012880736285,10.787234042553191,0.02127659574468085,10.787234042553191,0.0,0.0,12,10,2,0,0,0,0.2553,0.2128,0.0426,0.0,0.0,44.34,55.66,Positional
Women,?,2026.09.20,"Krasteva, Beloslava","Lu, Miaoyi",1/2-1/2,,62,0.0,0.3387096774193548,0.0,2.338709677419355,0.5645161290322581,0.3387096774193548,2.4516129032258065,9.290322580645162,5.870967741935484,13.463742977452656,11.17741935483871,0.0,11.17741935483871,0.0,0.0,14,12,4,0,0,0,0.2258,0.1935,0.0645,0.0,0.0,49.6,50.4,Positional
Women,?,2026.09.24,"Khotenashvili, Bella","Lu, Miaoyi",1/2-1/2,,110,0.0,0.7545454545454545,0.6545454545454545,0.18181818181818182,1.0818181818181818,0.7,2.2545454545454544,8.736363636363636,7.290909090909091,10.887532467532461,8.218181818181819,0.01818181818181818,8.218181818181819,0.24545454545454545,0.0,30,26,8,0,0,2,0.2727,0.2364,0.0727,0.0,0.0,69.41,30.59,Aggressive
Open A,?,2025.01.06,"Lu, Miaoyi","Skembris, Spyridon",0-1,,92,0.0,0.75,0.3804347826086957,1.7826086956521738,1.5217391304347827,0.5760869565217391,2.489130434782609,8.771739130434783,8.130434782608695,10.804888227714315,8.0,0.043478260869565216,8.0,0.16304347826086957,0.0,20,24,6,0,0,6,0.2174,0.2609,0.0652,0.0,0.0,64.7,35.3,Aggressive
Challengers,?,2025.01.22,"Lu, Miaoyi","Bok, Benjamin",0-1,,68,0.0,0.4117647058823529,0.39705882352941174,2.25,0.75,0.35294117647058826,2.588235294117647,10.617647058823529,8.632352941176471,14.114739998563527,11.0,0.25,11.0,0.14705882352941177,0.10294117647058823,20,10,8,0,0,4,0.2941,0.1471,0.1176,0.0,0.0,54.71,45.29,Aggressive
Challengers,?,2025.01.31,"Lu, Miaoyi","L'Ami, Erwin",0-1,,132,0.0,1.0075757575757576,0.3560606060606061,2.4015151515151514,4.825757575757576,0.7878787878787878,2.393939393939394,8.780303030303031,9.886363636363637,10.443451960497415,7.174242424242424,0.0,7.174242424242424,0.3787878787878788,0.23484848484848486,26,22,4,0,0,4,0.197,0.1667,0.0303,0.0,0.0,67.01,32.99,Aggressive
Challengers,?,2025.02.02,"Lu, Miaoyi","Yakubboev, Nodirbek",0-1,,64,0.0,0.8125,0.1875,2.5,1.40625,0.59375,2.890625,10.6875,8.4375,12.653130896880894,9.765625,0.140625,9.765625,0.34375,0.0,20,12,4,0,0,0,0.3125,0.1875,0.0625,0.0,0.0,54.49,45.51,Aggressive
Girls,?,2025.02.25,"Lu, Miaoyi",Sneha Halder,0-1,,100,0.0,0.93,0.78,1.24,0.83,0.72,2.27,8.98,8.54,10.667884254634261,7.4,0.03,7.4,0.09,0.08,20,20,2,0,0,2,0.2,0.2,0.02,0.0,0.0,60.58,39.42,Aggressive
Reykjavik Open,?,2025.04.13,"Lu, Miaoyi","Kadric, Denis",0-1,,120,0.0,0.7833333333333333,0.4166666666666667,0.7916666666666666,1.8083333333333333,0.7416666666666667,3.4583333333333335,10.991666666666667,8.016666666666667,14.811124569874563,11.908333333333333,0.0,11.908333333333333,0.43333333333333335,0.19166666666666668,22,18,2,0,0,0,0.1833,0.15,0.0167,0.0,0.0,53.84,46.16,Aggressive
4th Menorca Open,?,2025.04.23,"Lu, Miaoyi",Pranav Anand,0-1,,54,0.0,0.6481481481481481,0.2037037037037037,2.0925925925925926,0.37037037037037035,0.46296296296296297,2.314814814814815,10.222222222222221,9.11111111111111,12.84973349695572,10.444444444444445,0.037037037037037035,10.444444444444445,0.05555555555555555,0.18518518518518517,8,10,2,0,0,0,0.1481,0.1852,0.037,0.0,0.0,38.75,61.25,Positional
Asturias International Chess Trophy 2025,?,2025.04.30,"Lu, Miaoyi","Del Rio de Angelis, Salvador Gabriel",0-1,,132,0.0,0.8257575757575758,0.8257575757575758,0.16666666666666666,4.575757575757576,0.7045454545454546,1.7575757575757576,7.090909090909091,8.992424242424242,8.824004383663475,5.295454545454546,0.03787878787878788,5.295454545454546,0.44696969696969696,0.030303030303030304,22,32,6,0,0,2,0.1667,0.2424,0.0455,0.0,0.0,71.45,28.55,Aggressive
Asturias International Chess Trophy 2025,?,2025.04.30,"Lu, Miaoyi","Dvirnyy, Danyyil",0-1,,146,0.0,1.404109589041096,0.9931506849315068,0.1917808219178082,1.8424657534246576,1.13013698630137,2.3219178082191783,7.458904109589041,7.739726027397261,7.436285290052414,4.739726027397261,0.0547945205479452,4.739726027397261,0.2534246575342466,0.04794520547945205,24,26,6,0,0,2,0.1644,0.1781,0.0411,0.0,0.0,72.03,27.97,Aggressive
U16 Group A,?,2025.06.07,"Lu, Miaoyi","Royal, Shreyas",0-1,,142,0.0,0.7816901408450704,0.07042253521126761,1.4647887323943662,4.436619718309859,0.676056338028169,2.2253521126760565,9.253521126760564,9.514084507042254,10.268083598717402,7.042253521126761,0.19718309859154928,7.042253521126761,0.4788732394366197,0.02112676056338028,18,14,8,0,0,4,0.1268,0.0986,0.0563,0.0,0.0,61.6,38.4,Aggressive
U16 Group A,?,2025.06.07,"Lu, Miaoyi","Poh, Yu Tian",0-1,,112,0.0,1.2232142857142858,1.0,0.3125,4.758928571428571,0.9017857142857143,2.875,9.428571428571429,9.017857142857142,9.632133070302714,6.598214285714286,0.026785714285714284,6.598214285714286,0.5803571428571429,0.0,28,14,8,0,0,2,0.25,0.125,0.0714,0.0,0.0,66.9,33.1,Aggressive
FIDE Women's World Cup 2025,?,2025.07.11,"Lu, Miaoyi","Tokhirjonova, Gulrukhbegim",1-0,,87,0.0,0.7126436781609196,0.5287356321839081,0.19540229885057472,2.839080459770115,0.5977011494252874,2.413793103448276,9.011494252873563,8.045977011494253,11.206319223560602,8.091954022988507,0.14942528735632185,8.091954022988507,0.5402298850574713,0.0,26,20,6,0,0,2,0.2989,0.2299,0.069,0.0,0.0,65.01,34.99,Aggressive
FIDE Women's World Cup 2025,?,2025.07.11,"Lu, Miaoyi","Tokhirjonova, Gulrukhbegim",1-0,,149,0.0,0.8926174496644296,1.2818791946308725,1.0604026845637584,4.449664429530201,0.8590604026845637,2.2818791946308723,8.40268456375839,9.536912751677852,10.485238400674636,5.778523489932886,0.087248322147651,5.778523489932886,0.5503355704697986,0.10067114093959731,36,30,8,0,0,2,0.2416,0.2013,0.0537,0.0,0.0,74.02,25.98,Aggressive
Women Masters,?,2025.08.06,"Lu, Miaoyi",Elisabeth Pahtz,1-0,,101,0.0,0.6039603960396039,0.37623762376237624,4.910891089108911,1.7128712871287128,0.594059405940594,2.98019801980198,11.376237623762377,11.277227722772277,13.426925549697824,9.831683168316832,0.0,9.831683168316832,0.26732673267326734,0.15841584158415842,14,14,4,0,0,0,0.1386,0.1386,0.0396,0.0,0.0,50.1,49.9,Aggressive
Women Masters,?,2025.08.07,"Lu, Miaoyi","Daulyte-Cornette, Deimante",1-0,,65,0.0,0.36923076923076925,0.1076923076923077,3.5076923076923077,1.3384615384615384,0.35384615384615387,2.6307692307692307,10.184615384615384,10.2,13.477144308682773,10.015384615384615,0.09230769230769231,10.015384615384615,0.35384615384615387,0.12307692307692308,18,14,4,0,0,0,0.2769,0.2154,0.0615,0.0,0.0,52.94,47.06,Aggressive
Turkish Super League 2025,?,2025.08.12,"Lu, Miaoyi","Balabayeva, Xeniya",1-0,,57,0.0,0.49122807017543857,0.3333333333333333,2.3333333333333335,0.5087719298245614,0.43859649122807015,2.6842105263157894,9.807017543859649,6.964912280701754,12.463519813519817,10.228070175438596,0.03508771929824561,10.228070175438596,0.3508771929824561,0.0,28,10,8,0,0,0,0.4912,0.1754,0.1404,0.0,0.0,61.24,38.76,Aggressive
Turkish Super League 2025,?,2025.08.16,"Lu, Miaoyi","Allahverdiyeva, Ayan",1-0,,82,0.0,0.8048780487804879,0.2926829268292683,3.158536585365854,0.6219512195121951,0.7195121951219512,2.7804878048780486,10.524390243902438,10.353658536585366,13.477407721005276,10.390243902439025,0.17073170731707318,10.390243902439025,0.0975609756097561,0.2682926829268293,16,14,2,0,0,0,0.1951,0.1707,0.0244,0.0,0.0,49.51,50.49,Positional
Chinese Chess League Division A,?,2025.08.29,"Lu, Miaoyi","Li, Ruofan",1-0,,107,0.0,1.0186915887850467,0.018691588785046728,6.5607476635514015,1.0467289719626167,0.8504672897196262,3.3271028037383177,10.42056074766355,11.738317757009346,10.941998603680844,7.018691588785047,0.056074766355140186,7.018691588785047,0.102803738317757,0.411214953271028,14,16,6,0,0,4,0.1308,0.1495,0.0561,0.0,0.0,57.54,42.46,Aggressive
Women,?,2025.09.08,"Lu, Miaoyi","Beydullayeva, Govhar",1-0,,61,0.0,0.8524590163934426,0.0,2.9508196721311477,0.3114754098360656,0.8524590163934426,2.6557377049180326,10.557377049180328,9.573770491803279,13.790418916238595,10.98360655737705,0.3114754098360656,10.98360655737705,0.03278688524590164,0.01639344262295082,12,8,2,0,0,0,0.1967,0.1311,0.0328,0.0,0.0,41.96,58.04,Positional
Women,?,2025.09.11,"Lu, Miaoyi","Badelka, Olga",1-0,,89,0.0,0.5730337078651685,0.7752808988764045,0.5955056179775281,2.539325842696629,0.4606741573033708,2.191011235955056,9.202247191011235,7.865168539325842,9.926408797195313,7.112359550561798,0.0,7.112359550561798,0.2696629213483146,0.0,28,18,8,0,0,2,0.3146,0.2022,0.0899,0.0,0.0,67.75,32.25,Aggressive
Chinese Chess League Division A,?,2025.10.03,"Lu, Miaoyi","Tan, Zhongyi",1-0,,89,0.0,0.8539325842696629,0.6853932584269663,1.7303370786516854,4.0,0.5955056179775281,2.202247191011236,8.101123595505618,8.797752808988765,9.489855805867046,6.46067415730337,0.0,6.46067415730337,0.3146067415730337,0.056179775280898875,30,26,6,0,0,2,0.3371,0.2921,0.0674,0.0,0.0,71.5,28.5,Aggressive
Chinese Chess League Division A,?,2025.10.05,"Lu, Miaoyi","Ren, Xiaoyi",1-0,,73,0.0,0.6712328767123288,0.0,3.356164383561644,0.8767123287671232,0.6712328767123288,3.3698630136986303,11.178082191780822,9.342465753424657,14.194673895358825,11.465753424657533,0.0,11.465753424657533,0.0,0.0,14,8,6,0,0,0,0.1918,0.1096,0.0822,0.0,0.0,46.55,53.45,Positional
Women,?,2025.10.20,"Lu, Miaoyi","Schippke, Manon",1-0,,61,0.0,0.8032786885245902,0.0,3.1311475409836067,0.01639344262295082,0.7540983606557377,2.721311475409836,10.573770491803279,9.491803278688524,14.254569337766055,11.819672131147541,0.21311475409836064,11.819672131147541,0.0,0.0,10,12,4,0,0,0,0.1639,0.1967,0.0656,0.0,0.0,43.21,56.79,Positional
Play-off,?,2025.11.21,"Lu, Miaoyi","Abrahamyan, Tatev",1-0,,63,0.0,0.19047619047619047,0.0,3.619047619047619,1.873015873015873,0.19047619047619047,2.8412698412698414,10.523809523809524,8.714285714285714,13.296793858698619,9.952380952380953,0.0,9.952380952380953,0.31746031746031744,0.1111111111111111,16,12,0,0,0,0,0.254,0.1905,0.0,0.0,0.0,48.46,51.54,Positional
Play-off,?,2025.11.21,"Lu, Miaoyi","Abrahamyan, Tatev",1-0,,87,0.0,0.5402298850574713,0.09195402298850575,3.2988505747126435,1.1954022988505748,0.3103448275862069,2.7126436781609193,9.689655172413794,7.988505747126437,11.885570751087991,9.206896551724139,0.05747126436781609,9.206896551724139,0.011494252873563218,0.09195402298850575,24,12,10,0,0,8,0.2759,0.1379,0.1149,0.0,0.0,63.45,36.55,Aggressive
Open A,?,2025.01.05,"Lu, Miaoyi","Stork, Oliver",1/2-1/2,,88,0.0,0.625,0.5227272727272727,0.7613636363636364,1.3977272727272727,0.5113636363636364,2.5,9.022727272727273,6.965909090909091,9.66426654153927,6.829545454545454,0.022727272727272728,6.829545454545454,0.18181818181818182,0.011363636363636364,36,18,6,0,0,2,0.4091,0.2045,0.0682,0.0,0.0,70.97,29.03,Aggressive
Challengers,?,2025.01.28,"Lu, Miaoyi","Suleymanli, Aydin",1/2-1/2,,59,0.0,0.7457627118644068,0.4745762711864407,1.4576271186440677,2.593220338983051,0.7457627118644068,2.3220338983050848,10.152542372881356,9.186440677966102,12.831860888640549,9.711864406779661,0.06779661016949153,9.711864406779661,0.576271186440678,0.0,20,8,4,0,0,2,0.339,0.1356,0.0678,0.0,0.0,53.35,46.65,Aggressive
Girls,?,2025.03.01,"Lu, Miaoyi","Yakimova, Mariya",1/2-1/2,,57,0.0,0.2807017543859649,0.0,1.6140350877192982,0.5789473684210527,0.2807017543859649,2.8947368421052633,9.947368421052632,6.7894736842105265,14.549756091861362,12.052631578947368,0.0,12.052631578947368,0.08771929824561403,0.10526315789473684,16,8,4,0,0,0,0.2807,0.1404,0.0702,0.0,0.0,46.36,53.64,Positional
Reykjavik Open,?,2025.04.10,"Lu, Miaoyi","Banusz, Tamas",1/2-1/2,,101,0.0,0.46534653465346537,0.13861386138613863,5.96039603960396,1.4257425742574257,0.44554455445544555,2.6534653465346536,9.930693069306932,11.792079207920793,12.48065180144388,8.227722772277227,0.0,8.227722772277227,0.297029702970297,0.33663366336633666,28,28,10,0,0,4,0.2772,0.2772,0.099,0.0,0.0,67.82,32.18,Aggressive
Chess Open,?,2025.04.20,"Lu, Miaoyi","Meier, Georg",1/2-1/2,,56,0.0,0.75,0.0,3.357142857142857,0.10714285714285714,0.6071428571428571,2.7142857142857144,9.982142857142858,9.0,13.156568431568434,10.910714285714286,0.23214285714285715,10.910714285714286,0.0,0.0,8,10,0,0,0,0,0.1429,0.1786,0.0,0.0,0.0,37.53,62.47,Positional
Chess Open,?,2025.04.21,"Lu, Miaoyi","Woodward, Andy",1/2-1/2,,120,0.0,0.475,0.375,0.11666666666666667,3.941666666666667,0.38333333333333336,2.35,9.183333333333334,8.566666666666666,10.999704878454883,7.533333333333333,0.03333333333333333,7.533333333333333,0.6166666666666667,0.0,30,20,8,0,0,4,0.25,0.1667,0.0667,0.0,0.0,68.17,31.83,Aggressive
Asturias International Chess Trophy 2025,?,2025.05.01,"Lu, Miaoyi","Vazquez Igarza, Renier",1/2-1/2,,127,0.0,1.2677165354330708,0.7559055118110236,0.5826771653543307,2.15748031496063,0.8188976377952756,2.559055118110236,9.874015748031496,10.464566929133857,10.062326627877805,7.102362204724409,0.14173228346456693,7.102362204724409,0.31496062992125984,0.023622047244094488,26,26,8,0,0,2,0.2047,0.2047,0.063,0.0,0.0,67.16,32.84,Aggressive
Asturias International Chess Trophy 2025,?,2025.05.04,"Lu, Miaoyi","Prado Lobo, Jonas",1/2-1/2,,255,0.0,1.4549019607843137,1.9098039215686275,0.1450980392156863,2.8627450980392157,1.3137254901960784,1.8784313725490196,6.886274509803922,8.403921568627451,8.121033933386874,3.3529411764705883,0.050980392156862744,3.3529411764705883,0.4392156862745098,0.00784313725490196,24,34,6,0,0,2,0.0941,0.1333,0.0235,0.0,0.0,75.06,24.94,Aggressive
U16 Group A,?,2025.06.07,"Lu, Miaoyi","Erdogmus, Yagiz Kaan",0-1,,80,0.0,0.5,0.0,4.3,1.35,0.5,2.875,10.225,8.45,13.482895299145303,10.2875,0.0375,10.2875,0.3625,0.2125,18,18,2,0,0,0,0.225,0.225,0.025,0.0,0.0,54.68,45.32,Aggressive
Rapid,?,2025.06.12,"Lu, Miaoyi","Bologan, Victor",0-1,,58,0.0,0.22413793103448276,0.05172413793103448,2.4655172413793105,0.6206896551724138,0.22413793103448276,2.9310344827586206,10.03448275862069,8.362068965517242,14.142288506512646,11.362068965517242,0.017241379310344827,11.362068965517242,0.2413793103448276,0.1724137931034483,14,12,8,0,0,0,0.2414,0.2069,0.1379,0.0,0.0,49.87,50.13,Positional
Rapid,?,2025.06.12,"Lu, Miaoyi","Dominguez Perez, Leinier",0-1,,86,0.0,0.1511627906976744,0.0,1.8372093023255813,1.127906976744186,0.13953488372093023,3.046511627906977,10.19767441860465,8.395348837209303,14.041025576490698,11.19767441860465,0.046511627906976744,11.19767441860465,0.08139534883720931,0.05813953488372093,14,10,4,0,0,2,0.1628,0.1163,0.0465,0.0,0.0,46.45,53.55,Positional
Rapid,?,2025.06.12,"Lu, Miaoyi","Volokitin, Andrei",0-1,,72,0.0,0.20833333333333334,0.0,4.375,0.7083333333333334,0.20833333333333334,3.1666666666666665,9.944444444444445,9.027777777777779,13.138108650608652,9.98611111111111,0.013888888888888888,9.98611111111111,0.2361111111111111,0.3194444444444444,22,20,6,0,0,2,0.3056,0.2778,0.0833,0.0,0.0,59.97,40.03,Aggressive
Rapid,?,2025.06.13,"Lu, Miaoyi","Sokolovsky, Yahli",1/2-1/2,,19,0.0,0.05263157894736842,0.0,0.0,0.0,0.05263157894736842,2.526315789473684,7.842105263157895,3.8421052631578947,15.814035087719297,13.947368421052632,0.0,13.947368421052632,0.0,0.0,0,0,0,0,0,0,0.0,0.0,0.0,0.0,0.0,0.29,99.71,Positional
Rapid,?,2025.06.13,"Lu, Miaoyi","Sapenov, Daniyal",1/2-1/2,,90,0.0,0.7111111111111111,0.2,4.588888888888889,0.8888888888888888,0.6555555555555556,2.5444444444444443,9.877777777777778,10.2,11.963461384294714,9.21111111111111,0.07777777777777778,9.21111111111111,0.1111111111111111,0.17777777777777778,20,16,10,0,0,0,0.2222,0.1778,0.1111,0.0,0.0,60.33,39.67,Aggressive
Blitz | Pool A,?,2025.06.14,"Lu, Miaoyi","Hou, Yifan",1/2-1/2,,124,0.0,0.9112903225806451,1.2419354838709677,0.3951612903225806,5.758064516129032,0.7903225806451613,1.9596774193548387,8.03225806451613,9.080645161290322,9.452165240673308,5.983870967741935,0.0,5.983870967741935,0.5,0.0,26,30,4,0,0,2,0.2097,0.2419,0.0323,0.0,0.0,70.73,29.27,Aggressive
FIDE Women's World Cup 2025,?,2025.07.13,"Lu, Miaoyi","Osmak, Yuliia",1/2-1/2,,45,0.0,0.3333333333333333,0.06666666666666667,2.3333333333333335,0.8,0.3111111111111111,2.6222222222222222,9.911111111111111,7.5777777777777775,13.603289303289305,11.066666666666666,0.0,11.066666666666666,0.2222222222222222,0.08888888888888889,8,8,2,0,0,0,0.1778,0.1778,0.0444,0.0,0.0,37.2,62.8,Positional
Women Masters,?,2025.08.10,"Lu, Miaoyi","Wagner, Dinara",0-1,,90,0.0,0.7888888888888889,0.05555555555555555,2.0,2.1555555555555554,0.5,2.6333333333333333,9.61111111111111,8.244444444444444,10.059657965491295,7.0777777777777775,0.022222222222222223,7.0777777777777775,0.011111111111111112,0.0,24,24,4,0,0,2,0.2667,0.2667,0.0444,0.0,0.0,65.9,34.1,Aggressive
Turkish Super League 2025,?,2025.08.14,"Lu, Miaoyi","Salimova, Nurgyul",1/2-1/2,,60,0.0,0.5666666666666667,0.0,4.25,0.38333333333333336,0.5666666666666667,3.183333333333333,10.15,9.666666666666666,13.394920819920815,10.966666666666667,0.21666666666666667,10.966666666666667,0.0,0.016666666666666666,10,10,4,0,0,0,0.1667,0.1667,0.0667,0.0,0.0,43.6,56.4,Positional
Turkish Super League 2025,?,2025.08.15,"Lu, Miaoyi","Yildiz, Egehan",0-1,,72,0.0,0.5555555555555556,0.09722222222222222,6.513888888888889,1.75,0.4444444444444444,2.486111111111111,10.5,11.402777777777779,12.17745256286923,8.88888888888889,0.027777777777777776,8.88888888888889,0.4166666666666667,0.2361111111111111,20,16,8,0,0,0,0.2778,0.2222,0.1111,0.0,0.0,59.61,40.39,Aggressive
Chinese Chess League Division A,?,2025.08.31,"Lu, Miaoyi","Hou, Yifan",0-1,,70,0.0,0.6857142857142857,0.1,4.642857142857143,1.0142857142857142,0.6857142857142857,2.5714285714285716,10.057142857142857,11.042857142857143,12.925373673945098,9.442857142857143,0.1,9.442857142857143,0.08571428571428572,0.2,20,22,4,0,0,2,0.2857,0.3143,0.0571,0.0,0.0,59.01,40.99,Aggressive
Women,?,2025.09.07,"Lu, Miaoyi","Narva, Mai",0-1,,70,0.0,0.21428571428571427,0.0,2.2714285714285714,0.7428571428571429,0.21428571428571427,2.3857142857142857,10.871428571428572,9.571428571428571,14.278126080268942,11.614285714285714,0.04285714285714286,11.614285714285714,0.22857142857142856,0.014285714285714285,18,12,6,0,0,2,0.2571,0.1714,0.0857,0.0,0.0,51.37,48.63,Aggressive
Leyendas y Prodigios 2025,?,2025.09.17,"Lu, Miaoyi","Pichot, Alan",0-1,,66,0.0,0.8333333333333334,0.30303030303030304,2.196969696969697,1.303030303030303,0.8333333333333334,2.0454545454545454,9.636363636363637,9.121212121212121,12.394576971849702,9.409090909090908,0.18181818181818182,9.409090909090908,0.18181818181818182,0.030303030303030304,18,12,8,0,0,2,0.2727,0.1818,0.1212,0.0,0.0,56.82,43.18,Aggressive
Leyendas y Prodigios 2025,?,2025.09.19,"Lu, Miaoyi","Oro, Faustino",0-1,,58,0.0,0.7758620689655172,0.5862068965517241,2.8620689655172415,0.6379310344827587,0.7758620689655172,3.310344827586207,10.96551724137931,9.53448275862069,14.698509536440573,12.137931034482758,0.0,12.137931034482758,0.3448275862068966,0.1896551724137931,12,6,2,4,4,0,0.2069,0.1034,0.0345,0.069,0.069,44.04,55.96,Positional
Leyendas y Prodigios 2025,?,2025.09.21,"Lu, Miaoyi","Cuenca Jimenez, Jose Fernando",0-1,,132,0.0,0.9772727272727273,0.5227272727272727,2.234848484848485,1.893939393939394,0.7196969696969697,2.0757575757575757,9.121212121212121,10.090909090909092,9.746668251781887,6.712121212121212,0.0,6.712121212121212,0.25757575757575757,0.015151515151515152,28,22,8,0,0,2,0.2121,0.1667,0.0606,0.0,0.0,68.68,31.32,Aggressive
Play-off,?,2025.11.22,"Lu, Miaoyi","Shuvalova, Polina",0-1,,98,0.0,1.010204081632653,0.3673469387755102,0.6632653061224489,1.7959183673469388,0.6428571428571429,2.357142857142857,9.448979591836734,7.714285714285714,10.723757138553058,7.959183673469388,0.0,7.959183673469388,0.5510204081632653,0.05102040816326531,24,28,8,0,0,4,0.2449,0.2857,0.0816,0.0,0.0,67.77,32.23,Aggressive
,Barcelona (Spain),1935.??.??,Llado Lumbera Jaime,Capablanca Jose Raul (CUB),0-1,E91,50,0.0,0.06,0.1,1.4,0.22,0.06,2.9,10.32,7.68,14.39931479631479,11.78,0.24,11.78,0.06,0.08,16,8,2,0,0,0,0.32,0.16,0.04,0.0,0.0,43.59,56.41,Positional
,Leningrad (Russia),1935.??.??,Vasiliev Victor Andreevich,Capablanca Jose Raul (CUB),0-1,C73,103,0.0,0.883495145631068,0.6601941747572816,0.2912621359223301,3.4854368932038833,0.5339805825242718,2.504854368932039,8.25242718446602,7.330097087378641,9.182487711856648,6.398058252427185,0.05825242718446602,6.398058252427185,0.3106796116504854,0.0,36,26,4,0,0,2,0.3495,0.2524,0.0388,0.0,0.0,73.27,26.73,Aggressive
,Manchester (England),1935.??.??,Bancroft H,Capablanca Jose Raul (CUB),0-1,C73,74,0.0,0.36486486486486486,0.0,4.283783783783784,1.3108108108108107,0.36486486486486486,2.972972972972973,9.85135135135135,7.905405405405405,11.928576641076639,9.18918918918919,0.0,9.18918918918919,0.013513513513513514,0.20270270270270271,20,16,4,0,0,0,0.2703,0.2162,0.0541,0.0,0.0,58.21,41.79,Aggressive
,Manchester (England),1935.??.??,Eva / Allies,Capablanca Jose Raul (CUB),0-1,D06,69,0.0,0.855072463768116,0.391304347826087,4.405797101449275,1.2463768115942029,0.855072463768116,3.072463768115942,10.826086956521738,9.26086956521739,13.593159215985303,10.53623188405797,0.0,10.53623188405797,0.4782608695652174,0.3188405797101449,18,10,4,0,0,0,0.2609,0.1449,0.058,0.0,0.0,51.73,48.27,Aggressive
It,Margate (England),1935.??.??,Capablanca Jose Raul (CUB),Fairhurst William A (SCO),1/2-1/2,E39,63,0.0,0.14285714285714285,0.31746031746031744,0.9682539682539683,1.8412698412698412,0.14285714285714285,2.8095238095238093,9.047619047619047,6.190476190476191,10.759819853867471,8.26984126984127,0.0,8.26984126984127,0.3492063492063492,0.1111111111111111,28,14,4,0,0,2,0.4444,0.2222,0.0635,0.0,0.0,63.92,36.08,Aggressive
It,Margate (England),1935.??.??,Capablanca Jose Raul (CUB),Reilly Brian Patrick,1-0,D62,69,0.0,0.7246376811594203,0.0,4.405797101449275,0.2898550724637681,0.7246376811594203,2.449275362318841,9.855072463768115,9.08695652173913,11.888468053685449,8.826086956521738,0.10144927536231885,8.826086956521738,0.13043478260869565,0.11594202898550725,26,16,6,0,0,2,0.3768,0.2319,0.087,0.0,0.0,62.94,37.06,Aggressive
It,Margate (England),1935.??.??,Capablanca Jose Raul (CUB),Thomas George A (ENG),1-0,E16,67,0.0,0.3283582089552239,0.08955223880597014,3.328358208955224,1.1343283582089552,0.3283582089552239,3.1343283582089554,10.746268656716419,7.985074626865671,14.204438389139883,11.552238805970148,0.0,11.552238805970148,0.3283582089552239,0.014925373134328358,18,12,0,0,0,0,0.2687,0.1791,0.0,0.0,0.0,48.43,51.57,Positional
It,Margate (England),1935.??.??,Reshevsky Samuel H (USA),Capablanca Jose Raul (CUB),1-0,D35,111,0.0,0.2972972972972973,0.05405405405405406,2.5585585585585586,2.2432432432432434,0.24324324324324326,3.2882882882882885,10.612612612612613,9.08108108108108,13.693932443932443,10.27927927927928,0.018018018018018018,10.27927927927928,0.17117117117117117,0.08108108108108109,20,12,0,0,0,0,0.1802,0.1081,0.0,0.0,0.0,50.61,49.39,Aggressive
It,Moscow (Russia),1935.??.??,Capablanca Jose Raul (CUB),Bohatirchuk Fedor P (UKR),1/2-1/2,D31,158,0.0,0.8227848101265823,0.18354430379746836,2.329113924050633,0.8481012658227848,0.569620253164557,3.0632911392405062,10.050632911392405,7.879746835443038,10.741024394030722,7.829113924050633,0.012658227848101266,7.829113924050633,0.189873417721519,0.21518987341772153,36,16,4,0,0,2,0.2278,0.1013,0.0253,0.0,0.0,67.67,32.33,Aggressive
It,Moscow (Russia),1935.??.??,Capablanca Jose Raul (CUB),Botvinnik Mikhail M (RUS),1/2-1/2,D90,48,0.0,0.2708333333333333,0.0,1.3541666666666667,1.1041666666666667,0.2708333333333333,2.625,9.166666666666666,5.875,13.33505106005106,10.458333333333334,0.0,10.458333333333334,0.22916666666666666,0.020833333333333332,30,12,6,0,0,2,0.625,0.25,0.125,0.0,0.0,62.47,37.53,Aggressive
It,Moscow (Russia),1935.??.??,Capablanca Jose Raul (CUB),Goglidze Victor (GEO),1/2-1/2,D60,66,0.0,0.4393939393939394,0.12121212121212122,1.4242424242424243,0.6818181818181818,0.36363636363636365,2.5303030303030303,9.56060606060606,7.2272727272727275,12.25540377131286,9.621212121212121,0.0,9.621212121212121,0.2878787878787879,0.18181818181818182,28,18,4,0,0,2,0.4242,0.2727,0.0606,0.0,0.0,62.73,37.27,Aggressive
It,Moscow (Russia),1935.??.??,Capablanca Jose Raul (CUB),Kan Ilya A (RUS),1-0,D67,103,0.0,0.7087378640776699,0.34951456310679613,1.8932038834951457,2.1650485436893203,0.4854368932038835,2.7572815533980584,10.553398058252426,8.339805825242719,13.029082837335261,9.893203883495145,0.02912621359223301,9.893203883495145,0.5339805825242718,0.019417475728155338,20,16,6,0,0,2,0.1942,0.1553,0.0583,0.0,0.0,57.49,42.51,Aggressive
It,Moscow (Russia),1935.??.??,Capablanca Jose Raul (CUB),Levenfish Grigori Y (RUS),1-0,D49,51,0.0,0.5490196078431373,0.0,1.7647058823529411,0.39215686274509803,0.5490196078431373,2.7058823529411766,9.784313725490197,7.882352941176471,13.78298449916097,11.0,0.0,11.0,0.0392156862745098,0.0,16,8,6,0,0,0,0.3137,0.1569,0.1176,0.0,0.0,48.98,51.02,Positional
It,Moscow (Russia),1935.??.??,Capablanca Jose Raul (CUB),Lilienthal Andor (HUN),1/2-1/2,D94,56,0.0,0.07142857142857142,0.0,0.625,0.6607142857142857,0.07142857142857142,2.982142857142857,9.464285714285714,5.982142857142857,13.901706924028357,11.571428571428571,0.07142857142857142,11.571428571428571,0.14285714285714285,0.0,26,12,4,0,0,2,0.4643,0.2143,0.0714,0.0,0.0,57.1,42.9,Aggressive
It,Moscow (Russia),1935.??.??,Capablanca Jose Raul (CUB),Menchik Vera,1-0,E85,63,0.0,0.36507936507936506,0.0,0.49206349206349204,0.07936507936507936,0.23809523809523808,2.7301587301587302,10.158730158730158,6.873015873015873,15.498424326995757,13.333333333333334,0.0,13.333333333333334,0.015873015873015872,0.0,6,2,0,0,0,0,0.0952,0.0317,0.0,0.0,0.0,20.39,79.61,Positional
It,Moscow (Russia),1935.??.??,Capablanca Jose Raul (CUB),Rabinovich Ilya L (RUS),1/2-1/2,D20,21,0.0,0.14285714285714285,0.5714285714285714,0.3333333333333333,0.19047619047619047,0.14285714285714285,2.142857142857143,9.047619047619047,5.904761904761905,13.66685853828711,11.80952380952381,0.0,11.80952380952381,0.09523809523809523,0.047619047619047616,6,6,0,0,0,0,0.2857,0.2857,0.0,0.0,0.0,26.77,73.23,Positional
It,Moscow (Russia),1935.??.??,Capablanca Jose Raul (CUB),Ragozin Viacheslav V (RUS),1-0,E27,97,0.0,0.26804123711340205,0.010309278350515464,0.8865979381443299,1.0,0.041237113402061855,2.7216494845360826,10.31958762886598,8.29896907216495,14.239381065669727,12.082474226804123,0.23711340206185566,12.082474226804123,0.31958762886597936,0.09278350515463918,14,4,4,0,0,0,0.1443,0.0412,0.0412,0.0,0.0,40.47,59.53,Positional
It,Moscow (Russia),1935.??.??,Lasker Emanuel (GER),Capablanca Jose Raul (CUB),1-0,C15,125,0.0,0.712,0.12,3.648,1.704,0.608,2.792,9.44,7.704,10.808854101454097,8.112,0.024,8.112,0.216,0.144,22,12,2,0,0,2,0.176,0.096,0.016,0.0,0.0,59.41,40.59,Aggressive
It,Moscow (Russia),1935.??.??,Rjumin N (RUS),Capablanca Jose Raul (CUB),1-0,E37,58,0.0,0.5517241379310345,0.05172413793103448,2.5344827586206895,0.1724137931034483,0.5517241379310345,2.8448275862068964,10.724137931034482,8.0,14.101681364612393,11.5,0.22413793103448276,11.5,0.25862068965517243,0.1206896551724138,6,6,0,0,0,0,0.1034,0.1034,0.0,0.0,0.0,29.08,70.92,Positional
,Tarrega (Spain),1935.??.??,Capablanca Jose Raul (CUB),Callejo,1-0,A03,81,0.0,0.18518518518518517,0.20987654320987653,0.49382716049382713,0.8148148148148148,0.18518518518518517,3.234567901234568,9.814814814814815,7.765432098765432,12.00917998325406,9.185185185185185,0.06172839506172839,9.185185185185185,0.20987654320987653,0.012345679012345678,24,14,6,0,0,2,0.2963,0.1728,0.0741,0.0,0.0,59.1,40.9,Aggressive
Moscow,Moscow URS,1935.02.27,Emanuel Lasker,Jose Raul Capablanca,1-0,C15,127,0.0,0.7165354330708661,0.11811023622047244,3.6377952755905514,1.6771653543307086,0.6141732283464567,2.795275590551181,9.472440944881889,7.661417322834645,10.799115866635546,8.094488188976378,0.023622047244094488,8.094488188976378,0.2047244094488189,0.14960629921259844,22,12,2,0,0,2,0.1732,0.0945,0.0157,0.0,0.0,59.42,40.58,Aggressive
Moscow,Moscow URS,1935.03.14,Jose Raul Capablanca,Grigory Levenfish,1-0,D49,51,0.0,0.5490196078431373,0.0,1.803921568627451,0.39215686274509803,0.5490196078431373,2.7450980392156863,9.843137254901961,7.9411764705882355,13.780370120076002,10.980392156862745,0.0,10.980392156862745,0.0392156862745098,0.0,16,8,6,0,0,0,0.3137,0.1569,0.1176,0.0,0.0,48.94,51.06,Positional
Moscow,Moscow URS,1935.03.06,Jose Raul Capablanca,Ilya Leontievich Rabinovich,1/2-1/2,D20,24,0.0,0.25,0.625,0.2916666666666667,0.3333333333333333,0.25,2.1666666666666665,9.291666666666666,6.375,13.846321733821734,11.916666666666666,0.041666666666666664,11.916666666666666,0.16666666666666666,0.041666666666666664,6,6,0,0,0,0,0.25,0.25,0.0,0.0,0.0,26.73,73.27,Positional
Moscow,Moscow URS,1935.02.28,Jose Raul Capablanca,Fedor Parfenovich Bohatirchuk,1/2-1/2,D31,158,0.0,0.8354430379746836,0.18354430379746836,2.329113924050633,0.8481012658227848,0.569620253164557,3.0569620253164556,10.031645569620252,7.867088607594937,10.727311313861946,7.829113924050633,0.012658227848101266,7.829113924050633,0.189873417721519,0.21518987341772153,36,16,4,0,0,2,0.2278,0.1013,0.0253,0.0,0.0,67.7,32.3,Aggressive
Margate,Margate ENG,1935.04.27,Samuel Reshevsky,Jose Raul Capablanca,1-0,D51,111,0.0,0.2972972972972973,0.05405405405405406,2.5855855855855854,2.2432432432432434,0.24324324324324326,3.2882882882882885,10.612612612612613,9.108108108108109,13.738076588076586,10.333333333333334,0.018018018018018018,10.333333333333334,0.17117117117117117,0.08108108108108109,20,12,0,0,0,0,0.1802,0.1081,0.0,0.0,0.0,50.56,49.44,Aggressive
Open A,?,2025.01.04,Visakh N R,"Lu, Miaoyi",1-0,,89,0.0,0.6179775280898876,0.25842696629213485,3.0224719101123596,1.3146067415730338,0.5393258426966292,2.539325842696629,9.910112359550562,7.842696629213483,12.623856480598054,9.573033707865168,0.0,9.573033707865168,0.3707865168539326,0.15730337078651685,26,18,10,0,0,4,0.2921,0.2022,0.1124,0.0,0.0,64.75,35.25,Aggressive
Challengers,?,2025.01.26,"Nguyen, Thai Dai Van","Lu, Miaoyi",1-0,,119,0.0,0.6554621848739496,0.6386554621848739,1.6050420168067228,2.3361344537815127,0.5462184873949579,2.1176470588235294,8.134453781512605,9.218487394957982,10.265610439980184,7.100840336134453,0.01680672268907563,7.100840336134453,0.40336134453781514,0.16806722689075632,24,26,10,0,0,2,0.2017,0.2185,0.084,0.0,0.0,68.77,31.23,Aggressive
Challengers,?,2025.02.01,"Oro, Faustino","Lu, Miaoyi",1-0,,91,0.0,0.6813186813186813,0.10989010989010989,0.6153846153846154,2.1758241758241756,0.6593406593406593,3.065934065934066,10.604395604395604,9.23076923076923,12.873277790585476,10.252747252747254,0.10989010989010989,10.252747252747254,0.2087912087912088,0.06593406593406594,26,14,4,0,0,2,0.2857,0.1538,0.044,0.0,0.0,58.1,41.9,Aggressive
Girls,?,2025.03.04,"Allahverdiyeva, Ayan","Lu, Miaoyi",1-0,,129,0.0,1.1395348837209303,0.17829457364341086,0.6046511627906976,6.069767441860465,0.9224806201550387,2.302325581395349,8.565891472868216,11.69767441860465,9.98542392147044,6.635658914728682,0.2713178294573643,6.635658914728682,0.49612403100775193,0.03875968992248062,24,22,8,0,0,2,0.186,0.1705,0.062,0.0,0.0,66.71,33.29,Aggressive
Reykjavik Open,?,2025.04.11,"Adhiban, B.","Lu, Miaoyi",1-0,,71,0.0,0.5915492957746479,0.29577464788732394,3.464788732394366,1.0704225352112675,0.5492957746478874,2.915492957746479,10.52112676056338,8.80281690140845,12.257398274651797,9.43661971830986,0.028169014084507043,9.43661971830986,0.36619718309859156,0.2112676056338028,18,18,2,0,0,0,0.2535,0.2535,0.0282,0.0,0.0,55.04,44.96,Aggressive
Open,?,2025.04.25,"Pranav, V","Lu, Miaoyi",1-0,,59,0.0,0.3559322033898305,0.01694915254237288,1.8305084745762712,0.5084745762711864,0.3559322033898305,2.5254237288135593,10.661016949152541,7.559322033898305,14.67183833116037,11.694915254237289,0.0,11.694915254237289,0.1016949152542373,0.1864406779661017,14,4,2,0,0,0,0.2373,0.0678,0.0339,0.0,0.0,39.88,60.12,Positional
U16 Group A,?,2025.06.07,"Erdogmus, Yagiz Kaan","Lu, Miaoyi",1-0,,73,0.0,0.7534246575342466,0.0,1.9315068493150684,0.5616438356164384,0.7534246575342466,2.8767123287671232,10.698630136986301,8.027397260273972,14.687777481270627,11.767123287671232,0.0273972602739726,11.767123287671232,0.0,0.0,14,18,6,0,0,0,0.1918,0.2466,0.0822,0.0,0.0,51.17,48.83,Aggressive
U16 Group A,?,2025.06.07,"Materia, Marco","Lu, Miaoyi",1-0,,63,0.0,1.0,0.15873015873015872,1.1746031746031746,2.5396825396825395,0.8253968253968254,2.2222222222222223,9.603174603174603,8.873015873015873,11.46516129373272,9.047619047619047,0.14285714285714285,9.047619047619047,0.23809523809523808,0.0,20,10,2,0,0,0,0.3175,0.1587,0.0317,0.0,0.0,54.22,45.78,Aggressive
Rapid,?,2025.06.11,"Seemann, Jakub","Lu, Miaoyi",1-0,,67,0.0,0.9253731343283582,0.13432835820895522,5.358208955223881,2.074626865671642,0.6716417910447762,2.626865671641791,10.238805970149254,10.716417910447761,12.174570785764816,9.17910447761194,0.05970149253731343,9.17910447761194,0.373134328358209,0.05970149253731343,20,18,6,0,0,0,0.2985,0.2687,0.0896,0.0,0.0,59.49,40.51,Aggressive
Blitz | Pool A,?,2025.06.14,"Osmak, Yuliia","Lu, Miaoyi",1-0,,101,0.0,1.5742574257425743,0.49504950495049505,0.44554455445544555,0.5544554455445545,0.7128712871287128,3.0594059405940595,10.049504950495049,8.257425742574258,11.085575782853011,8.94059405940594,0.13861386138613863,8.94059405940594,0.2079207920792079,0.009900990099009901,28,22,2,0,0,0,0.2772,0.2178,0.0198,0.0,0.0,63.0,37.0,Aggressive
FIDE Women's World Cup 2025,?,2025.07.10,"Tokhirjonova, Gulrukhbegim","Lu, Miaoyi",1-0,,118,0.0,0.6016949152542372,0.8898305084745762,1.5169491525423728,0.6101694915254238,0.3983050847457627,2.3135593220338984,8.610169491525424,7.330508474576271,9.782476515951092,7.296610169491525,0.01694915254237288,7.296610169491525,0.22033898305084745,0.23728813559322035,30,26,6,0,0,4,0.2542,0.2203,0.0508,0.0,0.0,70.51,29.49,Aggressive
FIDE Women's World Cup 2025,?,2025.07.11,"Tokhirjonova, Gulrukhbegim","Lu, Miaoyi",1-0,,117,0.0,0.5897435897435898,0.1623931623931624,3.2905982905982905,0.9829059829059829,0.3418803418803419,2.735042735042735,9.222222222222221,9.88034188034188,11.197630882887292,7.880341880341881,0.02564102564102564,7.880341880341881,0.29914529914529914,0.21367521367521367,24,26,2,0,0,2,0.2051,0.2222,0.0171,0.0,0.0,63.69,36.31,Aggressive
FIDE Women's World Cup 2025,?,2025.07.12,"Osmak, Yuliia","Lu, Miaoyi",1-0,,109,0.0,0.7981651376146789,0.1926605504587156,0.5137614678899083,4.5963302752293576,0.6422018348623854,2.7889908256880735,9.568807339449542,9.192660550458715,11.117972827376498,7.935779816513762,0.0,7.935779816513762,0.28440366972477066,0.045871559633027525,28,12,8,0,0,2,0.2569,0.1101,0.0734,0.0,0.0,64.25,35.75,Aggressive
Women,?,2025.09.05,"Lu, Miaoyi","Efroimski, Marsel",1/2-1/2,,170,0.0,0.8,0.2529411764705882,4.741176470588235,1.188235294117647,0.6647058823529411,2.888235294117647,9.958823529411765,10.952941176470588,10.771320052496513,7.464705882352941,0.08235294117647059,7.464705882352941,0.041176470588235294,0.2529411764705882,24,26,10,0,0,2,0.1412,0.1529,0.0588,0.0,0.0,66.87,33.13,Aggressive
Women,?,2025.09.06,"Krush, Irina","Lu, Miaoyi",1-0,,95,0.0,0.5789473684210527,0.021052631578947368,4.347368421052631,1.4842105263157894,0.5789473684210527,2.8842105263157896,9.726315789473684,9.410526315789474,12.410546500283345,8.863157894736842,0.08421052631578947,8.863157894736842,0.10526315789473684,0.28421052631578947,24,24,6,0,0,2,0.2526,0.2526,0.0632,0.0,0.0,63.89,36.11,Aggressive
Women,?,2025.09.13,"Lu, Miaoyi","Balajayeva, Khanim",1/2-1/2,,82,0.0,0.926829268292683,0.4268292682926829,0.0975609756097561,0.6585365853658537,0.6951219512195121,2.682926829268293,9.182926829268293,6.926829268292683,11.481049573732498,9.195121951219512,0.036585365853658534,9.195121951219512,0.21951219512195122,0.0,30,14,10,0,0,2,0.3659,0.1707,0.122,0.0,0.0,65.71,34.29,Aggressive
Leyendas y Prodigios 2025,?,2025.09.20,"Granda Zuniga, Julio E","Lu, Miaoyi",1-0,,77,0.0,0.6623376623376623,0.0,1.5714285714285714,1.6623376623376624,0.6623376623376623,3.1298701298701297,10.324675324675324,8.584415584415584,12.89410993047357,9.506493506493506,0.19480519480519481,9.506493506493506,0.06493506493506493,0.0,24,22,6,0,0,4,0.3117,0.2857,0.0779,0.0,0.0,62.08,37.92,Aggressive
Leyendas y Prodigios 2025,?,2025.09.22,"Larino Nieto, David","Lu, Miaoyi",1-0,,139,0.0,0.6690647482014388,0.20863309352517986,2.3309352517985613,3.6690647482014387,0.5179856115107914,2.5035971223021583,9.323741007194245,9.33093525179856,11.412834347906283,7.482014388489208,0.05755395683453238,7.482014388489208,0.6330935251798561,0.2517985611510791,30,16,2,0,0,2,0.2158,0.1151,0.0144,0.0,0.0,64.65,35.35,Aggressive
Chinese Chess League Division A,?,2025.10.01,"Lu, Miaoyi","Bai, Xue",1/2-1/2,,126,0.0,1.2301587301587302,0.0,1.253968253968254,3.134920634920635,0.6031746031746031,2.880952380952381,10.325396825396826,9.777777777777779,11.94341302436541,9.126984126984127,0.031746031746031744,9.126984126984127,0.3492063492063492,0.023809523809523808,34,16,8,0,0,4,0.2698,0.127,0.0635,0.0,0.0,66.42,33.58,Aggressive
Women,?,2025.10.21,"Lu, Miaoyi","Efroimski, Marsel",1/2-1/2,,136,0.0,0.7426470588235294,0.6764705882352942,3.3161764705882355,1.5588235294117647,0.4852941176470588,2.801470588235294,10.647058823529411,8.919117647058824,11.733115087526848,8.522058823529411,0.0,8.522058823529411,0.35294117647058826,0.23529411764705882,32,14,2,0,0,0,0.2353,0.1029,0.0147,0.0,0.0,62.99,37.01,Aggressive
Women,?,2025.10.22,"Lu, Miaoyi",Vantika Agrawal,1/2-1/2,,61,0.0,0.4918032786885246,0.11475409836065574,1.6065573770491803,1.6557377049180328,0.4918032786885246,2.377049180327869,8.639344262295081,5.885245901639344,11.522171089384203,8.885245901639344,0.04918032786885246,8.885245901639344,0.5245901639344263,0.06557377049180328,24,14,2,0,0,2,0.3934,0.2295,0.0328,0.0,0.0,60.91,39.09,Aggressive
Pool B,?,2025.11.18,"Lu, Miaoyi","Omonova, Umida",1/2-1/2,,102,0.0,0.6470588235294118,0.0196078431372549,4.823529411764706,3.3823529411764706,0.6470588235294118,2.843137254901961,10.892156862745098,11.656862745098039,12.77732240526359,8.431372549019608,0.0,8.431372549019608,0.5294117647058824,0.1568627450980392,12,22,2,0,0,0,0.1176,0.2157,0.0196,0.0,0.0,53.1,46.9,Aggressive
Pool B,?,2025.11.19,"Lu, Miaoyi",Velpula Sarayu,1/2-1/2,,87,0.0,1.3103448275862069,0.6551724137931034,2.586206896551724,1.0459770114942528,1.103448275862069,2.689655172413793,9.482758620689655,8.89655172413793,9.809819203784718,6.827586206896552,0.04597701149425287,6.827586206896552,0.25287356321839083,0.09195402298850575,32,22,12,0,0,4,0.3678,0.2529,0.1379,0.0,0.0,71.72,28.28,Aggressive
Pool B,?,2025.11.19,"Lu, Miaoyi","Javakhishvili, Lela",1/2-1/2,,83,0.0,0.4939759036144578,0.18072289156626506,1.3493975903614457,2.8433734939759034,0.4578313253012048,2.5180722891566263,9.421686746987952,8.204819277108435,12.00780026533039,9.060240963855422,0.03614457831325301,9.060240963855422,0.24096385542168675,0.03614457831325301,22,20,6,0,0,2,0.2651,0.241,0.0723,0.0,0.0,61.86,38.14,Aggressive
Play-off,?,2025.11.21,"Abrahamyan, Tatev","Lu, Miaoyi",1-0,,57,0.0,0.631578947368421,0.0,2.0350877192982457,0.9122807017543859,0.631578947368421,3.2280701754385963,10.24561403508772,8.43859649122807,14.229317417475308,11.596491228070175,0.0,11.596491228070175,0.03508771929824561,0.14035087719298245,16,6,6,0,0,0,0.2807,0.1053,0.1053,0.0,0.0,47.09,52.91,Positional
Open A,?,2025.01.02,"Papadopoulos, Ioannis","Lu, Miaoyi",0-1,,64,0.0,1.03125,0.546875,1.25,0.5625,0.9375,3.09375,11.28125,8.75,15.174373803280048,12.625,0.0,12.625,0.1875,0.0,12,4,2,0,0,0,0.1875,0.0625,0.0312,0.0,0.0,36.37,63.63,Positional
Open A,?,2025.01.03,"Dolzhykova, Kateryna","Lu, Miaoyi",0-1,,90,0.0,0.4888888888888889,0.1,1.3888888888888888,3.066666666666667,0.37777777777777777,2.988888888888889,10.28888888888889,9.488888888888889,12.573437025937025,9.588888888888889,0.03333333333333333,9.588888888888889,0.35555555555555557,0.15555555555555556,24,20,4,0,0,0,0.2667,0.2222,0.0444,0.0,0.0,59.66,40.34,Aggressive
Girls,?,2025.02.26,"Ostensson, Julia","Lu, Miaoyi",0-1,,70,0.0,0.44285714285714284,0.11428571428571428,3.5428571428571427,1.5,0.44285714285714284,3.0285714285714285,10.6,8.814285714285715,14.006627182341466,10.67142857142857,0.014285714285714285,10.67142857142857,0.4714285714285714,0.22857142857142856,20,10,2,0,0,0,0.2857,0.1429,0.0286,0.0,0.0,51.19,48.81,Aggressive
Girls,?,2025.02.28,"Pipiras, Filipa Fortuna","Lu, Miaoyi",0-1,,88,0.0,0.8977272727272727,0.6363636363636364,0.13636363636363635,3.2045454545454546,0.5,2.1931818181818183,8.863636363636363,8.875,9.420366407582314,6.784090909090909,0.0,6.784090909090909,0.3409090909090909,0.0,28,22,4,0,0,0,0.3182,0.25,0.0455,0.0,0.0,67.33,32.67,Aggressive
Girls,?,2025.03.07,"Hrebenshchykova, Yelyzaveta","Lu, Miaoyi",0-1,,82,0.0,0.7926829268292683,0.17073170731707318,4.182926829268292,1.146341463414634,0.6707317073170732,2.7439024390243905,10.146341463414634,8.231707317073171,12.056141690288033,9.146341463414634,0.012195121951219513,9.146341463414634,0.3170731707317073,0.04878048780487805,24,14,2,0,0,0,0.2927,0.1707,0.0244,0.0,0.0,58.96,41.04,Aggressive
Reykjavik Open,?,2025.04.10,"Kracht, Raphael","Lu, Miaoyi",0-1,,114,0.0,0.7894736842105263,0.0,4.587719298245614,1.1491228070175439,0.7543859649122807,3.1052631578947367,10.68421052631579,10.026315789473685,12.52645736329947,9.236842105263158,0.05263157894736842,9.236842105263158,0.19298245614035087,0.15789473684210525,16,14,2,0,0,0,0.1404,0.1228,0.0175,0.0,0.0,51.9,48.1,Aggressive
Reykjavik Open,?,2025.04.13,"Gislason, Gudmundur","Lu, Miaoyi",0-1,,64,0.0,0.46875,0.0,0.65625,1.46875,0.46875,2.078125,9.546875,7.171875,12.131173123751251,9.578125,0.046875,9.578125,0.28125,0.015625,24,20,8,0,0,4,0.375,0.3125,0.125,0.0,0.0,63.7,36.3,Aggressive
Reykjavik Open,?,2025.04.14,Joel Paul Ganta,"Lu, Miaoyi",0-1,,54,0.0,0.12962962962962962,0.0,1.2037037037037037,1.1481481481481481,0.12962962962962962,3.2037037037037037,10.37037037037037,8.38888888888889,14.7680172194061,11.944444444444445,0.0,11.944444444444445,0.42592592592592593,0.2037037037037037,20,10,8,0,0,4,0.3704,0.1852,0.1481,0.0,0.0,53.06,46.94,Aggressive
Chess Open,?,2025.04.20,"Pubantz, Jan","Lu, Miaoyi",0-1,,176,0.0,1.2045454545454546,1.3125,0.022727272727272728,1.2727272727272727,0.9204545454545454,1.875,7.818181818181818,7.823863636363637,7.904285376870604,4.6875,0.06818181818181818,4.6875,0.19886363636363635,0.005681818181818182,30,32,6,0,0,2,0.1705,0.1818,0.0341,0.0,0.0,75.04,24.96,Aggressive
Chess Open,?,2025.04.21,"Hampel, Felix","Lu, Miaoyi",0-1,,74,0.0,0.7027027027027027,0.0,3.2432432432432434,0.14864864864864866,0.6216216216216216,2.810810810810811,10.31081081081081,9.432432432432432,12.86262941262941,10.35135135135135,0.17567567567567569,10.35135135135135,0.10810810810810811,0.17567567567567569,16,10,4,0,0,0,0.2162,0.1351,0.0541,0.0,0.0,49.4,50.6,Positional
Asturias International Chess Trophy 2025,?,2025.04.30,"Gusain, Himal","Lu, Miaoyi",0-1,,72,0.0,0.5694444444444444,0.013888888888888888,4.513888888888889,1.6666666666666667,0.5277777777777778,2.6527777777777777,10.152777777777779,9.833333333333334,12.610975559933895,9.347222222222221,0.06944444444444445,9.347222222222221,0.3055555555555556,0.1527777777777778,24,16,4,0,0,0,0.3333,0.2222,0.0556,0.0,0.0,59.54,40.46,Aggressive
U16 Group A,?,2025.06.07,"Royal, Shreyas","Lu, Miaoyi",0-1,,66,0.0,1.0,0.21212121212121213,1.696969696969697,1.8484848484848484,0.8333333333333334,3.121212121212121,10.484848484848484,9.121212121212121,14.122596973733335,11.287878787878787,0.07575757575757576,11.287878787878787,0.09090909090909091,0.07575757575757576,18,6,6,0,0,0,0.2727,0.0909,0.0909,0.0,0.0,49.32,50.68,Positional
U16 Group A,?,2025.06.07,"Poh, Yu Tian","Lu, Miaoyi",0-1,,124,0.0,1.0483870967741935,0.7741935483870968,0.25,0.33064516129032256,0.7983870967741935,2.185483870967742,8.17741935483871,7.854838709677419,9.093311907626424,6.266129032258065,0.1532258064516129,6.266129032258065,0.08064516129032258,0.024193548387096774,40,32,8,0,0,2,0.3226,0.2581,0.0645,0.0,0.0,76.08,23.92,Aggressive
Rapid,?,2025.06.11,"Verbytski, Oleg","Lu, Miaoyi",0-1,,96,0.0,0.96875,0.10416666666666667,2.6041666666666665,1.8125,0.8854166666666666,2.7083333333333335,10.364583333333334,9.854166666666666,12.747670009388761,9.895833333333334,0.16666666666666666,9.895833333333334,0.2604166666666667,0.052083333333333336,22,18,6,0,0,2,0.2292,0.1875,0.0625,0.0,0.0,59.39,40.61,Aggressive
Rapid,?,2025.06.13,"Glek, Igor","Lu, Miaoyi",0-1,,156,0.0,0.8269230769230769,1.0256410256410255,2.9038461538461537,0.6474358974358975,0.6153846153846154,2.2756410256410255,8.5,9.91025641025641,10.128582457428612,5.980769230769231,0.00641025641025641,5.980769230769231,0.01282051282051282,0.17307692307692307,28,32,12,0,0,4,0.1795,0.2051,0.0769,0.0,0.0,72.77,27.23,Aggressive
Blitz | Pool A,?,2025.06.14,"Roebers, Eline","Lu, Miaoyi",0-1,,100,0.0,0.39,0.03,0.6,2.54,0.27,2.94,10.1,8.28,12.057281912531908,9.55,0.08,9.55,0.25,0.0,38,16,6,0,0,2,0.38,0.16,0.06,0.0,0.0,66.77,33.23,Aggressive
Blitz | Pool A,?,2025.06.14,"Garcia Martin, Marta","Lu, Miaoyi",0-1,,59,0.0,0.4745762711864407,0.0,1.2203389830508475,0.7796610169491526,0.4745762711864407,2.8813559322033897,10.11864406779661,8.0,13.965133360048613,11.152542372881356,0.0,11.152542372881356,0.05084745762711865,0.1016949152542373,18,12,4,0,0,2,0.3051,0.2034,0.0678,0.0,0.0,51.2,48.8,Aggressive
Women Masters,?,2025.08.03,"Daulyte-Cornette, Deimante","Lu, Miaoyi",0-1,,78,0.0,0.7948717948717948,0.038461538461538464,4.487179487179487,2.717948717948718,0.7948717948717948,3.141025641025641,10.41025641025641,10.41025641025641,12.783719058719058,9.833333333333334,0.2564102564102564,9.833333333333334,0.358974358974359,0.01282051282051282,16,14,4,0,0,2,0.2051,0.1795,0.0513,0.0,0.0,53.69,46.31,Aggressive
Women Masters,?,2025.08.04,"Wagner, Dinara","Lu, Miaoyi",0-1,,74,0.0,0.35135135135135137,0.0,2.918918918918919,2.472972972972973,0.35135135135135137,3.135135135135135,10.85135135135135,10.22972972972973,14.454919742419744,10.864864864864865,0.0,10.864864864864865,0.4594594594594595,0.17567567567567569,16,16,0,0,0,0,0.2162,0.2162,0.0,0.0,0.0,48.35,51.65,Positional
Turkish Super League 2025,?,2025.08.13,"Pogorelskikh, Sofia","Lu, Miaoyi",0-1,,60,0.0,0.5333333333333333,0.0,1.3,0.25,0.43333333333333335,3.1166666666666667,10.65,8.3,14.151229326229323,11.5,0.11666666666666667,11.5,0.06666666666666667,0.016666666666666666,16,8,6,0,0,0,0.2667,0.1333,0.1,0.0,0.0,47.09,52.91,Positional
Chinese Chess League Division A,?,2025.08.27,"Xiao, Yiyi","Lu, Miaoyi",0-1,,54,0.0,0.24074074074074073,0.0,2.6666666666666665,1.3333333333333333,0.24074074074074073,2.740740740740741,10.018518518518519,6.981481481481482,14.37626560682116,11.518518518518519,0.0,11.518518518518519,0.5925925925925926,0.018518518518518517,14,10,2,0,0,0,0.2593,0.1852,0.037,0.0,0.0,45.53,54.47,Positional
Chinese Chess League Division A,?,2025.09.01,"Zhao, Xue","Lu, Miaoyi",0-1,,84,0.0,0.5952380952380952,0.011904761904761904,3.107142857142857,3.7023809523809526,0.47619047619047616,2.369047619047619,8.75,8.892857142857142,11.17542685489114,7.940476190476191,0.0,7.940476190476191,0.15476190476190477,0.09523809523809523,24,12,4,0,0,2,0.2857,0.1429,0.0476,0.0,0.0,61.89,38.11,Aggressive
Women,?,2025.09.09,"Roebers, Eline","Lu, Miaoyi",0-1,,70,0.0,0.6285714285714286,0.5142857142857142,0.15714285714285714,1.2428571428571429,0.6285714285714286,3.1285714285714286,9.942857142857143,7.585714285714285,11.861409542838114,9.314285714285715,0.02857142857142857,9.314285714285715,0.2857142857142857,0.014285714285714285,24,16,6,0,0,0,0.3429,0.2286,0.0857,0.0,0.0,59.84,40.16,Aggressive
Women,?,2025.09.15,"Zhai, Mo","Lu, Miaoyi",0-1,,102,0.0,0.5294117647058824,0.0,2.9901960784313726,2.127450980392157,0.5294117647058824,2.980392156862745,10.392156862745098,9.833333333333334,13.52179767400355,9.764705882352942,0.30392156862745096,9.764705882352942,0.5,0.14705882352941177,18,12,0,0,0,0,0.1765,0.1176,0.0,0.0,0.0,49.68,50.32,Positional
Play-off,?,2025.11.22,"Shuvalova, Polina","Lu, Miaoyi",1-0,,163,0.0,1.3680981595092025,0.5828220858895705,0.09815950920245399,3.9079754601226995,1.0368098159509203,2.3374233128834354,7.601226993865031,9.52760736196319,8.513542439155932,5.717791411042945,0.31901840490797545,5.717791411042945,0.32515337423312884,0.018404907975460124,24,30,6,0,0,2,0.1472,0.184,0.0368,0.0,0.0,70.7,29.3,Aggressive
Open A,?,2025.01.05,"Langheinrich, Ferenc","Lu, Miaoyi",1/2-1/2,,31,0.0,0.06451612903225806,0.06451612903225806,0.45161290322580644,0.8387096774193549,0.06451612903225806,2.3548387096774195,8.580645161290322,5.774193548387097,14.113570837764387,11.935483870967742,0.0,11.935483870967742,0.16129032258064516,0.0,6,6,2,0,0,0,0.1935,0.1935,0.0645,0.0,0.0,30.24,69.76,Positional
Challengers,?,2025.01.19,"Vaishali, Rameshbabu","Lu, Miaoyi",1/2-1/2,,67,0.0,0.11940298507462686,0.0,1.8059701492537314,0.43283582089552236,0.11940298507462686,2.9402985074626864,10.328358208955224,7.268656716417911,15.100870481094363,12.417910447761194,0.07462686567164178,12.417910447761194,0.6716417910447762,0.04477611940298507,24,10,4,0,0,0,0.3582,0.1493,0.0597,0.0,0.0,52.71,47.29,Aggressive
Challengers,?,2025.01.21,"Bulmaga, Irina","Lu, Miaoyi",1/2-1/2,,66,0.0,0.5151515151515151,0.3333333333333333,5.363636363636363,0.803030303030303,0.5151515151515151,2.5757575757575757,9.606060606060606,10.348484848484848,12.059091245454884,8.93939393939394,0.0,8.93939393939394,0.25757575757575757,0.3787878787878788,14,14,6,0,0,0,0.2121,0.2121,0.0909,0.0,0.0,53.92,46.08,Aggressive
Challengers,?,2025.01.24,"Pijpers, Arthur","Lu, Miaoyi",1/2-1/2,,52,0.0,0.36538461538461536,0.23076923076923078,0.19230769230769232,1.0192307692307692,0.36538461538461536,2.4423076923076925,9.057692307692308,6.846153846153846,12.192205230666769,9.711538461538462,0.0,9.711538461538462,0.4230769230769231,0.038461538461538464,16,10,2,0,0,0,0.3077,0.1923,0.0385,0.0,0.0,48.79,51.21,Positional
Challengers,?,2025.01.29,"Gurel, Ediz","Lu, Miaoyi",1/2-1/2,,78,0.0,0.46153846153846156,0.02564102564102564,3.3461538461538463,2.0,0.4358974358974359,3.0384615384615383,10.0,8.012820512820513,13.17717247140324,10.474358974358974,0.0,10.474358974358974,0.20512820512820512,0.01282051282051282,20,12,2,0,0,0,0.2564,0.1538,0.0256,0.0,0.0,53.56,46.44,Aggressive
Girls,?,2025.03.02,"Karmanova, Olga Dm.","Lu, Miaoyi",1/2-1/2,,145,0.0,1.0,1.0482758620689656,0.2482758620689655,1.1586206896551725,0.6689655172413793,2.2620689655172415,8.23448275862069,7.3310344827586205,9.473647463647463,6.531034482758621,0.1724137931034483,6.531034482758621,0.33793103448275863,0.0,34,30,10,0,0,2,0.2345,0.2069,0.069,0.0,0.0,74.37,25.63,Aggressive
Dutch Meesterklasse 2024-2025,?,2025.04.05,"Kunin, Vitaly","Lu, Miaoyi",1/2-1/2,,105,0.0,1.361904761904762,1.276190476190476,0.8095238095238095,1.5238095238095237,0.9333333333333333,2.219047619047619,8.152380952380952,7.6380952380952385,7.258246436103578,5.142857142857143,0.0,5.142857142857143,0.1523809523809524,0.06666666666666667,26,32,8,0,0,2,0.2476,0.3048,0.0762,0.0,0.0,74.31,25.69,Aggressive
Open,?,2025.04.27,"Petkov, Momchil","Lu, Miaoyi",1/2-1/2,,71,0.0,0.5211267605633803,0.3380281690140845,0.9154929577464789,1.8591549295774648,0.5211267605633803,2.915492957746479,10.352112676056338,7.267605633802817,13.399707061326781,10.211267605633802,0.0,10.211267605633802,0.49295774647887325,0.028169014084507043,24,18,4,0,0,2,0.338,0.2535,0.0563,0.0,0.0,59.16,40.84,Aggressive
Asturias International Chess Trophy 2025,?,2025.04.30,"Sierra Vallina, Lionel","Lu, Miaoyi",1/2-1/2,,115,0.0,1.191304347826087,0.8260869565217391,0.21739130434782608,1.008695652173913,0.9478260869565217,2.643478260869565,9.591304347826087,9.556521739130435,10.062444560270643,7.356521739130435,0.22608695652173913,7.356521739130435,0.25217391304347825,0.043478260869565216,26,24,8,0,0,2,0.2261,0.2087,0.0696,0.0,0.0,66.6,33.4,Aggressive
Asturias International Chess Trophy 2025,?,2025.05.01,"Pulvett Marin, Daniel Eduardo","Lu, Miaoyi",1/2-1/2,,15,0.0,0.2,0.13333333333333333,1.1333333333333333,0.0,0.2,2.8,9.266666666666667,6.466666666666667,14.769743589743591,12.933333333333334,0.06666666666666667,12.933333333333334,0.0,0.06666666666666667,4,2,2,0,0,0,0.2667,0.1333,0.1333,0.0,0.0,20.91,79.09,Positional
Rapid,?,2025.06.12,"Erdos, Viktor","Lu, Miaoyi",1/2-1/2,,119,0.0,1.184873949579832,0.8991596638655462,1.3277310924369747,4.033613445378151,1.050420168067227,2.504201680672269,9.352941176470589,9.470588235294118,10.29525675071893,6.61344537815126,0.008403361344537815,6.61344537815126,0.42016806722689076,0.1092436974789916,30,32,8,0,0,2,0.2521,0.2689,0.0672,0.0,0.0,71.68,28.32,Aggressive
Rapid,?,2025.06.13,"Shearsby, Jude","Lu, Miaoyi",1/2-1/2,,129,0.0,1.2868217054263567,0.6666666666666666,0.40310077519379844,4.069767441860465,1.0232558139534884,2.116279069767442,8.604651162790697,7.682170542635659,8.64754614463917,5.821705426356589,0.14728682170542637,5.821705426356589,0.34108527131782945,0.015503875968992248,34,26,12,0,0,4,0.2636,0.2016,0.093,0.0,0.0,75.7,24.3,Aggressive
FIDE Women's World Cup 2025,?,2025.07.11,"Tokhirjonova, Gulrukhbegim","Lu, Miaoyi",1/2-1/2,,127,0.0,0.889763779527559,0.6535433070866141,0.30708661417322836,3.409448818897638,0.5905511811023622,2.5196850393700787,8.976377952755906,8.527559055118111,9.82681065653507,6.456692913385827,0.03937007874015748,6.456692913385827,0.36220472440944884,0.0,30,34,8,0,0,4,0.2362,0.2677,0.063,0.0,0.0,72.78,27.22,Aggressive
Women Masters,?,2025.08.09,"Paehtz, Elisabeth","Lu, Miaoyi",1/2-1/2,,152,0.0,1.0263157894736843,1.0460526315789473,0.6052631578947368,5.184210526315789,0.9671052631578947,2.348684210526316,8.69078947368421,9.80921052631579,9.88632635639214,5.730263157894737,0.02631578947368421,5.730263157894737,0.6381578947368421,0.006578947368421052,36,22,10,0,0,2,0.2368,0.1447,0.0658,0.0,0.0,73.18,26.82,Aggressive
Chinese Chess League Division A,?,2025.08.28,"Wang, Qinxuanyi","Lu, Miaoyi",1/2-1/2,,82,0.0,0.8536585365853658,0.8536585365853658,2.5609756097560976,2.2804878048780486,0.7560975609756098,2.817073170731707,9.597560975609756,7.182926829268292,10.347912656449235,8.024390243902438,0.0,8.024390243902438,0.3780487804878049,0.08536585365853659,22,14,10,0,0,4,0.2683,0.1707,0.122,0.0,0.0,64.63,35.37,Aggressive
Chinese Chess League Division A,?,2025.08.30,"Gao, Muziyan","Lu, Miaoyi",1/2-1/2,,77,0.0,0.4935064935064935,0.5584415584415584,0.19480519480519481,2.1948051948051948,0.44155844155844154,2.6493506493506493,8.948051948051948,6.0,11.245249051093205,8.519480519480519,0.0,8.519480519480519,0.5714285714285714,0.03896103896103896,24,22,6,0,0,2,0.3117,0.2857,0.0779,0.0,0.0,65.0,35.0,Aggressive
Women,?,2025.09.04,"Guo, Qi","Lu, Miaoyi",1/2-1/2,,67,0.0,0.1044776119402985,0.0,1.2537313432835822,0.5522388059701493,0.1044776119402985,2.388059701492537,9.835820895522389,6.074626865671642,14.284650672710377,11.313432835820896,0.014925373134328358,11.313432835820896,0.6567164179104478,0.11940298507462686,22,10,2,0,0,0,0.3284,0.1493,0.0299,0.0,0.0,51.95,48.05,Aggressive
Women,?,2025.09.12,"Fataliyeva, Ulviyya","Lu, Miaoyi",1/2-1/2,,195,0.0,1.3282051282051281,1.3897435897435897,0.3641025641025641,3.5384615384615383,1.2564102564102564,1.9743589743589745,6.969230769230769,8.810256410256411,9.091237395083548,3.3384615384615386,0.06153846153846154,3.3384615384615386,0.4307692307692308,0.03076923076923077,30,34,8,0,0,2,0.1538,0.1744,0.041,0.0,0.0,76.67,23.33,Aggressive
Women,?,2025.09.14,"Maltsevskaya, Aleksandra","Lu, Miaoyi",1/2-1/2,,141,0.0,1.5106382978723405,1.1631205673758864,0.75177304964539,0.4326241134751773,1.1347517730496455,2.595744680851064,8.843971631205674,8.446808510638299,9.163745907362923,6.120567375886525,0.22695035460992907,6.120567375886525,0.1347517730496454,0.09219858156028368,40,26,6,0,0,2,0.2837,0.1844,0.0426,0.0,0.0,74.1,25.9,Aggressive
Leyendas y Prodigios 2025,?,2025.09.18,"Almeida Quintana, Omar","Lu, Miaoyi",1/2-1/2,,89,0.0,0.9887640449438202,0.0,0.3707865168539326,3.404494382022472,0.6966292134831461,2.752808988764045,9.629213483146067,9.303370786516854,11.349202108752669,8.426966292134832,0.033707865168539325,8.426966292134832,0.3146067415730337,0.0,28,20,10,0,0,2,0.3146,0.2247,0.1124,0.0,0.0,66.36,33.64,Aggressive
Chinese Chess League Division A,?,2025.10.04,"Sun, Fanghui","Lu, Miaoyi",0-1,,72,0.0,0.5138888888888888,0.0,0.625,1.375,0.18055555555555555,2.6527777777777777,9.25,6.972222222222222,12.527224473057803,10.25,0.08333333333333333,10.25,0.041666666666666664,0.0,26,22,8,0,0,4,0.3611,0.3056,0.1111,0.0,0.0,64.47,35.53,Aggressive
Women,?,2025.10.19,"Weersing, Abigail Riis","Lu, Miaoyi",0-1,,68,0.0,0.6911764705882353,0.19117647058823528,0.5882352941176471,1.6176470588235294,0.6176470588235294,2.6176470588235294,8.955882352941176,7.470588235294118,11.083735586309116,8.676470588235293,0.058823529411764705,8.676470588235293,0.22058823529411764,0.014705882352941176,20,20,6,0,0,2,0.2941,0.2941,0.0882,0.0,0.0,61.52,38.48,Aggressive
Women,?,2025.10.24,"Van Amerongen-Jansen, Peggy","Lu, Miaoyi",0-1,,58,0.0,0.39655172413793105,0.0,2.8448275862068964,0.6896551724137931,0.39655172413793105,2.793103448275862,10.051724137931034,7.948275862068965,14.818356786891274,11.862068965517242,0.0,11.862068965517242,0.27586206896551724,0.10344827586206896,16,10,2,0,0,2,0.2759,0.1724,0.0345,0.0,0.0,47.27,52.73,Positional
Pool B,?,2025.11.20,"Buksa, Nataliya","Lu, Miaoyi",0-1,,74,0.0,0.7432432432432432,0.0,2.5135135135135136,0.9324324324324325,0.7027027027027027,2.9324324324324325,10.58108108108108,9.445945945945946,13.387185487185485,10.337837837837839,0.20270270270270271,10.337837837837839,0.17567567567567569,0.1891891891891892,14,16,4,0,0,0,0.1892,0.2162,0.0541,0.0,0.0,50.25,49.75,Aggressive
Play-off,?,2025.11.23,"Kurmangaliyeva, Liya","Lu, Miaoyi",0-1,,128,0.0,1.3125,0.3046875,0.875,0.546875,0.8515625,2.484375,10.234375,9.6953125,11.469197469197471,8.5625,0.1328125,8.5625,0.1640625,0.03125,24,24,8,0,0,2,0.1875,0.1875,0.0625,0.0,0.0,63.98,36.02,Aggressive
Open Rapid,?,2026.01.07,"So, Wesley","Murzin, Volodar",1-0,,97,0.0,1.092783505154639,0.24742268041237114,3.917525773195876,0.13402061855670103,0.7216494845360825,2.8762886597938144,10.721649484536082,8.515463917525773,11.91475494722917,9.31958762886598,0.10309278350515463,9.31958762886598,0.061855670103092786,0.24742268041237114,16,12,2,0,0,0,0.1649,0.1237,0.0206,0.0,0.0,51.36,48.64,Aggressive
Open Blitz,?,2026.01.10,"So, Wesley","Anand, Viswanathan",1-0,,39,0.0,0.1282051282051282,0.1282051282051282,1.1282051282051282,0.3333333333333333,0.1282051282051282,2.7948717948717947,9.974358974358974,7.82051282051282,15.3090682821452,12.692307692307692,0.0,12.692307692307692,0.1282051282051282,0.0,2,4,0,0,0,0,0.0513,0.1026,0.0,0.0,0.0,15.25,84.75,Positional
Open Blitz,?,2026.01.10,"So, Wesley","Aravindh, Chithambaram VR.",1-0,,54,0.0,0.2777777777777778,0.0,1.4814814814814814,0.7962962962962963,0.2222222222222222,3.0185185185185186,11.055555555555555,8.25925925925926,14.99827292049514,12.444444444444445,0.1111111111111111,12.444444444444445,0.0,0.0,14,6,0,0,0,0,0.2593,0.1111,0.0,0.0,0.0,37.78,62.22,Positional
Open Blitz,?,2026.01.10,"So, Wesley","Niemann, Hans Moke",1-0,,48,0.0,0.22916666666666666,0.0,1.0,1.0,0.22916666666666666,2.9583333333333335,10.458333333333334,7.5625,14.901428085803088,12.145833333333334,0.08333333333333333,12.145833333333334,0.16666666666666666,0.020833333333333332,16,6,0,0,0,0,0.3333,0.125,0.0,0.0,0.0,40.56,59.44,Positional
Open Blitz,?,2026.01.11,"So, Wesley","Murzin, Volodar",1-0,,113,0.0,0.34513274336283184,0.168141592920354,0.831858407079646,2.2920353982300883,0.3274336283185841,2.6371681415929205,10.256637168141593,8.858407079646017,12.150160508125111,9.061946902654867,0.008849557522123894,9.061946902654867,0.415929203539823,0.13274336283185842,26,22,8,0,0,2,0.2301,0.1947,0.0708,0.0,0.0,63.87,36.13,Aggressive
January 20 2026,?,2026.01.20,"So, Wesley","Yanev, Tihomir",1-0,,103,0.0,1.3689320388349515,0.6213592233009708,0.6407766990291263,3.7184466019417477,1.203883495145631,3.2427184466019416,9.970873786407767,10.21359223300971,10.415930994571772,7.310679611650485,0.06796116504854369,7.310679611650485,0.44660194174757284,0.0,22,22,6,0,0,2,0.2136,0.2136,0.0583,0.0,0.0,63.46,36.54,Aggressive
January 20 2026,?,2026.01.20,"So, Wesley","Sevian, Samuel",1-0,,85,0.0,0.9058823529411765,0.15294117647058825,1.988235294117647,2.223529411764706,0.7058823529411765,2.5647058823529414,9.694117647058823,9.282352941176471,12.653192134662717,9.341176470588236,0.23529411764705882,9.341176470588236,0.24705882352941178,0.09411764705882353,28,14,12,0,0,4,0.3294,0.1647,0.1412,0.0,0.0,64.81,35.19,Aggressive
January 20 2026,?,2026.01.20,"So, Wesley","Andreikin, Dmitry",1-0,,77,0.0,0.6493506493506493,0.2597402597402597,2.4935064935064934,2.0779220779220777,0.4805194805194805,2.5844155844155843,9.181818181818182,9.376623376623376,11.855354277756883,8.571428571428571,0.0,8.571428571428571,0.15584415584415584,0.16883116883116883,22,22,8,0,0,2,0.2857,0.2857,0.1039,0.0,0.0,63.55,36.45,Aggressive
January 20 2026,?,2026.01.20,"So, Wesley","Muradli, Mahammad",1-0,,45,0.0,0.022222222222222223,0.0,1.6222222222222222,0.26666666666666666,0.022222222222222223,2.977777777777778,10.444444444444445,7.222222222222222,15.59300255300255,12.977777777777778,0.0,12.977777777777778,0.022222222222222223,0.022222222222222223,10,4,2,0,0,2,0.2222,0.0889,0.0444,0.0,0.0,33.65,66.35,Positional
January 20 2026,?,2026.01.20,"So, Wesley","Papasimakopoulos, Alexandros",1-0,,61,0.0,1.3770491803278688,0.5573770491803278,0.13114754098360656,0.39344262295081966,1.0491803278688525,2.7704918032786887,9.721311475409836,8.836065573770492,10.706482815909045,8.60655737704918,0.14754098360655737,8.60655737704918,0.11475409836065574,0.01639344262295082,20,16,2,0,0,0,0.3279,0.2623,0.0328,0.0,0.0,56.16,43.84,Aggressive
January 27 2026,?,2026.01.27,"So, Wesley","Kukushkin, Ivan",1-0,,129,0.0,0.8372093023255814,0.0,0.3178294573643411,4.961240310077519,0.7751937984496124,2.3410852713178296,8.953488372093023,8.829457364341085,11.893114207067699,8.736434108527131,0.06976744186046512,8.736434108527131,0.5503875968992248,0.0,26,12,4,0,0,2,0.2016,0.093,0.031,0.0,0.0,61.31,38.69,Aggressive
January 27 2026,?,2026.01.27,"So, Wesley","Kozak, Antoni",1-0,,67,0.0,1.0746268656716418,0.4626865671641791,0.29850746268656714,1.7014925373134329,0.8208955223880597,2.611940298507463,9.0,6.6716417910447765,10.177960099601886,7.701492537313433,0.0,7.701492537313433,0.2537313432835821,0.0,28,16,10,0,0,0,0.4179,0.2388,0.1493,0.0,0.0,67.53,32.47,Aggressive
February 03 2026,?,2026.02.03,"So, Wesley","Shimanov, Aleksandr",1-0,,67,0.0,1.1194029850746268,0.4925373134328358,6.7611940298507465,1.1343283582089552,1.044776119402985,2.582089552238806,10.417910447761194,11.761194029850746,11.224387304238048,8.507462686567164,0.014925373134328358,8.507462686567164,0.2835820895522388,0.07462686567164178,16,16,4,0,0,0,0.2388,0.2388,0.0597,0.0,0.0,56.27,43.73,Aggressive
February 03 2026,?,2026.02.03,"So, Wesley","Deac, Bogdan-Daniel",1-0,,59,0.0,0.2542372881355932,0.1016949152542373,2.2203389830508473,1.0677966101694916,0.2542372881355932,2.406779661016949,9.661016949152541,7.745762711864407,14.331892636553652,11.525423728813559,0.0,11.525423728813559,0.05084745762711865,0.06779661016949153,20,16,8,0,0,4,0.339,0.2712,0.1356,0.0,0.0,57.62,42.38,Aggressive
February 03 2026,?,2026.02.03,"So, Wesley","Durarbayli, Vasif",1-0,,79,0.0,0.9367088607594937,0.12658227848101267,2.0759493670886076,0.9113924050632911,0.8607594936708861,2.8734177215189876,9.69620253164557,7.8734177215189876,12.095623890877055,9.30379746835443,0.12658227848101267,9.30379746835443,0.189873417721519,0.11392405063291139,22,18,10,0,0,0,0.2785,0.2278,0.1266,0.0,0.0,62.15,37.85,Aggressive
February 03 2026,?,2026.02.03,"So, Wesley",Nguyen Quang Anh,1-0,,123,0.0,1.056910569105691,0.16260162601626016,4.902439024390244,2.024390243902439,0.6260162601626016,2.8292682926829267,9.585365853658537,10.105691056910569,10.422429287063435,7.357723577235772,0.032520325203252036,7.357723577235772,0.13008130081300814,0.08943089430894309,30,28,4,0,0,2,0.2439,0.2276,0.0325,0.0,0.0,69.05,30.95,Aggressive
February 10 2026,?,2026.02.10,"So, Wesley","Idani, Pouya",1-0,,92,0.0,0.3695652173913043,0.0,1.076086956521739,3.8260869565217392,0.3695652173913043,2.902173913043478,9.76086956521739,8.804347826086957,12.14245304815957,9.282608695652174,0.1956521739130435,9.282608695652174,0.31521739130434784,0.010869565217391304,24,14,4,0,0,2,0.2609,0.1522,0.0435,0.0,0.0,59.14,40.86,Aggressive
February 10 2026,?,2026.02.10,"So, Wesley","Ambartsumova, Karina",1-0,,95,0.0,1.5263157894736843,0.042105263157894736,1.4947368421052631,0.23157894736842105,0.7894736842105263,2.736842105263158,9.4,8.557894736842105,10.932104240788453,8.947368421052632,0.05263157894736842,8.947368421052632,0.12631578947368421,0.05263157894736842,26,22,8,0,0,6,0.2737,0.2316,0.0842,0.0,0.0,66.22,33.78,Aggressive
February 10 2026,?,2026.02.10,"So, Wesley","Ferrara, Enzo",1-0,,113,0.0,0.5752212389380531,0.7876106194690266,0.6814159292035398,0.9203539823008849,0.336283185840708,2.6371681415929205,8.194690265486726,6.221238938053097,9.744257954434945,7.460176991150442,0.008849557522123894,7.460176991150442,0.1592920353982301,0.008849557522123894,38,26,8,0,0,2,0.3363,0.2301,0.0708,0.0,0.0,73.94,26.06,Aggressive
February 10 2026,?,2026.02.10,"So, Wesley","Hamzaev, Shahzodbek",1-0,,93,0.0,0.5376344086021505,0.021505376344086023,3.989247311827957,1.7956989247311828,0.5376344086021505,2.817204301075269,10.397849462365592,9.688172043010752,12.619868124706832,9.376344086021506,0.0,9.376344086021506,0.2903225806451613,0.16129032258064516,24,20,8,0,0,2,0.2581,0.2151,0.086,0.0,0.0,62.57,37.43,Aggressive
February 17 2026,?,2026.02.17,"So, Wesley","Bortnyk, Olexandr",1-0,,71,0.0,0.8450704225352113,0.7605633802816901,3.3661971830985915,1.732394366197183,0.8450704225352113,3.112676056338028,11.028169014084508,10.28169014084507,13.371443970739742,9.845070422535212,0.04225352112676056,9.845070422535212,0.7746478873239436,0.38028169014084506,20,16,2,0,0,0,0.2817,0.2254,0.0282,0.0,0.0,54.09,45.91,Aggressive
February 17 2026,?,2026.02.17,"So, Wesley","Grischuk, Alexander",1-0,,73,0.0,0.4657534246575342,0.0,2.904109589041096,1.3150684931506849,0.4657534246575342,2.9452054794520546,10.931506849315069,9.136986301369863,14.519238295950622,11.054794520547945,0.0,11.054794520547945,0.4931506849315068,0.273972602739726,16,10,4,0,0,0,0.2192,0.137,0.0548,0.0,0.0,47.97,52.03,Positional
February 17 2026,?,2026.02.17,"So, Wesley","Movahed, Sina",1-0,,147,0.0,1.3061224489795917,1.2653061224489797,0.8299319727891157,5.374149659863946,1.217687074829932,2.197278911564626,8.564625850340136,10.36734693877551,9.18527205976185,5.034013605442177,0.047619047619047616,5.034013605442177,0.6122448979591837,0.0,26,26,4,0,0,4,0.1769,0.1769,0.0272,0.0,0.0,70.06,29.94,Aggressive
February 17 2026,?,2026.02.17,"So, Wesley","Hansen, Eric",1-0,,63,0.0,0.7619047619047619,0.031746031746031744,4.031746031746032,0.7301587301587301,0.746031746031746,3.142857142857143,10.793650793650794,10.761904761904763,14.690047254332969,11.571428571428571,0.015873015873015872,11.571428571428571,0.015873015873015872,0.0,10,14,4,0,0,0,0.1587,0.2222,0.0635,0.0,0.0,44.59,55.41,Positional
February 17 2026,?,2026.02.17,"So, Wesley","Lee, Justin",1-0,,621,0.0,0.48470209339774556,1.7310789049919484,8.219001610305957,0.3027375201288245,0.4331723027375201,1.434782608695652,5.745571658615137,11.307568438003221,6.631363916991934,1.9082125603864735,0.00966183574879227,1.9082125603864735,0.01288244766505636,0.5555555555555556,30,28,6,0,0,2,0.0483,0.0451,0.0097,0.0,0.0,78.18,21.82,Aggressive
February 24 2026,?,2026.02.24,"So, Wesley","Ohanyan, Emin",1-0,,66,0.0,0.5303030303030303,0.3939393939393939,3.696969696969697,1.5606060606060606,0.5303030303030303,2.712121212121212,9.893939393939394,8.257575757575758,13.12161340343159,9.787878787878787,0.015151515151515152,9.787878787878787,0.3181818181818182,0.06060606060606061,22,16,2,0,0,2,0.3333,0.2424,0.0303,0.0,0.0,57.79,42.21,Aggressive
February 24 2026,?,2026.02.24,"So, Wesley","Kosakowski, Jakub",1-0,,83,0.0,0.6746987951807228,0.0,2.325301204819277,1.7349397590361446,0.6746987951807228,2.5301204819277108,9.927710843373495,7.9879518072289155,12.740351449086388,9.566265060240964,0.07228915662650602,9.566265060240964,0.2289156626506024,0.27710843373493976,22,16,4,0,0,0,0.2651,0.1928,0.0482,0.0,0.0,58.34,41.66,Aggressive
February 24 2026,?,2026.02.24,"So, Wesley","Silwal, Purushottam",1-0,,97,0.0,0.5670103092783505,0.4742268041237113,0.1958762886597938,0.7938144329896907,0.1958762886597938,2.11340206185567,7.711340206185567,6.515463917525773,8.427640973001795,6.618556701030927,0.041237113402061855,6.618556701030927,0.1134020618556701,0.010309278350515464,34,26,10,0,0,6,0.3505,0.268,0.1031,0.0,0.0,75.22,24.78,Aggressive
February 24 2026,?,2026.02.24,"So, Wesley","Perez Gormaz, Matias",1-0,,60,0.0,0.2,0.0,1.85,1.2333333333333334,0.1,2.683333333333333,10.3,6.933333333333334,14.420646390646391,11.733333333333333,0.016666666666666666,11.733333333333333,0.1,0.0,18,8,2,0,0,2,0.3,0.1333,0.0333,0.0,0.0,47.98,52.02,Positional
Blitz,?,2026.03.02,"So, Wesley","Hong, Andrew",1-0,,79,0.0,0.5316455696202531,0.569620253164557,3.4050632911392404,1.3670886075949367,0.4430379746835443,3.0759493670886076,11.037974683544304,9.658227848101266,13.404489251957603,10.20253164556962,0.012658227848101266,10.20253164556962,0.35443037974683544,0.4810126582278481,18,18,4,0,0,0,0.2278,0.2278,0.0506,0.0,0.0,54.26,45.74,Aggressive
Blitz,?,2026.03.02,"So, Wesley","Kacharava, Nikolozi",1-0,,93,0.0,0.5698924731182796,0.23655913978494625,0.6129032258064516,3.3978494623655915,0.5053763440860215,2.096774193548387,8.161290322580646,7.462365591397849,10.52224009562719,7.709677419354839,0.0,7.709677419354839,0.27956989247311825,0.010752688172043012,22,18,8,0,0,4,0.2366,0.1935,0.086,0.0,0.0,65.61,34.39,Aggressive
Blitz,?,2026.03.02,"So, Wesley","Quesada Perez, Yasser",1-0,,85,0.0,0.6352941176470588,0.11764705882352941,0.4117647058823529,3.376470588235294,0.5058823529411764,3.0941176470588236,9.329411764705883,9.094117647058823,11.016384236678356,7.882352941176471,0.047058823529411764,7.882352941176471,0.5176470588235295,0.0,22,20,8,0,0,4,0.2588,0.2353,0.0941,0.0,0.0,63.58,36.42,Aggressive
Blitz,?,2026.03.02,"So, Wesley","Bok, Benjamin",1-0,,85,0.0,0.6352941176470588,0.5294117647058824,0.2235294117647059,3.4235294117647057,0.5294117647058824,2.635294117647059,9.741176470588234,9.435294117647059,12.13971237912414,8.905882352941177,0.011764705882352941,8.905882352941177,0.32941176470588235,0.03529411764705882,18,18,4,0,0,2,0.2118,0.2118,0.0471,0.0,0.0,56.62,43.38,Aggressive
Open,?,2026.03.06,"So, Wesley","Sevian, Samuel",1-0,,67,0.0,0.40298507462686567,0.0,0.6268656716417911,0.23880597014925373,0.40298507462686567,3.582089552238806,10.776119402985074,7.746268656716418,16.243906839429226,13.955223880597014,0.11940298507462686,13.955223880597014,0.0,0.0,8,6,2,0,0,0,0.1194,0.0896,0.0299,0.0,0.0,29.75,70.25,Positional
Open,?,2026.03.08,"So, Wesley","Caruana, Fabiano",1-0,,135,0.0,1.037037037037037,0.5333333333333333,0.1259259259259259,2.933333333333333,0.7407407407407407,1.962962962962963,8.71111111111111,10.02962962962963,9.394594130149684,6.851851851851852,0.17037037037037037,6.851851851851852,0.37777777777777777,0.014814814814814815,32,28,10,0,0,4,0.237,0.2074,0.0741,0.0,0.0,72.27,27.73,Aggressive
Open,?,2026.03.10,"So, Wesley","Aronian, Levon",1-0,,83,0.0,0.8192771084337349,0.1686746987951807,4.530120481927711,1.2409638554216869,0.8192771084337349,3.036144578313253,10.518072289156626,11.096385542168674,12.738952613651406,9.710843373493976,0.0,9.710843373493976,0.25301204819277107,0.1927710843373494,16,8,6,0,0,0,0.1928,0.0964,0.0723,0.0,0.0,50.8,49.2,Aggressive
Play-In 1,?,2026.03.16,"So, Wesley","Andreikin, Dmitry",1-0,,75,0.0,0.44,0.32,1.2266666666666666,1.2666666666666666,0.44,2.6133333333333333,10.293333333333333,8.186666666666667,12.840132793132796,9.653333333333334,0.013333333333333334,9.653333333333334,0.4533333333333333,0.12,26,20,10,0,0,6,0.3467,0.2667,0.1333,0.0,0.0,64.32,35.68,Aggressive
Play-In 1,?,2026.03.16,"So, Wesley","Nguyen, Ngoc Truong Son",1-0,,149,0.0,1.4429530201342282,1.087248322147651,0.12751677852348994,0.7651006711409396,1.1812080536912752,2.4161073825503356,8.174496644295303,7.208053691275167,8.94607942393177,5.76510067114094,0.013422818791946308,5.76510067114094,0.2751677852348993,0.006711409395973154,28,28,6,0,0,4,0.1879,0.1879,0.0403,0.0,0.0,72.24,27.76,Aggressive
March 17 2026,?,2026.03.17,"So, Wesley","Svane, Rasmus",1-0,,69,0.0,0.43478260869565216,0.0,3.8260869565217392,0.463768115942029,0.43478260869565216,2.579710144927536,9.376811594202898,8.840579710144928,13.580368665151273,10.333333333333334,0.043478260869565216,10.333333333333334,0.14492753623188406,0.043478260869565216,16,18,4,0,0,0,0.2319,0.2609,0.058,0.0,0.0,54.04,45.96,Aggressive
March 17 2026,?,2026.03.17,"So, Wesley","Materia, Marco",1-0,,137,0.0,1.0145985401459854,0.23357664233576642,0.5109489051094891,2.934306569343066,0.6058394160583942,2.051094890510949,7.562043795620438,8.985401459854014,9.061302728091052,6.2700729927007295,0.10218978102189781,6.2700729927007295,0.20437956204379562,0.15328467153284672,34,26,10,0,0,2,0.2482,0.1898,0.073,0.0,0.0,74.04,25.96,Aggressive
March 17 2026,?,2026.03.17,"So, Wesley","Karttunen, Mika",1-0,,77,0.0,0.23376623376623376,0.0,0.935064935064935,0.4025974025974026,0.23376623376623376,3.038961038961039,10.194805194805195,6.064935064935065,15.147238692043887,12.61038961038961,0.025974025974025976,12.61038961038961,0.0,0.0,12,8,0,0,0,0,0.1558,0.1039,0.0,0.0,0.0,37.12,62.88,Positional
Play-In 2,?,2026.03.18,"So, Wesley","Vidit, Santosh Gujrathi",1-0,,103,0.0,0.7669902912621359,0.4077669902912621,4.825242718446602,0.9320388349514563,0.5631067961165048,2.6990291262135924,9.79611650485437,8.62135922330097,10.326961388126438,7.359223300970874,0.08737864077669903,7.359223300970874,0.18446601941747573,0.10679611650485436,20,26,4,0,0,0,0.1942,0.2524,0.0388,0.0,0.0,64.08,35.92,Aggressive
Play-In 2,?,2026.03.18,"So, Wesley","Sjugirov, Sanan",1-0,,111,0.0,0.6216216216216216,0.23423423423423423,0.8918918918918919,1.5315315315315314,0.44144144144144143,3.0,10.234234234234235,8.486486486486486,13.473600723600729,10.792792792792794,0.2702702702702703,10.792792792792794,0.16216216216216217,0.02702702702702703,22,12,4,0,0,4,0.1982,0.1081,0.036,0.0,0.0,54.99,45.01,Aggressive
Play-In 2,?,2026.03.18,"So, Wesley","Sarana, Alexey",1-0,,167,0.0,0.8622754491017964,0.2754491017964072,2.802395209580838,0.46107784431137727,0.40119760479041916,2.5808383233532934,9.365269461077844,8.796407185628743,11.164288705306673,8.796407185628743,0.09580838323353294,8.796407185628743,0.3473053892215569,0.1437125748502994,34,20,4,0,0,2,0.2036,0.1198,0.024,0.0,0.0,67.08,32.92,Aggressive
Play-In 2,?,2026.03.18,"So, Wesley","Daneshvar, Bardiya",1-0,,57,0.0,0.43859649122807015,0.2631578947368421,0.12280701754385964,0.8947368421052632,0.38596491228070173,2.8596491228070176,9.859649122807017,7.947368421052632,12.670240918925131,9.947368421052632,0.0,9.947368421052632,0.3684210526315789,0.017543859649122806,20,16,4,0,0,2,0.3509,0.2807,0.0702,0.0,0.0,55.46,44.54,Aggressive
Play-In 3,?,2026.03.23,"So, Wesley","Ter-Sahakyan, Samvel",1-0,,97,0.0,1.2474226804123711,0.6185567010309279,5.536082474226804,4.608247422680412,1.1443298969072164,3.154639175257732,10.814432989690722,12.1340206185567,11.629454537444227,8.257731958762887,0.010309278350515464,8.257731958762887,0.5463917525773195,0.27835051546391754,24,18,4,0,0,0,0.2474,0.1856,0.0412,0.0,0.0,61.57,38.43,Aggressive
Play-In 3,?,2026.03.23,"So, Wesley","Moroni, Luca Jr",1-0,,79,0.0,0.4430379746835443,0.0,2.0632911392405062,2.6962025316455698,0.24050632911392406,2.9240506329113924,10.658227848101266,10.468354430379748,12.87808618947859,10.037974683544304,0.0,10.037974683544304,0.26582278481012656,0.08860759493670886,22,14,4,0,0,0,0.2785,0.1772,0.0506,0.0,0.0,55.31,44.69,Aggressive
Play-In 3,?,2026.03.23,"So, Wesley","Gavrilescu, David",1-0,,123,0.0,0.6422764227642277,0.0,4.138211382113822,2.5934959349593494,0.4959349593495935,2.7642276422764227,10.097560975609756,9.796747967479675,11.645148505514367,7.715447154471545,0.024390243902439025,7.715447154471545,0.17886178861788618,0.2032520325203252,32,24,4,0,0,2,0.2602,0.1951,0.0325,0.0,0.0,67.68,32.32,Aggressive
Play-In 3,?,2026.03.23,"So, Wesley","Makarian, Rudik",1-0,,102,0.0,0.9117647058823529,1.2058823529411764,0.22549019607843138,2.4705882352941178,0.6666666666666666,2.4313725490196076,7.882352941176471,5.676470588235294,7.888310110368934,5.568627450980392,0.0,5.568627450980392,0.21568627450980393,0.029411764705882353,30,28,6,0,0,4,0.2941,0.2745,0.0588,0.0,0.0,74.89,25.11,Aggressive
March 24 2026,?,2026.03.24,"So, Wesley","Klukin, Kirill",1-0,,112,0.0,0.4732142857142857,0.17857142857142858,0.5803571428571429,2.857142857142857,0.3482142857142857,2.8035714285714284,8.625,7.803571428571429,11.366537629037627,8.223214285714286,0.044642857142857144,8.223214285714286,0.5089285714285714,0.03571428571428571,28,28,6,0,0,2,0.25,0.25,0.0536,0.0,0.0,68.0,32.0,Aggressive
March 24 2026,?,2026.03.24,"So, Wesley","Haug, Havard",1-0,,63,0.0,0.20634920634920634,0.0,4.142857142857143,0.23809523809523808,0.20634920634920634,2.984126984126984,10.158730158730158,8.0,12.736390725676436,9.952380952380953,0.0,9.952380952380953,0.2222222222222222,0.0,18,16,4,0,0,2,0.2857,0.254,0.0635,0.0,0.0,55.53,44.47,Aggressive
March 24 2026,?,2026.03.24,"So, Wesley",OutlawedGangster,1-0,,85,0.0,0.7058823529411765,0.07058823529411765,4.223529411764706,1.811764705882353,0.5764705882352941,3.1058823529411765,11.058823529411764,10.152941176470588,13.425052039463807,10.2,0.03529411764705882,10.2,0.4470588235294118,0.10588235294117647,14,18,2,0,0,0,0.1647,0.2118,0.0235,0.0,0.0,50.79,49.21,Aggressive
Play-In 4,?,2026.03.25,"So, Wesley","Xiong, Jeffery",1-0,,45,0.0,0.2,0.1111111111111111,1.5333333333333334,0.9333333333333333,0.2,2.2,10.377777777777778,8.0,14.180324120324121,12.022222222222222,0.0,12.022222222222222,0.1111111111111111,0.0,14,8,2,0,0,0,0.3111,0.1778,0.0444,0.0,0.0,42.46,57.54,Positional
Play-In 4,?,2026.03.25,"So, Wesley","Sargsyan, Shant",1-0,,73,0.0,0.2328767123287671,0.0,2.0547945205479454,1.7534246575342465,0.2328767123287671,2.328767123287671,9.219178082191782,7.178082191780822,11.694340666943404,8.876712328767123,0.0,8.876712328767123,0.1095890410958904,0.0547945205479452,20,16,8,0,0,2,0.274,0.2192,0.1096,0.0,0.0,61.1,38.9,Aggressive
April 07 2026,?,2026.04.07,"So, Wesley","Ardelean, George-Catalin",1-0,,103,0.0,0.5728155339805825,0.0,3.533980582524272,0.883495145631068,0.5728155339805825,2.5825242718446604,9.349514563106796,8.669902912621358,12.43010581651358,9.330097087378642,0.04854368932038835,9.330097087378642,0.36893203883495146,0.1941747572815534,22,12,2,0,0,2,0.2136,0.1165,0.0194,0.0,0.0,56.68,43.32,Aggressive
April 07 2026,?,2026.04.07,"So, Wesley","Tsydypov, Zhamsaran",1-0,,51,0.0,0.35294117647058826,0.0,1.8627450980392157,0.8823529411764706,0.35294117647058826,2.7058823529411766,10.647058823529411,7.7254901960784315,15.150830215536098,12.764705882352942,0.0,12.764705882352942,0.0,0.0,12,6,0,0,0,0,0.2353,0.1176,0.0,0.0,0.0,36.27,63.73,Positional
April 07 2026,?,2026.04.07,"So, Wesley","Daneshvar, Bardiya",1-0,,89,0.0,0.34831460674157305,0.34831460674157305,1.0112359550561798,2.033707865168539,0.34831460674157305,2.764044943820225,9.9438202247191,9.314606741573034,12.805909165740621,9.584269662921349,0.0449438202247191,9.584269662921349,0.7528089887640449,0.0449438202247191,24,14,4,0,0,2,0.2697,0.1573,0.0449,0.0,0.0,57.56,42.44,Aggressive
April 07 2026,?,2026.04.07,"So, Wesley","Matinian, Nikita",1-0,,47,0.0,0.5319148936170213,0.0,0.7659574468085106,0.2978723404255319,0.5319148936170213,2.8085106382978724,9.872340425531915,6.702127659574468,15.54526926973735,12.97872340425532,0.2765957446808511,12.97872340425532,0.0,0.0,8,4,0,0,0,0,0.1702,0.0851,0.0,0.0,0.0,27.69,72.31,Positional
April 07 2026,?,2026.04.07,"So, Wesley","Ter-Sahakyan, Samvel",1-0,,85,0.0,0.49411764705882355,0.12941176470588237,0.6,1.3411764705882352,0.24705882352941178,2.7411764705882353,9.458823529411765,8.694117647058823,12.37767412326236,9.458823529411765,0.3176470588235294,9.458823529411765,0.32941176470588235,0.03529411764705882,32,12,2,0,0,2,0.3765,0.1412,0.0235,0.0,0.0,61.08,38.92,Aggressive
April 14 2026,?,2026.04.14,"So, Wesley","Ristic, Nebojsa B",1-0,,87,0.0,0.9195402298850575,0.19540229885057472,0.5747126436781609,2.8045977011494254,0.8160919540229885,2.7011494252873565,9.528735632183908,8.804597701149426,11.743555072003344,8.517241379310345,0.0,8.517241379310345,0.3218390804597701,0.0,24,16,4,0,0,2,0.2759,0.1839,0.046,0.0,0.0,60.79,39.21,Aggressive
April 14 2026,?,2026.04.14,"So, Wesley","Germanovs, Georgijs",1-0,,103,0.0,1.087378640776699,0.49514563106796117,6.252427184466019,0.9514563106796117,0.8932038834951457,2.8155339805825244,10.087378640776699,12.009708737864077,11.17039605486207,8.067961165048544,0.11650485436893204,8.067961165048544,0.18446601941747573,0.23300970873786409,22,24,4,0,0,0,0.2136,0.233,0.0388,0.0,0.0,62.37,37.63,Aggressive
April 14 2026,?,2026.04.14,"So, Wesley","Lysyj, Igor",1-0,,105,0.0,0.6190476190476191,0.26666666666666666,0.3238095238095238,3.5428571428571427,0.5238095238095238,2.323809523809524,9.561904761904762,10.19047619047619,11.338181633181637,7.761904761904762,0.13333333333333333,7.761904761904762,0.3523809523809524,0.02857142857142857,22,26,8,0,0,4,0.2095,0.2476,0.0762,0.0,0.0,64.96,35.04,Aggressive
April 14 2026,?,2026.04.14,"So, Wesley","Pyrih, Roman",1-0,,131,0.0,1.6488549618320612,0.5114503816793893,1.4351145038167938,0.6564885496183206,0.8473282442748091,2.564885496183206,8.709923664122137,8.267175572519085,9.365636017926084,7.076335877862595,0.16793893129770993,7.076335877862595,0.061068702290076333,0.0,18,12,8,0,0,2,0.1374,0.0916,0.0611,0.0,0.0,60.99,39.01,Aggressive
April 21 2026,?,2026.04.21,"So, Wesley","Nakamura, Hikaru",1-0,,93,0.0,0.5376344086021505,0.17204301075268819,3.150537634408602,0.946236559139785,0.46236559139784944,2.860215053763441,9.978494623655914,9.086021505376344,12.357861732055282,9.494623655913978,0.15053763440860216,9.494623655913978,0.0967741935483871,0.11827956989247312,14,24,0,0,0,0,0.1505,0.2581,0.0,0.0,0.0,53.33,46.67,Aggressive
April 21 2026,?,2026.04.21,"So, Wesley","Nguyen, Ngoc Truong Son",1-0,,107,0.0,1.0654205607476634,0.018691588785046728,1.308411214953271,3.149532710280374,0.8504672897196262,2.607476635514019,9.186915887850468,9.74766355140187,11.374730850665426,8.542056074766355,0.14018691588785046,8.542056074766355,0.3177570093457944,0.0,30,26,6,0,0,2,0.2804,0.243,0.0561,0.0,0.0,67.6,32.4,Aggressive
April 21 2026,?,2026.04.21,"So, Wesley","Bortnyk, Olexandr",1-0,,49,0.0,0.5918367346938775,0.02040816326530612,0.8979591836734694,0.02040816326530612,0.5918367346938775,2.489795918367347,9.040816326530612,7.63265306122449,12.550099050609258,9.979591836734693,0.0,9.979591836734693,0.02040816326530612,0.0,20,10,10,0,0,2,0.4082,0.2041,0.2041,0.0,0.0,57.45,42.55,Aggressive
April 21 2026,?,2026.04.21,"So, Wesley","Klukin, Kirill",1-0,,173,0.0,1.1502890173410405,0.41040462427745666,0.08092485549132948,3.8728323699421967,0.5780346820809249,2.2890173410404624,7.728323699421965,7.763005780346821,8.07692776074279,5.786127167630058,0.005780346820809248,5.786127167630058,0.4161849710982659,0.005780346820809248,26,30,8,0,0,2,0.1503,0.1734,0.0462,0.0,0.0,73.14,26.86,Aggressive
April 21 2026,?,2026.04.21,"So, Wesley","Kosteniuk, Alexandra",1-0,,69,0.0,0.3333333333333333,0.08695652173913043,0.6231884057971014,0.2753623188405797,0.14492753623188406,2.4782608695652173,8.768115942028986,6.507246376811594,11.823312195051326,9.217391304347826,0.0,9.217391304347826,0.0,0.0,24,20,8,0,0,2,0.3478,0.2899,0.1159,0.0,0.0,63.81,36.19,Aggressive
April 28 2026,?,2026.04.28,"So, Wesley","Joseph Benher, Savio",1-0,,109,0.0,0.981651376146789,0.009174311926605505,4.08256880733945,2.128440366972477,0.6330275229357798,2.238532110091743,8.412844036697248,9.302752293577981,10.002450607496476,7.009174311926605,0.0,7.009174311926605,0.1834862385321101,0.27522935779816515,24,30,2,0,0,2,0.2202,0.2752,0.0183,0.0,0.0,68.0,32.0,Aggressive
April 28 2026,?,2026.04.28,"So, Wesley","Oro, Faustino",1-0,,79,0.0,0.35443037974683544,0.0,2.1392405063291138,2.9746835443037973,0.35443037974683544,2.721518987341772,11.050632911392405,8.734177215189874,14.001987112746606,10.860759493670885,0.0,10.860759493670885,0.7848101265822784,0.17721518987341772,14,14,4,0,0,0,0.1772,0.1772,0.0506,0.0,0.0,49.07,50.93,Positional
April 28 2026,?,2026.04.28,"So, Wesley","Li, Shilong",1-0,,65,0.0,0.5076923076923077,0.3076923076923077,2.0615384615384613,1.7692307692307692,0.5076923076923077,2.830769230769231,10.830769230769231,8.953846153846154,13.40251709828632,10.738461538461538,0.0,10.738461538461538,0.0,0.0,18,16,2,0,0,2,0.2769,0.2462,0.0308,0.0,0.0,52.61,47.39,Aggressive
April 28 2026,?,2026.04.28,"So, Wesley",Mukund Hemant Agarwal,1-0,,49,0.0,0.14285714285714285,0.0,2.2653061224489797,0.2857142857142857,0.14285714285714285,3.020408163265306,9.714285714285714,6.326530612244898,13.916491614961004,11.224489795918368,0.0,11.224489795918368,0.08163265306122448,0.04081632653061224,18,18,6,0,0,0,0.3673,0.3673,0.1224,0.0,0.0,55.43,44.57,Aggressive
April 28 2026,?,2026.04.28,"So, Wesley","Dyulgerov, Volen",1-0,,63,0.0,0.8412698412698413,1.0158730158730158,5.190476190476191,0.8253968253968254,0.8412698412698413,2.6825396825396823,9.34920634920635,8.984126984126984,11.343581374533754,8.904761904761905,0.0,8.904761904761905,0.19047619047619047,0.1746031746031746,14,12,6,0,0,2,0.2222,0.1905,0.0952,0.0,0.0,55.2,44.8,Aggressive
Grand Chess Tour: Super Rapid & Blitz Poland 2026,?,2026.05.05,"So, Wesley","Wojtaszek, Radoslaw",1-0,,157,0.0,1.2738853503184713,0.2229299363057325,0.25477707006369427,1.5477707006369428,0.7197452229299363,2.7579617834394905,9.140127388535031,7.159235668789809,8.840651828709154,6.56687898089172,0.08917197452229299,6.56687898089172,0.2229299363057325,0.03821656050955414,32,20,10,0,0,2,0.2038,0.1274,0.0637,0.0,0.0,71.59,28.41,Aggressive
Grand Chess Tour: Super Rapid & Blitz Poland 2026,?,2026.05.06,"So, Wesley","Sindarov, Javokhir",1-0,,90,0.0,0.9444444444444444,0.36666666666666664,0.4666666666666667,0.9555555555555556,0.7888888888888889,2.422222222222222,8.5,8.044444444444444,10.585383320383324,7.7,0.0,7.7,0.17777777777777778,0.044444444444444446,30,26,4,0,0,2,0.3333,0.2889,0.0444,0.0,0.0,68.46,31.54,Aggressive
Grand Chess Tour: Super Rapid & Blitz Poland 2026,?,2026.05.08,"So, Wesley","Niemann, Hans Moke",1-0,,100,0.0,0.41,0.27,0.55,2.64,0.32,2.67,9.66,9.03,11.113224830724832,7.69,0.0,7.69,0.3,0.0,28,22,6,0,0,2,0.28,0.22,0.06,0.0,0.0,65.79,34.21,Aggressive
Grand Chess Tour: Super Rapid & Blitz Poland 2026,?,2026.05.08,"So, Wesley","Duda, Jan-Krzysztof",1-0,,143,0.0,1.118881118881119,0.3916083916083916,0.4405594405594406,4.3076923076923075,1.006993006993007,2.006993006993007,8.223776223776223,7.979020979020979,9.334547212694066,5.755244755244755,0.06293706293706294,5.755244755244755,0.5594405594405595,0.0,32,28,4,0,0,2,0.2238,0.1958,0.028,0.0,0.0,72.99,27.01,Aggressive
Norway Chess,?,2026.05.26,"So, Wesley",Gukesh D,1-0,,53,0.0,0.32075471698113206,0.018867924528301886,2.7547169811320753,1.6981132075471699,0.32075471698113206,3.0,9.830188679245284,8.754716981132075,13.912388031255958,10.88679245283019,0.0,10.88679245283019,0.32075471698113206,0.39622641509433965,14,14,2,0,0,0,0.2642,0.2642,0.0377,0.0,0.0,47.91,52.09,Positional
Norway Chess,?,2026.05.28,"So, Wesley","Firouzja, Alireza",1-0,,118,0.0,0.15254237288135594,0.11016949152542373,2.805084745762712,0.5932203389830508,0.15254237288135594,3.652542372881356,10.991525423728813,9.101694915254237,13.275099241624664,10.033898305084746,0.0,10.033898305084746,0.16101694915254236,0.1016949152542373,30,18,8,0,0,2,0.2542,0.1525,0.0678,0.0,0.0,62.67,37.33,Aggressive
Norway Chess,?,2026.05.31,"So, Wesley",Praggnanandhaa R,1-0,,125,0.0,1.152,0.936,1.8,1.296,0.8,2.72,9.496,7.176,9.95542533022533,6.528,0.032,6.528,0.272,0.104,34,22,8,0,0,2,0.272,0.176,0.064,0.0,0.0,71.76,28.24,Aggressive
Norway Chess,?,2026.06.02,"So, Wesley","Keymer, Vincent",1-0,,114,0.0,0.6403508771929824,0.956140350877193,3.43859649122807,0.23684210526315788,0.39473684210526316,2.289473684210526,8.105263157894736,8.263157894736842,10.304041353383457,6.280701754385965,0.0,6.280701754385965,0.10526315789473684,0.22807017543859648,36,22,8,0,0,2,0.3158,0.193,0.0702,0.0,0.0,72.81,27.19,Aggressive
Rapid,?,2026.06.17,"So, Wesley","Dai, Changren",1-0,,89,0.0,0.449438202247191,0.0,1.7303370786516854,1.8764044943820224,0.449438202247191,2.9213483146067416,10.9438202247191,7.808988764044944,14.207849142118809,11.49438202247191,0.2247191011235955,11.49438202247191,0.0,0.0,18,12,2,0,0,0,0.2022,0.1348,0.0225,0.0,0.0,49.35,50.65,Positional
Rapid,?,2026.06.18,"So, Wesley","Sevian, Samuel",1-0,,129,0.0,1.2790697674418605,0.5038759689922481,2.248062015503876,2.364341085271318,0.9612403100775194,2.5813953488372094,9.465116279069768,9.34108527131783,11.984020243322572,8.356589147286822,0.13953488372093023,8.356589147286822,0.3953488372093023,0.03875968992248062,36,22,6,0,0,2,0.2791,0.1705,0.0465,0.0,0.0,69.04,30.96,Aggressive
Rapid,?,2026.06.18,"So, Wesley","Hakobyan, Aram",1-0,,79,0.0,0.5569620253164557,0.26582278481012656,2.4683544303797467,1.0632911392405062,0.5569620253164557,3.0126582278481013,9.886075949367088,8.0,13.381029448750962,10.734177215189874,0.012658227848101266,10.734177215189874,0.17721518987341772,0.0759493670886076,22,18,6,0,0,0,0.2785,0.2278,0.0759,0.0,0.0,58.46,41.54,Aggressive
Blitz | Pool A,?,2026.06.20,"So, Wesley","Van Foreest, Jorden",1-0,,133,0.0,1.037593984962406,0.7969924812030075,0.42857142857142855,4.466165413533835,0.7518796992481203,2.526315789473684,9.045112781954888,10.293233082706767,11.038149924428119,7.684210526315789,0.03759398496240601,7.684210526315789,0.45112781954887216,0.0,26,28,4,0,0,2,0.1955,0.2105,0.0301,0.0,0.0,66.37,33.63,Aggressive
Blitz knockout,?,2026.06.21,"So, Wesley","Sevian, Samuel",1-0,,91,0.0,0.26373626373626374,0.0,1.6153846153846154,1.7142857142857142,0.26373626373626374,2.9450549450549453,10.901098901098901,9.054945054945055,14.348221375693903,11.483516483516484,0.0,11.483516483516484,0.0,0.0,12,6,2,0,0,0,0.1319,0.0659,0.022,0.0,0.0,38.74,61.26,Positional
Blitz knockout,?,2026.06.21,"So, Wesley","Mendonca, Leon Luke",1-0,,108,0.0,0.8703703703703703,0.25,0.49074074074074076,0.4722222222222222,0.7222222222222222,2.9166666666666665,9.537037037037036,7.907407407407407,10.509857143884922,7.824074074074074,0.14814814814814814,7.824074074074074,0.1111111111111111,0.009259259259259259,32,22,6,0,0,2,0.2963,0.2037,0.0556,0.0,0.0,67.98,32.02,Aggressive
Blitz | Pool A,?,2026.06.20,"So, Wesley","Makhnev, Denis",1-0,,42,0.0,0.2619047619047619,0.0,0.6190476190476191,0.5952380952380952,0.2619047619047619,2.9047619047619047,9.904761904761905,6.476190476190476,15.859989217132076,13.285714285714286,0.2619047619047619,13.285714285714286,0.07142857142857142,0.023809523809523808,12,4,2,0,0,0,0.2857,0.0952,0.0476,0.0,0.0,35.17,64.83,Positional
June 30 2026,?,2026.06.30,"So, Wesley",Shubhi Gupta,1-0,,71,0.0,0.36619718309859156,0.014084507042253521,3.1690140845070425,2.028169014084507,0.352112676056338,3.0704225352112675,10.76056338028169,9.19718309859155,13.066664556101172,10.535211267605634,0.0,10.535211267605634,0.15492957746478872,0.014084507042253521,18,16,8,0,0,2,0.2535,0.2254,0.1127,0.0,0.0,56.51,43.49,Aggressive
Masters | Rapid,?,2026.07.03,"So, Wesley","Liu, Eric",1-0,,75,0.0,0.38666666666666666,0.10666666666666667,2.28,1.0133333333333334,0.38666666666666666,3.2666666666666666,11.0,8.16,14.823077663077665,12.12,0.0,12.12,0.10666666666666667,0.0,14,8,2,0,0,0,0.1867,0.1067,0.0267,0.0,0.0,42.24,57.76,Positional
Masters | Rapid,?,2026.07.03,"So, Wesley","Sheehan, Ethan",1-0,,81,0.0,0.2222222222222222,0.0,3.432098765432099,0.41975308641975306,0.2222222222222222,2.962962962962963,10.802469135802468,8.185185185185185,14.014008590860442,10.864197530864198,0.04938271604938271,10.864197530864198,0.06172839506172839,0.20987654320987653,14,12,4,0,0,0,0.1728,0.1481,0.0494,0.0,0.0,47.77,52.23,Positional
Masters | Blitz,?,2026.07.04,"So, Wesley","Zierk, Steven",1-0,,80,0.0,0.8625,0.225,0.1625,0.575,0.4875,2.7375,9.6,8.1625,11.697843961593962,9.2625,0.225,9.2625,0.0375,0.0,30,20,10,0,0,2,0.375,0.25,0.125,0.0,0.0,66.15,33.85,Aggressive
July 07 2026,?,2026.07.07,"So, Wesley","Gao, Raymond",1-0,,103,0.0,0.7766990291262136,0.0,3.3106796116504853,2.0679611650485437,0.6019417475728155,2.6310679611650487,9.669902912621358,8.485436893203884,11.413501169811841,8.650485436893204,0.009708737864077669,8.650485436893204,0.44660194174757284,0.08737864077669903,26,12,4,0,0,2,0.2524,0.1165,0.0388,0.0,0.0,61.58,38.42,Aggressive
July 07 2026,?,2026.07.07,"So, Wesley","Quispe Arteaga, Gabriel",1-0,,61,0.0,0.8032786885245902,0.06557377049180328,2.3934426229508197,2.2950819672131146,0.8032786885245902,3.081967213114754,10.540983606557377,9.524590163934427,14.162075765764287,11.344262295081966,0.0,11.344262295081966,0.5901639344262295,0.0,10,14,2,0,0,0,0.1639,0.2295,0.0328,0.0,0.0,43.77,56.23,Positional
July 07 2026,?,2026.07.07,"So, Wesley","Ibarra Jerez, Jose Carlos",1-0,,81,0.0,0.35802469135802467,0.13580246913580246,0.5555555555555556,0.7654320987654321,0.19753086419753085,2.950617283950617,9.864197530864198,6.604938271604938,12.819913693987768,10.493827160493828,0.024691358024691357,10.493827160493828,0.04938271604938271,0.0,26,12,6,0,0,2,0.321,0.1481,0.0741,0.0,0.0,59.14,40.86,Aggressive
July 14 2026,?,2026.07.14,"So, Wesley","Souleidis, Georgios",1-0,,97,0.0,0.3711340206185567,0.24742268041237114,1.2989690721649485,0.8865979381443299,0.24742268041237114,2.6804123711340204,10.11340206185567,7.65979381443299,13.405679314957665,11.030927835051546,0.15463917525773196,11.030927835051546,0.35051546391752575,0.030927835051546393,16,8,6,0,0,2,0.1649,0.0825,0.0619,0.0,0.0,49.32,50.68,Positional
July 14 2026,?,2026.07.14,"So, Wesley","Gelman, Alexander",1-0,,75,0.0,0.44,0.0,2.453333333333333,0.88,0.4,2.8533333333333335,10.946666666666667,8.226666666666667,14.407989380989374,11.146666666666667,0.0,11.146666666666667,0.09333333333333334,0.04,24,14,6,0,0,0,0.32,0.1867,0.08,0.0,0.0,56.72,43.28,Aggressive
July 14 2026,?,2026.07.14,"So, Wesley",Nguyen Hong Anh,1-0,,79,0.0,0.4936708860759494,0.7341772151898734,0.05063291139240506,2.050632911392405,0.4936708860759494,2.7848101265822787,9.379746835443038,7.708860759493671,11.737768946946163,8.784810126582279,0.0,8.784810126582279,0.45569620253164556,0.012658227848101266,18,16,4,0,0,0,0.2278,0.2025,0.0506,0.0,0.0,55.74,44.26,Aggressive
July 14 2026,?,2026.07.14,"So, Wesley","Papasimakopoulos, Alexandros",1-0,,83,0.0,0.6144578313253012,0.5301204819277109,0.9036144578313253,0.7228915662650602,0.5542168674698795,2.566265060240964,9.301204819277109,5.963855421686747,13.178579720145985,10.987951807228916,0.04819277108433735,10.987951807228916,0.0963855421686747,0.0,16,18,0,0,0,0,0.1928,0.2169,0.0,0.0,0.0,51.3,48.7,Aggressive
July 21 2026,?,2026.07.21,"So, Wesley","Gaydym, Arseniy",1-0,,71,0.0,0.8309859154929577,0.352112676056338,5.605633802816901,1.0985915492957747,0.8309859154929577,3.084507042253521,10.901408450704226,9.985915492957746,13.95965747867156,11.394366197183098,0.0,11.394366197183098,0.18309859154929578,0.0,20,12,6,0,0,0,0.2817,0.169,0.0845,0.0,0.0,54.66,45.34,Aggressive
Open Rapid,?,2026.01.09,"So, Wesley",Nihal Sarin,0-1,,46,0.0,0.6956521739130435,0.0,4.543478260869565,0.2391304347826087,0.6956521739130435,2.4347826086956523,9.565217391304348,8.565217391304348,13.297291657617745,10.695652173913043,0.021739130434782608,10.695652173913043,0.0,0.021739130434782608,10,10,4,0,0,0,0.2174,0.2174,0.087,0.0,0.0,45.47,54.53,Positional
Open Blitz,?,2026.01.10,"So, Wesley","Vidit, Santosh Gujrathi",0-1,,118,0.0,1.0847457627118644,0.15254237288135594,0.5084745762711864,3.0338983050847457,0.7627118644067796,3.1016949152542375,10.152542372881356,9.440677966101696,11.813716297826467,8.76271186440678,0.059322033898305086,8.76271186440678,0.5254237288135594,0.0,22,30,4,0,0,2,0.1864,0.2542,0.0339,0.0,0.0,63.18,36.82,Aggressive
Open Blitz,?,2026.01.11,"So, Wesley",Praggnanandhaa R,0-1,,46,0.0,0.3695652173913043,0.43478260869565216,1.4130434782608696,0.10869565217391304,0.30434782608695654,2.9130434782608696,10.347826086956522,8.26086956521739,14.290013247621946,11.782608695652174,0.0,11.782608695652174,0.15217391304347827,0.15217391304347827,12,8,0,0,0,0,0.2609,0.1739,0.0,0.0,0.0,37.45,62.55,Positional
January 27 2026,?,2026.01.27,"So, Wesley","Le, Tuan Minh",0-1,,118,0.0,1.3389830508474576,0.2457627118644068,5.6525423728813555,4.88135593220339,1.0593220338983051,3.194915254237288,10.516949152542374,14.152542372881356,12.005051234076657,9.169491525423728,0.1864406779661017,9.169491525423728,0.22033898305084745,0.22033898305084745,18,20,6,0,0,2,0.1525,0.1695,0.0508,0.0,0.0,58.9,41.1,Aggressive
January 27 2026,?,2026.01.27,"So, Wesley","Galaktionov, Artem",0-1,,150,0.0,1.4133333333333333,0.8466666666666667,0.42,1.7066666666666668,0.84,2.7466666666666666,9.366666666666667,7.673333333333333,10.654285695785694,8.66,0.14,8.66,0.32,0.02,28,18,6,0,0,2,0.1867,0.12,0.04,0.0,0.0,65.32,34.68,Aggressive
February 03 2026,?,2026.02.03,"So, Wesley","Sarana, Alexey",0-1,,132,0.0,1.3257575757575757,0.6363636363636364,0.4393939393939394,1.803030303030303,0.8560606060606061,2.5303030303030303,9.462121212121213,8.901515151515152,10.192054368190735,7.083333333333333,0.07575757575757576,7.083333333333333,0.3712121212121212,0.007575757575757576,34,24,4,0,0,2,0.2576,0.1818,0.0303,0.0,0.0,69.51,30.49,Aggressive
February 10 2026,?,2026.02.10,"So, Wesley","Camacho Martinez, Guillermo",0-1,,84,0.0,0.7976190476190477,0.2976190476190476,1.1428571428571428,1.8928571428571428,0.44047619047619047,2.8452380952380953,10.333333333333334,7.809523809523809,13.591430229823086,10.94047619047619,0.0,10.94047619047619,0.23809523809523808,0.03571428571428571,20,14,4,0,0,0,0.2381,0.1667,0.0476,0.0,0.0,54.01,45.99,Aggressive
July 21 2026,?,2026.07.21,"So, Wesley","Yeletsky, Ivan",1-0,,115,0.0,0.9652173913043478,0.5391304347826087,2.0956521739130434,1.1391304347826088,0.5565217391304348,2.252173913043478,7.869565217391305,8.347826086956522,9.409267447528322,6.904347826086957,0.043478260869565216,6.904347826086957,0.22608695652173913,0.06956521739130435,26,24,2,0,0,2,0.2261,0.2087,0.0174,0.0,0.0,67.54,32.46,Aggressive
July 21 2026,?,2026.07.21,"So, Wesley","Ashraf, Artin",1-0,,59,0.0,0.288135593220339,0.1864406779661017,0.9491525423728814,0.9661016949152542,0.2711864406779661,2.830508474576271,10.59322033898305,6.932203389830509,14.104759882302258,11.288135593220339,0.01694915254237288,11.288135593220339,0.23728813559322035,0.1864406779661017,18,14,0,0,0,0,0.3051,0.2373,0.0,0.0,0.0,48.61,51.39,Positional
July 21 2026,?,2026.07.21,"So, Wesley","Hansen, Eric",1-0,,63,0.0,0.3968253968253968,0.3333333333333333,4.380952380952381,1.4761904761904763,0.3968253968253968,2.619047619047619,9.920634920634921,10.206349206349206,14.283707518231331,11.015873015873016,0.0,11.015873015873016,0.15873015873015872,0.09523809523809523,20,12,6,0,0,0,0.3175,0.1905,0.0952,0.0,0.0,54.36,45.64,Aggressive
July 21 2026,?,2026.07.21,"So, Wesley","Shankland, Sam",1-0,,61,0.0,0.18032786885245902,0.19672131147540983,1.4098360655737705,0.39344262295081966,0.18032786885245902,2.360655737704918,10.262295081967213,8.573770491803279,14.324828632205682,11.60655737704918,0.0,11.60655737704918,0.36065573770491804,0.03278688524590164,18,14,6,0,0,2,0.2951,0.2295,0.0984,0.0,0.0,52.31,47.69,Aggressive
Grand Chess Tour: Saint Louis Rapid & Blitz 2026,?,2026.08.05,"So, Wesley","Dominguez Perez, Leinier",1-0,,93,0.0,0.3333333333333333,0.043010752688172046,2.3655913978494625,0.9032258064516129,0.25806451612903225,2.7096774193548385,9.612903225806452,7.559139784946237,11.90986000260194,9.129032258064516,0.0,9.129032258064516,0.23655913978494625,0.15053763440860216,26,18,2,0,0,2,0.2796,0.1935,0.0215,0.0,0.0,61.42,38.58,Aggressive
Grand Chess Tour: Saint Louis Rapid & Blitz 2026,?,2026.08.05,"So, Wesley","Van Foreest, Jorden",1-0,,43,0.0,0.4883720930232558,0.046511627906976744,2.86046511627907,0.6976744186046512,0.4883720930232558,3.0,10.30232558139535,8.534883720930232,14.58915709613384,11.930232558139535,0.16279069767441862,11.930232558139535,0.046511627906976744,0.09302325581395349,12,8,4,0,0,2,0.2791,0.186,0.093,0.0,0.0,43.54,56.46,Positional
Grand Chess Tour: Sinquefield Cup 2026,?,2026.08.11,"So, Wesley","Van Foreest, Jorden",1-0,,109,0.0,0.3669724770642202,0.8073394495412844,0.44036697247706424,4.458715596330276,0.3486238532110092,2.2018348623853212,7.908256880733945,8.770642201834862,10.113698915763136,6.81651376146789,0.027522935779816515,6.81651376146789,0.3394495412844037,0.0,24,26,6,0,0,2,0.2202,0.2385,0.055,0.0,0.0,68.04,31.96,Aggressive
September 01 2026,?,2026.09.01,"So, Wesley","Alexander, Joshua",1-0,,57,0.0,0.2631578947368421,0.0,1.3333333333333333,0.6842105263157895,0.2631578947368421,3.210526315789474,10.087719298245615,6.947368421052632,14.362178562178556,11.736842105263158,0.0,11.736842105263158,0.10526315789473684,0.017543859649122806,18,12,6,0,0,4,0.3158,0.2105,0.1053,0.0,0.0,52.61,47.39,Aggressive
September 01 2026,?,2026.09.01,"So, Wesley","Cieslak, Patryk",1-0,,69,0.0,0.6231884057971014,0.028985507246376812,2.260869565217391,1.2173913043478262,0.4492753623188406,2.7681159420289854,9.971014492753623,9.072463768115941,13.067271939011071,10.318840579710145,0.17391304347826086,10.318840579710145,0.11594202898550725,0.0,14,8,0,0,0,0,0.2029,0.1159,0.0,0.0,0.0,43.16,56.84,Positional
September 01 2026,?,2026.09.01,"So, Wesley","Liang, Awonder",1-0,,43,0.0,0.13953488372093023,0.0,1.0232558139534884,0.023255813953488372,0.13953488372093023,2.6744186046511627,9.651162790697674,5.465116279069767,15.45774845309729,12.976744186046512,0.0,12.976744186046512,0.0,0.32558139534883723,16,10,4,0,0,0,0.3721,0.2326,0.093,0.0,0.0,46.35,53.65,Positional
September 01 2026,?,2026.09.01,"So, Wesley","Martirosyan, Haik M.",1-0,,87,0.0,0.367816091954023,0.0,2.6436781609195403,1.6666666666666667,0.3333333333333333,2.7241379310344827,10.022988505747126,9.310344827586206,13.48137175723383,10.839080459770114,0.011494252873563218,10.839080459770114,0.13793103448275862,0.06896551724137931,16,8,2,0,0,0,0.1839,0.092,0.023,0.0,0.0,46.47,53.53,Positional
September 01 2026,?,2026.09.01,"So, Wesley","Nosach, Roman Al",1-0,,39,0.0,0.358974358974359,0.0,0.7435897435897436,0.07692307692307693,0.358974358974359,2.5128205128205128,9.743589743589743,6.256410256410256,15.946813442967292,13.717948717948717,0.07692307692307693,13.717948717948717,0.02564102564102564,0.0,8,0,0,0,0,0,0.2051,0.0,0.0,0.0,0.0,22.53,77.47,Positional
Open,?,2026.09.18,"So, Wesley","Thybo, Jesper Sondergaard",1-0,,71,0.0,0.971830985915493,0.014084507042253521,3.3943661971830985,1.6338028169014085,0.971830985915493,3.183098591549296,10.211267605633802,9.422535211267606,13.322378716744911,10.67605633802817,0.0,10.67605633802817,0.28169014084507044,0.2535211267605634,18,8,2,0,0,0,0.2535,0.1127,0.0282,0.0,0.0,49.43,50.57,Positional
Open,?,2026.09.25,"So, Wesley","Sindarov, Javokhir",1-0,,97,0.0,0.7938144329896907,0.0,1.3298969072164948,2.88659793814433,0.5773195876288659,2.7010309278350517,9.65979381443299,8.907216494845361,12.527454618691735,9.484536082474227,0.010309278350515464,9.484536082474227,0.32989690721649484,0.0,22,14,6,0,0,2,0.2268,0.1443,0.0619,0.0,0.0,58.84,41.16,Aggressive
September 29 2026,?,2026.09.29,"So, Wesley","Poormosavi, Seyed Kanan",1-0,,47,0.0,0.0425531914893617,0.0,1.1063829787234043,0.3829787234042553,0.0425531914893617,2.723404255319149,9.595744680851064,6.425531914893617,15.013212673850973,12.340425531914894,0.0,12.340425531914894,0.0,0.06382978723404255,10,10,4,0,0,2,0.2128,0.2128,0.0851,0.0,0.0,41.27,58.73,Positional
September 29 2026,?,2026.09.29,"So, Wesley","Nepomniachtchi, Ian",1-0,,95,0.0,0.42105263157894735,0.3368421052631579,0.6736842105263158,1.768421052631579,0.2631578947368421,2.463157894736842,9.673684210526316,7.473684210526316,10.801191586191587,8.157894736842104,0.021052631578947368,8.157894736842104,0.12631578947368421,0.0,30,24,6,0,0,2,0.3158,0.2526,0.0632,0.0,0.0,67.78,32.22,Aggressive
September 29 2026,?,2026.09.29,"So, Wesley","Nguyen, Ngoc Truong Son",1-0,,77,0.0,0.5454545454545454,0.025974025974025976,3.6103896103896105,1.3766233766233766,0.42857142857142855,2.883116883116883,10.727272727272727,9.025974025974026,13.465196780131842,10.38961038961039,0.0,10.38961038961039,0.19480519480519481,0.06493506493506493,22,16,0,0,0,0,0.2857,0.2078,0.0,0.0,0.0,54.61,45.39,Aggressive
September 29 2026,?,2026.09.29,"So, Wesley","Razafindratsima, Timothe",1-0,,99,0.0,0.7373737373737373,0.37373737373737376,0.45454545454545453,0.9393939393939394,0.494949494949495,2.6363636363636362,8.818181818181818,5.202020202020202,10.234134692468029,7.909090909090909,0.020202020202020204,7.909090909090909,0.2828282828282828,0.0,36,22,8,0,0,2,0.3636,0.2222,0.0808,0.0,0.0,72.15,27.85,Aggressive
It,Hastings (England),1934.??.??,Capablanca Jose Raul (CUB),Botvinnik Mikhail M (RUS),1/2-1/2,A91,80,0.0,0.125,0.0,1.65,0.25,0.125,2.875,10.65,7.2375,15.396453754578761,12.975,0.0,12.975,0.0,0.0,8,2,4,0,0,0,0.1,0.025,0.05,0.0,0.0,30.49,69.51,Positional
It,Hastings (England),1934.??.??,Capablanca Jose Raul (CUB),Flohr Salomon M (CZE),1/2-1/2,D71,64,0.0,0.359375,0.0,2.625,1.1875,0.359375,3.109375,10.546875,7.546875,13.928191860223112,10.75,0.0,10.75,0.359375,0.140625,20,12,0,0,0,0,0.3125,0.1875,0.0,0.0,0.0,50.67,49.33,Aggressive
It,Hastings (England),1934.??.??,Capablanca Jose Raul (CUB),Michell Reginald P (ENG),1-0,D52,70,0.0,0.04285714285714286,0.0,1.8428571428571427,0.5142857142857142,0.04285714285714286,2.842857142857143,10.785714285714286,7.442857142857143,14.999840001268574,12.014285714285714,0.02857142857142857,12.014285714285714,0.11428571428571428,0.0,20,12,2,0,0,0,0.2857,0.1714,0.0286,0.0,0.0,49.49,50.51,Positional
It,Hastings (England),1934.??.??,Capablanca Jose Raul (CUB),Milner Barry Philip S (ENG),1-0,E33,102,0.0,0.3333333333333333,0.19607843137254902,0.5882352941176471,3.6176470588235294,0.28431372549019607,2.7941176470588234,9.77450980392157,8.254901960784315,12.108161119925828,9.303921568627452,0.0,9.303921568627452,0.696078431372549,0.0,28,16,4,0,0,2,0.2745,0.1569,0.0392,0.0,0.0,62.07,37.93,Aggressive
It,Hastings (England),1934.??.??,Capablanca Jose Raul (CUB),Thomas George A (ENG),0-1,D51,106,0.0,0.36792452830188677,0.03773584905660377,1.0943396226415094,3.4716981132075473,0.3490566037735849,2.6320754716981134,9.80188679245283,8.141509433962264,11.731608066985423,8.68867924528302,0.0,8.68867924528302,0.3867924528301887,0.05660377358490566,22,20,4,0,0,2,0.2075,0.1887,0.0377,0.0,0.0,61.12,38.88,Aggressive
It,Hastings (England),1934.??.??,Lilienthal Andor (HUN),Capablanca Jose Raul (CUB),1-0,E24,52,0.0,0.3076923076923077,0.25,2.173076923076923,0.19230769230769232,0.21153846153846154,2.5961538461538463,9.038461538461538,6.576923076923077,12.097807374249681,9.846153846153847,0.0,9.846153846153847,0.038461538461538464,0.038461538461538464,20,16,10,0,0,2,0.3846,0.3077,0.1923,0.0,0.0,60.94,39.06,Aggressive
It,Hastings (England),1934.??.??,Menchik Vera,Capablanca Jose Raul (CUB),0-1,E16,110,0.0,0.6727272727272727,0.32727272727272727,1.9727272727272727,1.0818181818181818,0.5363636363636364,2.590909090909091,9.172727272727272,6.618181818181818,10.966532634032635,8.272727272727273,0.045454545454545456,8.272727272727273,0.2545454545454545,0.07272727272727272,28,24,2,0,0,2,0.2545,0.2182,0.0182,0.0,0.0,66.39,33.61,Aggressive
,San Juan (Puerto Rico),1934.??.??,Capablanca Jose Raul (CUB),Cintron Rafael,1-0,B44,51,0.0,0.058823529411764705,0.0,1.9019607843137254,0.29411764705882354,0.058823529411764705,2.843137254901961,9.745098039215685,6.921568627450981,15.161269775975656,12.549019607843137,0.0,12.549019607843137,0.09803921568627451,0.0,10,2,2,0,0,0,0.1961,0.0392,0.0392,0.0,0.0,32.1,67.9,Positional
,San Juan (Puerto Rico),1934.??.??,Capablanca Jose Raul (CUB),Gotay P A,1-0,C14,115,0.0,0.8869565217391304,0.3739130434782609,3.4521739130434783,1.4173913043478261,0.6695652173913044,2.6,9.791304347826086,10.42608695652174,10.308977833760444,7.582608695652174,0.0782608695652174,7.582608695652174,0.19130434782608696,0.16521739130434782,22,26,2,0,0,2,0.1913,0.2261,0.0174,0.0,0.0,63.29,36.71,Aggressive
It,Margate (England),1935.??.??,Klein Ernst Ludwig,Capablanca Jose Raul (CUB),1/2-1/2,D17,68,0.0,0.25,0.6323529411764706,0.4852941176470588,1.3529411764705883,0.25,2.8970588235294117,9.808823529411764,6.852941176470588,12.053297601091717,9.191176470588236,0.014705882352941176,9.191176470588236,0.1323529411764706,0.08823529411764706,18,10,6,0,0,2,0.2647,0.1471,0.0882,0.0,0.0,54.19,45.81,Aggressive
It,Margate (England),1935.??.??,Menchik Vera,Capablanca Jose Raul (CUB),0-1,A00,70,0.0,0.2,0.0,1.2428571428571429,1.0,0.2,2.8142857142857145,9.885714285714286,6.514285714285714,14.468369646226789,11.642857142857142,0.15714285714285714,11.642857142857142,0.2571428571428571,0.1,20,12,4,0,0,0,0.2857,0.1714,0.0571,0.0,0.0,52.14,47.86,Aggressive
It,Margate (England),1935.??.??,Sergeant Edward,Capablanca Jose Raul (CUB),0-1,C01,74,0.0,0.6621621621621622,0.2972972972972973,0.35135135135135137,0.8918918918918919,0.4594594594594595,2.8513513513513513,9.972972972972974,8.297297297297296,11.86790131790132,9.54054054054054,0.1891891891891892,9.54054054054054,0.21621621621621623,0.0,22,10,4,0,0,2,0.2973,0.1351,0.0541,0.0,0.0,55.06,44.94,Aggressive
It,Moscow (Russia),1935.??.??,Alatortsev Vladimir A (RUS),Capablanca Jose Raul (CUB),0-1,D53,46,0.0,0.17391304347826086,0.0,1.3695652173913044,1.0434782608695652,0.17391304347826086,2.217391304347826,8.695652173913043,5.478260869565218,13.947844426105297,11.152173913043478,0.021739130434782608,11.152173913043478,0.2391304347826087,0.0,18,10,2,0,0,0,0.3913,0.2174,0.0435,0.0,0.0,50.38,49.62,Aggressive
It,Moscow (Russia),1935.??.??,Chekhover Vitaly A (RUS),Capablanca Jose Raul (CUB),0-1,E16,106,0.0,0.5,0.0,0.8018867924528302,0.7547169811320755,0.11320754716981132,3.292452830188679,10.056603773584905,6.990566037735849,14.391764838934655,12.264150943396226,0.03773584905660377,12.264150943396226,0.10377358490566038,0.03773584905660377,18,8,4,0,0,0,0.1698,0.0755,0.0377,0.0,0.0,47.4,52.6,Positional
It,Moscow (Russia),1935.??.??,Flohr Salomon M (CZE),Capablanca Jose Raul (CUB),1/2-1/2,D62,104,0.0,1.75,0.7307692307692307,0.4519230769230769,0.11538461538461539,0.9230769230769231,2.7788461538461537,9.221153846153847,5.259615384615385,8.419648780706474,6.221153846153846,0.0,6.221153846153846,0.04807692307692308,0.019230769230769232,26,24,2,0,0,0,0.25,0.2308,0.0192,0.0,0.0,68.68,31.32,Aggressive
It,Moscow (Russia),1935.??.??,Lisitsyn Georgy (RUS),Capablanca Jose Raul (CUB),0-1,A11,132,0.0,0.6439393939393939,0.2878787878787879,4.204545454545454,0.5,0.4696969696969697,2.6363636363636362,9.757575757575758,7.5,11.229230849117213,8.083333333333334,0.03787878787878788,8.083333333333334,0.015151515151515152,0.17424242424242425,26,18,2,0,0,0,0.197,0.1364,0.0152,0.0,0.0,63.05,36.95,Aggressive
It,Moscow (Russia),1935.??.??,Pirc Vasja (YUG),Capablanca Jose Raul (CUB),1/2-1/2,A03,56,0.0,0.19642857142857142,0.08928571428571429,1.9464285714285714,0.9285714285714286,0.19642857142857142,2.6607142857142856,10.321428571428571,6.375,14.538952119309263,11.660714285714286,0.03571428571428571,11.660714285714286,0.17857142857142858,0.017857142857142856,22,14,4,0,0,0,0.3929,0.25,0.0714,0.0,0.0,54.8,45.2,Aggressive
It,Moscow (Russia),1935.??.??,Romanovsky Peter A (RUS),Capablanca Jose Raul (CUB),1/2-1/2,C73,57,0.0,0.14035087719298245,0.0,1.1403508771929824,0.5263157894736842,0.14035087719298245,2.8947368421052633,9.666666666666666,5.701754385964913,13.674079137237033,11.403508771929825,0.0,11.403508771929825,0.05263157894736842,0.0,16,6,6,0,0,2,0.2807,0.1053,0.1053,0.0,0.0,48.5,51.5,Positional
It,Moscow (Russia),1935.??.??,Spielmann Rudolf (AUT),Capablanca Jose Raul (CUB),1/2-1/2,C15,53,0.0,0.05660377358490566,0.0,0.3018867924528302,1.320754716981132,0.05660377358490566,2.2264150943396226,9.30188679245283,6.584905660377358,12.525829830546813,9.754716981132075,0.0,9.754716981132075,0.37735849056603776,0.03773584905660377,26,14,6,0,0,2,0.4906,0.2642,0.1132,0.0,0.0,61.02,38.98,Aggressive
It,Moscow (Russia),1935.??.??,Stahlberg Gideon (SWE),Capablanca Jose Raul (CUB),1/2-1/2,D61,54,0.0,0.3888888888888889,0.16666666666666666,3.0925925925925926,0.2962962962962963,0.3888888888888889,3.0,10.722222222222221,8.333333333333334,14.214549185382518,11.24074074074074,0.1111111111111111,11.24074074074074,0.25925925925925924,0.12962962962962962,24,14,8,0,0,2,0.4444,0.2593,0.1481,0.0,0.0,58.13,41.87,Aggressive
Hastings 1934/35,Hastings ENG,1935.01.02,Jose Raul Capablanca,Reginald Pryce Michell,1-0,D52,69,0.0,0.028985507246376812,0.0,1.826086956521739,0.5217391304347826,0.028985507246376812,2.869565217391304,10.81159420289855,7.463768115942029,15.046939131721741,12.08695652173913,0.028985507246376812,12.08695652173913,0.10144927536231885,0.0,20,12,2,0,0,0,0.2899,0.1739,0.029,0.0,0.0,49.36,50.64,Positional
Hastings 1934/35,Hastings ENG,1934.12.31,Jose Raul Capablanca,Philip Stuart Milner-Barry,1-0,E33,101,0.0,0.32673267326732675,0.19801980198019803,0.594059405940594,3.5247524752475248,0.2871287128712871,2.801980198019802,9.811881188118813,8.217821782178218,12.138934992400342,9.386138613861386,0.0,9.386138613861386,0.693069306930693,0.0,28,16,4,0,0,2,0.2772,0.1584,0.0396,0.0,0.0,61.97,38.03,Aggressive
Moscow,Moscow URS,1935.03.07,Rudolf Spielmann,Jose Raul Capablanca,1/2-1/2,C15,53,0.0,0.05660377358490566,0.0,0.2830188679245283,1.320754716981132,0.05660377358490566,2.2452830188679247,9.320754716981131,6.566037735849057,12.542182031804675,9.773584905660377,0.0,9.773584905660377,0.37735849056603776,0.03773584905660377,26,14,6,0,0,2,0.4906,0.2642,0.1132,0.0,0.0,60.98,39.02,Aggressive
Moscow,Moscow URS,1935.02.21,Georgy Lisitsin,Jose Raul Capablanca,0-1,A09,132,0.0,0.6439393939393939,0.2878787878787879,4.204545454545454,0.5,0.4696969696969697,2.6363636363636362,9.757575757575758,7.5,11.204724421201695,8.053030303030303,0.03787878787878788,8.053030303030303,0.015151515151515152,0.17424242424242425,26,18,2,0,0,0,0.197,0.1364,0.0152,0.0,0.0,63.09,36.91,Aggressive
Margate,Margate ENG,1935.05.02,Ernst Ludwig Klein,Jose Raul Capablanca,1/2-1/2,D17,67,0.0,0.2537313432835821,0.6417910447761194,0.4925373134328358,1.373134328358209,0.2537313432835821,2.8955223880597014,9.791044776119403,6.865671641791045,12.069018460809504,9.194029850746269,0.014925373134328358,9.194029850746269,0.13432835820895522,0.08955223880597014,18,10,6,0,0,2,0.2687,0.1493,0.0896,0.0,0.0,54.21,45.79,Aggressive
Match,Amsterdam (Netherlands),1931.??.??,Capablanca Jose Raul (CUB),Euwe Max (NED),1/2-1/2,E22,42,0.0,0.07142857142857142,0.0,1.5952380952380953,0.7380952380952381,0.07142857142857142,2.4047619047619047,9.404761904761905,6.761904761904762,13.381036820322535,10.714285714285714,0.0,10.714285714285714,0.23809523809523808,0.023809523809523808,14,6,2,0,0,2,0.3333,0.1429,0.0476,0.0,0.0,43.99,56.01,Positional
Match,Amsterdam (Netherlands),1931.??.??,Capablanca Jose Raul (CUB),Euwe Max (NED),1-0,E35,61,0.0,0.6557377049180327,0.2459016393442623,2.4918032786885247,1.7049180327868851,0.6229508196721312,2.5901639344262297,9.672131147540984,9.0,12.3367330756675,9.475409836065573,0.06557377049180328,9.475409836065573,0.29508196721311475,0.01639344262295082,18,10,6,0,0,4,0.2951,0.1639,0.0984,0.0,0.0,55.31,44.69,Aggressive
Match,Amsterdam (Netherlands),1931.??.??,Capablanca Jose Raul (CUB),Euwe Max (NED),1/2-1/2,D34,117,0.0,0.5982905982905983,0.1111111111111111,6.205128205128205,0.7863247863247863,0.5213675213675214,2.4957264957264957,9.188034188034187,9.555555555555555,10.828779174292,6.871794871794871,0.042735042735042736,6.871794871794871,0.18803418803418803,0.2564102564102564,26,14,2,0,0,0,0.2222,0.1197,0.0171,0.0,0.0,63.02,36.98,Aggressive
Match,Amsterdam (Netherlands),1931.??.??,Capablanca Jose Raul (CUB),Euwe Max (NED),1-0,D17,69,0.0,0.5217391304347826,0.18840579710144928,1.434782608695652,2.2753623188405796,0.5217391304347826,2.8550724637681157,10.072463768115941,10.27536231884058,13.033284268066875,9.797101449275363,0.07246376811594203,9.797101449275363,0.34782608695652173,0.10144927536231885,18,14,4,0,0,2,0.2609,0.2029,0.058,0.0,0.0,53.19,46.81,Aggressive
Simultan,Amsterdam (Netherlands),1931.??.??,Capablanca Jose Raul (CUB),Selman J,0-1,C91,100,0.0,1.18,0.74,1.13,4.06,1.1,2.63,9.14,10.76,10.348257020757021,7.71,0.05,7.71,0.46,0.04,18,22,8,0,0,6,0.18,0.22,0.08,0.0,0.0,63.46,36.54,Aggressive
It,Hastings (England),1931.??.??,Capablanca Jose Raul (CUB),Tylor Theodore (ENG),1-0,D30,67,0.0,0.34328358208955223,0.0,1.2985074626865671,0.373134328358209,0.2835820895522388,2.9402985074626864,10.432835820895523,6.880597014925373,14.089953661595453,11.537313432835822,0.16417910447761194,11.537313432835822,0.0,0.0,20,10,4,0,0,2,0.2985,0.1493,0.0597,0.0,0.0,51.52,48.48,Aggressive
,New York (USA),1931.??.??,Capablanca Jose Raul (CUB),Burezza S,1-0,D60,67,0.0,0.5671641791044776,0.0,1.0149253731343284,2.208955223880597,0.5223880597014925,2.6417910447761193,9.895522388059701,8.238805970149254,12.860063361182764,9.91044776119403,0.0,9.91044776119403,0.3880597014925373,0.0,22,14,4,0,0,2,0.3284,0.209,0.0597,0.0,0.0,57.03,42.97,Aggressive
,New York (USA),1931.??.??,Capablanca Jose Raul (CUB),Dake A,1-0,D17,121,0.0,1.1074380165289257,1.0165289256198347,0.5537190082644629,0.2892561983471074,0.7107438016528925,2.71900826446281,9.206611570247935,8.314049586776859,8.672383768664755,6.1735537190082646,0.05785123966942149,6.1735537190082646,0.10743801652892562,0.0743801652892562,36,24,6,0,0,2,0.2975,0.1983,0.0496,0.0,0.0,72.24,27.76,Aggressive
,New York (USA),1931.??.??,Capablanca Jose Raul (CUB),Fine Reuben (USA),0-1,D53,96,0.0,1.3958333333333333,0.8958333333333334,0.8854166666666666,0.21875,0.71875,2.5104166666666665,8.375,6.104166666666667,8.514823371073373,6.072916666666667,0.010416666666666666,6.072916666666667,0.11458333333333333,0.08333333333333333,38,20,6,0,0,4,0.3958,0.2083,0.0625,0.0,0.0,74.51,25.49,Aggressive
,New York (USA),1931.??.??,Capablanca Jose Raul (CUB),Horowitz Israel A (USA),1-0,A12,117,0.0,0.717948717948718,0.49572649572649574,0.6837606837606838,2.247863247863248,0.5384615384615384,2.700854700854701,9.683760683760683,7.461538461538462,11.410851470466861,8.752136752136753,0.1623931623931624,8.752136752136753,0.41025641025641024,0.017094017094017096,28,16,6,0,0,2,0.2393,0.1368,0.0513,0.0,0.0,64.04,35.96,Aggressive
,New York (USA),1931.??.??,Capablanca Jose Raul (CUB),Santasiere Anthony Edward,1-0,A06,73,0.0,0.3972602739726027,0.0273972602739726,1.0410958904109588,1.1232876712328768,0.3561643835616438,2.958904109589041,10.013698630136986,6.424657534246576,12.307556028446442,9.493150684931507,0.0,9.493150684931507,0.2328767123287671,0.1232876712328767,26,16,10,0,0,4,0.3562,0.2192,0.137,0.0,0.0,63.94,36.06,Aggressive
,New York (USA),1931.??.??,Capablanca Jose Raul (CUB),Totten,1-0,D63,131,0.0,0.5343511450381679,0.5190839694656488,3.1068702290076335,0.3816793893129771,0.3893129770992366,2.33587786259542,9.030534351145038,7.404580152671755,9.829395180731067,7.396946564885496,0.03816793893129771,7.396946564885496,0.19083969465648856,0.2366412213740458,30,30,6,0,0,2,0.229,0.229,0.0458,0.0,0.0,71.12,28.88,Aggressive
,New York (USA),1931.??.??,Capablanca Jose Raul (CUB),Turover Isador,1-0,A03,129,0.0,0.8837209302325582,0.4806201550387597,0.18604651162790697,3.4806201550387597,0.49612403100775193,2.1705426356589146,7.728682170542636,7.782945736434108,9.988048084559708,6.434108527131783,0.13178294573643412,6.434108527131783,0.37209302325581395,0.0,34,26,8,0,0,4,0.2636,0.2016,0.062,0.0,0.0,73.61,26.39,Aggressive
Blindfold,Hollywood (USA),1933.??.??,Capablanca Jose Raul (CUB),Bain Mary,0-1,C48,22,0.0,0.2727272727272727,0.0,0.2727272727272727,1.1363636363636365,0.2727272727272727,2.727272727272727,9.181818181818182,6.5,15.265051615051616,13.272727272727273,0.0,13.272727272727273,0.13636363636363635,0.0,6,4,0,0,0,0,0.2727,0.1818,0.0,0.0,0.0,23.99,76.01,Positional
Simultan,Los Angeles (USA),1933.??.??,Capablanca Jose Raul (CUB),Steiner B Sr,1-0,C49,49,0.0,0.9387755102040817,0.2653061224489796,2.816326530612245,1.1020408163265305,0.673469387755102,3.061224489795918,9.46938775510204,7.163265306122449,12.682455129904104,10.571428571428571,0.0,10.571428571428571,0.10204081632653061,0.10204081632653061,20,10,8,0,0,0,0.4082,0.2041,0.1633,0.0,0.0,56.76,43.24,Aggressive
,Mexico,1933.??.??,Capablanca Jose Raul (CUB),Duhalt O,1/2-1/2,A16,81,0.0,0.6172839506172839,0.4444444444444444,0.8641975308641975,3.2962962962962963,0.6172839506172839,2.814814814814815,8.938271604938272,8.185185185185185,11.019495559310377,8.123456790123457,0.0,8.123456790123457,0.4691358024691358,0.14814814814814814,24,22,6,0,0,2,0.2963,0.2716,0.0741,0.0,0.0,64.84,35.16,Aggressive
,Mexico,1933.??.??,Capablanca Jose Raul (CUB),Friedmann I,1-0,C05,69,0.0,0.4057971014492754,0.0,2.536231884057971,1.5217391304347827,0.3333333333333333,3.028985507246377,11.173913043478262,7.913043478260869,13.112885343320125,10.304347826086957,0.0,10.304347826086957,0.07246376811594203,0.07246376811594203,18,14,0,0,0,0,0.2609,0.2029,0.0,0.0,0.0,50.45,49.55,Aggressive
,Mexico,1933.??.??,Capablanca Jose Raul (CUB),Glicco,1-0,D67,57,0.0,0.7192982456140351,0.017543859649122806,1.8070175438596492,1.2105263157894737,0.5614035087719298,2.9649122807017543,10.350877192982455,7.456140350877193,13.833899093109618,11.24561403508772,0.10526315789473684,11.24561403508772,0.21052631578947367,0.03508771929824561,12,6,4,0,0,0,0.2105,0.1053,0.0702,0.0,0.0,42.46,57.54,Positional
Simultan,Panama,1933.??.??,Capablanca Jose Raul (CUB),Gomez Luis Fernando,1/2-1/2,C25,101,0.0,1.099009900990099,0.0,0.18811881188118812,0.5445544554455446,0.40594059405940597,2.594059405940594,9.544554455445544,7.396039603960396,10.532244350808712,8.663366336633663,0.06930693069306931,8.663366336633663,0.0,0.0,28,14,8,0,0,2,0.2772,0.1386,0.0792,0.0,0.0,64.5,35.5,Aggressive
,Panama,1933.??.??,Capablanca Jose Raul (CUB),Farrugia L,1-0,C28,95,0.0,1.0526315789473684,0.21052631578947367,0.2,1.9578947368421054,0.5368421052631579,2.610526315789474,9.51578947368421,6.852631578947369,10.14818841976737,8.178947368421053,0.12631578947368421,8.178947368421053,0.021052631578947368,0.0,36,16,6,0,0,4,0.3789,0.1684,0.0632,0.0,0.0,69.44,30.56,Aggressive
It,Hastings (England),1934.??.??,Euwe Max (NED),Capablanca Jose Raul (CUB),1/2-1/2,D64,75,0.0,0.18666666666666668,0.0,0.6933333333333334,0.72,0.09333333333333334,2.9466666666666668,9.88,7.253333333333333,14.235428719428718,11.826666666666666,0.02666666666666667,11.826666666666666,0.18666666666666668,0.13333333333333333,22,12,4,0,0,2,0.2933,0.16,0.0533,0.0,0.0,53.33,46.67,Aggressive
It,Hastings (England),1934.??.??,Norman G,Capablanca Jose Raul (CUB),0-1,E80,70,0.0,0.08571428571428572,0.0,1.2142857142857142,0.4,0.08571428571428572,2.8857142857142857,10.185714285714285,7.185714285714286,14.090206261991975,11.857142857142858,0.014285714285714285,11.857142857142858,0.07142857142857142,0.0,26,10,8,0,0,2,0.3714,0.1429,0.1143,0.0,0.0,57.38,42.62,Aggressive
Karlsbad,Cuernavaca MEX,1933.05.01,Jose Raul Capablanca,Isaac Friedmann,1-0,D50,43,0.0,0.32558139534883723,0.0,0.9534883720930233,0.6744186046511628,0.32558139534883723,2.813953488372093,10.209302325581396,6.976744186046512,14.012296618110577,11.651162790697674,0.0,11.651162790697674,0.0,0.0,8,6,2,0,0,0,0.186,0.1395,0.0465,0.0,0.0,33.37,66.63,Positional
Hastings 1934/35,Hastings ENG,1934.12.27,Max Euwe,Jose Raul Capablanca,1/2-1/2,D64,75,0.0,0.05333333333333334,0.0,0.6933333333333334,0.72,0.05333333333333334,2.9466666666666668,9.786666666666667,7.253333333333333,14.176155992155994,11.76,0.02666666666666667,11.76,0.18666666666666668,0.13333333333333333,22,12,4,0,0,2,0.2933,0.16,0.0533,0.0,0.0,53.34,46.66,Aggressive
Hastings 1934/35,Hastings ENG,1934.12.29,Vera Menchik,Jose Raul Capablanca,0-1,E16,109,0.0,0.6605504587155964,0.3119266055045872,1.9908256880733946,1.091743119266055,0.5321100917431193,2.5779816513761467,9.1651376146789,6.587155963302752,11.0194366031522,8.321100917431192,0.03669724770642202,8.321100917431192,0.25688073394495414,0.07339449541284404,28,22,2,0,0,2,0.2569,0.2018,0.0183,0.0,0.0,65.79,34.21,Aggressive
Match,Amsterdam (Netherlands),1931.??.??,Capablanca Jose Raul (CUB),Euwe Max (NED),1/2-1/2,D47,53,0.0,0.3018867924528302,0.20754716981132076,0.4339622641509434,0.33962264150943394,0.2830188679245283,2.830188679245283,10.339622641509434,6.132075471698113,13.509822357935562,11.037735849056604,0.0,11.037735849056604,0.2830188679245283,0.20754716981132076,18,10,4,0,0,2,0.3396,0.1887,0.0755,0.0,0.0,50.35,49.65,Aggressive
Match,Amsterdam (Netherlands),1931.??.??,Euwe Max (NED),Capablanca Jose Raul (CUB),1/2-1/2,E44,52,0.0,0.36538461538461536,0.0,1.9423076923076923,0.46153846153846156,0.36538461538461536,3.1153846153846154,10.038461538461538,5.75,13.8982875030952,11.365384615384615,0.0,11.365384615384615,0.11538461538461539,0.038461538461538464,18,14,2,0,0,0,0.3462,0.2692,0.0385,0.0,0.0,51.36,48.64,Aggressive
Match,Amsterdam (Netherlands),1931.??.??,Euwe Max (NED),Capablanca Jose Raul (CUB),1/2-1/2,E40,66,0.0,0.18181818181818182,0.5454545454545454,0.5151515151515151,0.8484848484848485,0.16666666666666666,2.6363636363636362,8.666666666666666,5.46969696969697,11.850830692876146,9.454545454545455,0.0,9.454545454545455,0.10606060606060606,0.015151515151515152,32,22,6,0,0,2,0.4848,0.3333,0.0909,0.0,0.0,67.74,32.26,Aggressive
Match,Amsterdam (Netherlands),1931.??.??,Euwe Max (NED),Capablanca Jose Raul (CUB),1/2-1/2,E16,49,0.0,0.2653061224489796,0.0,3.795918367346939,1.1224489795918366,0.2653061224489796,2.5306122448979593,9.571428571428571,7.428571428571429,13.601669928710743,10.714285714285714,0.04081632653061224,10.714285714285714,0.2857142857142857,0.04081632653061224,22,16,0,0,0,0,0.449,0.3265,0.0,0.0,0.0,55.6,44.4,Aggressive
Match,Amsterdam (Netherlands),1931.??.??,Euwe Max (NED),Capablanca Jose Raul (CUB),1/2-1/2,E16,112,0.0,1.0357142857142858,0.45535714285714285,2.9107142857142856,1.6607142857142858,0.6607142857142857,2.3392857142857144,8.428571428571429,7.383928571428571,8.942244238896022,6.232142857142857,0.0625,6.232142857142857,0.19642857142857142,0.05357142857142857,20,30,2,0,0,2,0.1786,0.2679,0.0179,0.0,0.0,67.93,32.07,Aggressive
Match,Amsterdam (Netherlands),1931.??.??,Euwe Max (NED),Capablanca Jose Raul (CUB),1/2-1/2,E16,57,0.0,0.7017543859649122,0.07017543859649122,3.087719298245614,1.1403508771929824,0.7017543859649122,2.5964912280701755,9.263157894736842,7.7368421052631575,12.491469300679823,9.75438596491228,0.10526315789473684,9.75438596491228,0.17543859649122806,0.0,12,18,0,0,0,0,0.2105,0.3158,0.0,0.0,0.0,49.95,50.05,Positional
Simultan,Amsterdam (Netherlands),1931.??.??,Capablanca Jose Raul (CUB),Muller JC,1/2-1/2,C74,82,0.0,0.2926829268292683,0.2926829268292683,0.4878048780487805,1.5,0.25609756097560976,3.231707317073171,10.0,7.2926829268292686,13.009145529267482,10.24390243902439,0.012195121951219513,10.24390243902439,0.2682926829268293,0.0,18,20,4,0,0,2,0.2195,0.2439,0.0488,0.0,0.0,55.74,44.26,Aggressive
Simultan,Amsterdam (Netherlands),1931.??.??,Capablanca Jose Raul (CUB),Spanjaard Eduard,1/2-1/2,B25,84,0.0,0.05952380952380952,0.2976190476190476,0.8333333333333334,1.0476190476190477,0.05952380952380952,2.988095238095238,9.916666666666666,7.083333333333333,13.926246934282647,11.107142857142858,0.05952380952380952,11.107142857142858,0.023809523809523808,0.023809523809523808,22,12,2,0,0,0,0.2619,0.1429,0.0238,0.0,0.0,52.38,47.62,Aggressive
,Habana (Cuba),1931.??.??,Capablanca Jose Raul (CUB),Lopez Agustench Eduard (ESP),1/2-1/2,B02,112,0.0,0.6517857142857143,0.8482142857142857,1.4821428571428572,0.5803571428571429,0.49107142857142855,1.9553571428571428,7.803571428571429,5.375,8.885632175364314,6.75,0.0,6.75,0.09821428571428571,0.0,32,18,4,0,0,2,0.2857,0.1607,0.0357,0.0,0.0,71.31,28.69,Aggressive
,Habana (Cuba),1931.??.??,Capablanca Jose Raul (CUB),Montero H,1/2-1/2,C05,102,0.0,1.4803921568627452,0.8725490196078431,0.27450980392156865,0.4117647058823529,0.7549019607843137,2.950980392156863,8.96078431372549,5.637254901960785,8.082605874517641,6.196078431372549,0.00980392156862745,6.196078431372549,0.10784313725490197,0.0,36,16,2,0,0,0,0.3529,0.1569,0.0196,0.0,0.0,70.9,29.1,Aggressive
,Hastings (England),1931.??.??,Capablanca Jose Raul (CUB),Thomas George A (ENG),1/2-1/2,D69,52,0.0,0.4230769230769231,0.0,4.076923076923077,0.7115384615384616,0.4230769230769231,2.7884615384615383,10.01923076923077,8.26923076923077,13.160441374864453,10.153846153846153,0.0,10.153846153846153,0.17307692307692307,0.15384615384615385,14,12,2,0,0,0,0.2692,0.2308,0.0385,0.0,0.0,48.6,51.4,Positional
,Hastings (England),1931.??.??,Menchik Vera,Capablanca Jose Raul (CUB),0-1,A47,84,0.0,0.8928571428571429,0.30952380952380953,1.1428571428571428,0.17857142857142858,0.44047619047619047,2.5476190476190474,9.464285714285714,6.4523809523809526,11.015449398485114,8.904761904761905,0.023809523809523808,8.904761904761905,0.17857142857142858,0.023809523809523808,24,20,0,0,0,0,0.2857,0.2381,0.0,0.0,0.0,60.56,39.44,Aggressive
,Hastings (England),1931.??.??,Michell Reginald P (ENG),Capablanca Jose Raul (CUB),1/2-1/2,B18,75,0.0,0.21333333333333335,0.10666666666666667,1.6933333333333334,0.7066666666666667,0.21333333333333335,2.7333333333333334,10.146666666666667,7.2,14.133561216561217,11.48,0.0,11.48,0.16,0.04,18,10,4,0,0,2,0.24,0.1333,0.0533,0.0,0.0,50.31,49.69,Aggressive
,Hastings (England),1931.??.??,Winter William (ENG),Capablanca Jose Raul (CUB),0-1,D51,68,0.0,0.6176470588235294,0.029411764705882353,3.676470588235294,0.4264705882352941,0.6176470588235294,2.8676470588235294,10.617647058823529,8.985294117647058,14.379874578036342,11.352941176470589,0.22058823529411764,11.352941176470589,0.10294117647058823,0.1323529411764706,14,18,0,0,0,0,0.2059,0.2647,0.0,0.0,0.0,48.06,51.94,Positional
,New York (USA),1931.??.??,Capablanca Jose Raul (CUB),Denker Arnold S (USA),1/2-1/2,B50,120,0.0,1.1166666666666667,0.49166666666666664,0.2833333333333333,3.2333333333333334,0.5833333333333334,2.4833333333333334,9.091666666666667,7.016666666666667,9.855363802863803,7.116666666666666,0.0,7.116666666666666,0.15833333333333333,0.0,32,28,2,0,0,2,0.2667,0.2333,0.0167,0.0,0.0,70.64,29.36,Aggressive
,New York (USA),1931.??.??,Capablanca Jose Raul (CUB),Kashdan Isaac (USA),1/2-1/2,D61,46,0.0,0.1956521739130435,0.0,0.9565217391304348,0.08695652173913043,0.1956521739130435,2.760869565217391,10.065217391304348,6.065217391304348,15.18892086174695,12.58695652173913,0.0,12.58695652173913,0.0,0.021739130434782608,14,8,2,0,0,2,0.3043,0.1739,0.0435,0.0,0.0,42.25,57.75,Positional
,New York (USA),1931.??.??,Capablanca Jose Raul (CUB),McCormick James (USA),1/2-1/2,C66,36,0.0,0.1388888888888889,0.0,1.6111111111111112,0.1111111111111111,0.1388888888888889,2.888888888888889,9.722222222222221,5.638888888888889,14.761521194854526,12.0,0.0,12.0,0.25,0.08333333333333333,10,10,0,0,0,0,0.2778,0.2778,0.0,0.0,0.0,37.36,62.64,Positional
,New York (USA),1931.??.??,Capablanca Jose Raul (CUB),Princeton,1/2-1/2,C15,77,0.0,0.9090909090909091,0.36363636363636365,0.45454545454545453,3.4155844155844157,0.7922077922077922,2.5454545454545454,9.25974025974026,8.766233766233766,10.055350565740177,7.467532467532467,0.05194805194805195,7.467532467532467,0.33766233766233766,0.0,28,22,8,0,0,2,0.3636,0.2857,0.1039,0.0,0.0,68.11,31.89,Aggressive
,New York (USA),1931.??.??,Capablanca Jose Raul (CUB),Steiner Heinz (AUT),1/2-1/2,C74,42,0.0,0.5714285714285714,0.38095238095238093,2.2857142857142856,0.6428571428571429,0.42857142857142855,2.619047619047619,9.880952380952381,8.404761904761905,13.876505637219926,11.380952380952381,0.0,11.380952380952381,0.16666666666666666,0.0,12,4,4,0,0,0,0.2857,0.0952,0.0952,0.0,0.0,40.76,59.24,Positional
,New York (USA),1931.??.??,Fox Maurice,Capablanca Jose Raul (CUB),0-1,E43,104,0.0,0.7403846153846154,0.4519230769230769,1.1057692307692308,3.9615384615384617,0.6442307692307693,2.4615384615384617,9.403846153846153,7.6923076923076925,10.876619294167371,7.413461538461538,0.0,7.413461538461538,0.38461538461538464,0.0673076923076923,30,26,8,0,0,2,0.2885,0.25,0.0769,0.0,0.0,70.2,29.8,Aggressive
,New York (USA),1931.??.??,Kevitz Alexander,Capablanca Jose Raul (CUB),0-1,A12,80,0.0,0.35,0.0,2.975,1.4,0.3125,2.6375,9.4875,8.2875,13.218940746753244,9.8875,0.0,9.8875,0.4125,0.1625,28,18,2,0,0,2,0.35,0.225,0.025,0.0,0.0,61.45,38.55,Aggressive
,New York (USA),1931.??.??,Kupchik Abraham (USA),Capablanca Jose Raul (CUB),0-1,C73,110,0.0,0.8909090909090909,0.5,0.7545454545454545,4.036363636363636,0.6181818181818182,2.6363636363636362,8.727272727272727,8.254545454545454,10.108080606262423,7.218181818181818,0.0,7.218181818181818,0.5272727272727272,0.02727272727272727,22,20,6,0,0,2,0.2,0.1818,0.0545,0.0,0.0,64.91,35.09,Aggressive
,New York (USA),1931.??.??,Lasker Edward (GER),Capablanca Jose Raul (CUB),0-1,E35,158,0.0,1.3417721518987342,0.7151898734177216,0.44936708860759494,3.518987341772152,0.9177215189873418,2.3607594936708862,8.930379746835444,9.962025316455696,9.3318059050654,5.7405063291139244,0.22784810126582278,5.7405063291139244,0.31645569620253167,0.05063291139240506,36,16,8,0,0,4,0.2278,0.1013,0.0506,0.0,0.0,71.5,28.5,Aggressive
,New York (USA),1931.??.??,Marshall Frank J (USA),Capablanca Jose Raul (CUB),0-1,E16,72,0.0,0.3611111111111111,0.0,4.75,0.6944444444444444,0.3472222222222222,3.0,10.805555555555555,9.347222222222221,13.432665752457412,10.48611111111111,0.06944444444444445,10.48611111111111,0.18055555555555555,0.041666666666666664,16,18,2,0,0,0,0.2222,0.25,0.0278,0.0,0.0,52.18,47.82,Aggressive
Capablanca - Euwe,The Hague,1931.07.12,Jose Raul Capablanca,Max Euwe,1/2-1/2,E34,42,0.0,0.07142857142857142,0.0,1.7857142857142858,0.7380952380952381,0.07142857142857142,2.4047619047619047,9.404761904761905,7.023809523809524,13.297960769389341,10.595238095238095,0.0,10.595238095238095,0.23809523809523808,0.023809523809523808,14,6,2,0,0,2,0.3333,0.1429,0.0476,0.0,0.0,44.15,55.85,Positional
Betby King's Gambit - ICE 2026,?,2026.01.20,"Carlsen, Magnus","Nakamura, Hikaru",1/2-1/2,,73,0.0,0.3013698630136986,0.0136986301369863,3.6986301369863015,1.8082191780821917,0.3013698630136986,2.863013698630137,10.315068493150685,8.58904109589041,13.248260909562276,10.602739726027398,0.0684931506849315,10.602739726027398,0.4794520547945205,0.1506849315068493,20,6,4,0,0,0,0.274,0.0822,0.0548,0.0,0.0,51.38,48.62,Aggressive
January 20 2026,?,2026.01.20,"Carlsen, Magnus","Lazavik, Denis",1/2-1/2,,194,0.0,1.2371134020618557,1.2474226804123711,0.13917525773195877,3.9123711340206184,0.9278350515463918,1.9381443298969072,7.201030927835052,7.994845360824742,7.834753934496202,4.0,0.005154639175257732,4.0,0.31958762886597936,0.0,36,30,4,0,0,2,0.1856,0.1546,0.0206,0.0,0.0,77.33,22.67,Aggressive
January 20 2026,?,2026.01.20,"Carlsen, Magnus","So, Wesley",1/2-1/2,,200,0.0,1.18,0.735,0.65,4.93,0.72,1.65,6.805,7.59,7.968679584304583,4.5,0.0,4.5,0.6,0.03,32,20,2,0,0,0,0.16,0.1,0.01,0.0,0.0,73.65,26.35,Aggressive
January 20 2026,?,2026.01.20,"Carlsen, Magnus","Sevian, Samuel",1/2-1/2,,66,0.0,0.4090909090909091,0.0,0.16666666666666666,1.2424242424242424,0.4090909090909091,3.606060606060606,10.924242424242424,9.712121212121213,15.543073593073586,12.833333333333334,0.18181818181818182,12.833333333333334,0.25757575757575757,0.0,12,6,0,0,0,0,0.1818,0.0909,0.0,0.0,0.0,33.34,66.66,Positional
January 27 2026,?,2026.01.27,"Carlsen, Magnus","Bortnyk, Olexandr",1/2-1/2,,166,0.0,0.9457831325301205,0.463855421686747,1.283132530120482,1.891566265060241,0.5240963855421686,2.1325301204819276,8.385542168674698,7.933734939759036,9.243019513953252,6.006024096385542,0.0,6.006024096385542,0.3253012048192771,0.0,36,20,8,0,0,2,0.2169,0.1205,0.0482,0.0,0.0,73.18,26.82,Aggressive
February 03 2026,?,2026.02.03,"Carlsen, Magnus","Tabatabaei, M. Amin",1/2-1/2,,150,0.0,0.9333333333333333,0.9333333333333333,1.6066666666666667,4.673333333333333,0.72,1.7466666666666666,7.006666666666667,8.18,9.56189948939949,4.826666666666667,0.02,4.826666666666667,0.5333333333333333,0.08666666666666667,30,20,6,0,0,2,0.2,0.1333,0.04,0.0,0.0,72.73,27.27,Aggressive
Speed Chess Championship 2025,?,2026.02.07,"Carlsen, Magnus","Lazavik, Denis",1/2-1/2,,88,0.0,0.3409090909090909,0.056818181818181816,0.3409090909090909,1.3409090909090908,0.2727272727272727,2.8295454545454546,10.079545454545455,6.318181818181818,12.988221437653259,10.238636363636363,0.0,10.238636363636363,0.36363636363636365,0.0,20,8,4,0,0,2,0.2273,0.0909,0.0455,0.0,0.0,52.41,47.59,Aggressive
Speed Chess Championship 2025,?,2026.02.07,"Carlsen, Magnus","Lazavik, Denis",1/2-1/2,,236,0.0,1.2584745762711864,1.7372881355932204,1.2796610169491525,3.042372881355932,1.1398305084745763,2.483050847457627,8.114406779661017,8.114406779661017,9.630432056173586,4.25,0.06779661016949153,4.25,0.5847457627118644,0.05508474576271186,28,28,4,0,0,2,0.1186,0.1186,0.0169,0.0,0.0,72.27,27.73,Aggressive
Norway Chess,?,2026.06.02,"Carlsen, Magnus",Praggnanandhaa R,0-1,,100,0.0,1.03,0.48,7.85,0.78,0.94,2.76,10.29,12.3,10.3387876012876,7.12,0.0,7.12,0.11,0.32,28,14,8,0,0,0,0.28,0.14,0.08,0.0,0.0,65.28,34.72,Aggressive
Rapid,?,2026.06.18,"Carlsen, Magnus",Erigaisi Arjun,0-1,,60,0.0,0.5833333333333334,0.016666666666666666,3.2666666666666666,1.35,0.5833333333333334,3.283333333333333,10.683333333333334,8.85,14.325867095867098,11.016666666666667,0.1,11.016666666666667,0.45,0.36666666666666664,14,10,4,0,0,0,0.2333,0.1667,0.0667,0.0,0.0,46.82,53.18,Positional
June 18 First 2026,?,2026.06.18,"Carlsen, Magnus","Terry, Renato",0-1,,86,0.0,0.8372093023255814,0.0,4.883720930232558,0.37209302325581395,0.627906976744186,2.6744186046511627,10.430232558139535,10.546511627906977,12.241598356423939,9.546511627906977,0.06976744186046512,9.546511627906977,0.1511627906976744,0.06976744186046512,18,20,2,0,0,0,0.2093,0.2326,0.0233,0.0,0.0,55.82,44.18,Aggressive
Rapid,?,2026.06.19,"Carlsen, Magnus","Sindarov, Javokhir",0-1,,124,0.0,1.0725806451612903,0.25806451612903225,3.685483870967742,1.6451612903225807,0.8790322580645161,2.532258064516129,10.32258064516129,11.17741935483871,11.381140566422825,8.03225806451613,0.1693548387096774,8.03225806451613,0.20967741935483872,0.1935483870967742,20,22,6,0,0,2,0.1613,0.1774,0.0484,0.0,0.0,61.44,38.56,Aggressive
Blitz knockout,?,2026.06.21,"Carlsen, Magnus","Artemiev, Vladislav",0-1,,33,0.0,0.36363636363636365,0.5757575757575758,1.0909090909090908,0.8484848484848485,0.36363636363636365,2.0,9.242424242424242,7.757575757575758,13.443136661318482,10.545454545454545,0.0,10.545454545454545,0.21212121212121213,0.030303030303030304,14,6,4,0,0,2,0.4242,0.1818,0.1212,0.0,0.0,45.74,54.26,Positional
July 09 First 2026,?,2026.07.09,"Carlsen, Magnus","Grischuk, Alexander",0-1,,74,0.0,0.17567567567567569,0.013513513513513514,0.44594594594594594,1.7702702702702702,0.0945945945945946,1.6081081081081081,7.351351351351352,6.256756756756757,11.648614373614372,8.864864864864865,0.06756756756756757,8.864864864864865,0.14864864864864866,0.04054054054054054,28,20,6,0,0,2,0.3784,0.2703,0.0811,0.0,0.0,67.0,33.0,Aggressive
July 11 2026,?,2026.07.11,"Carlsen, Magnus","Yoo, Christopher Woojin",0-1,,82,0.0,0.5487804878048781,0.0,6.634146341463414,0.9634146341463414,0.5487804878048781,2.731707317073171,9.451219512195122,10.78048780487805,12.894654024836951,9.268292682926829,0.0,9.268292682926829,0.43902439024390244,0.5975609756097561,20,18,4,0,0,0,0.2439,0.2195,0.0488,0.0,0.0,58.32,41.68,Aggressive
July 11 2026,?,2026.07.11,"Carlsen, Magnus","Terry, Renato",0-1,,184,0.0,0.9728260869565217,0.907608695652174,1.0217391304347827,5.657608695652174,0.6141304347826086,2.005434782608696,7.711956521739131,9.206521739130435,8.555247696144436,4.635869565217392,0.0,4.635869565217392,0.625,0.06521739130434782,34,22,4,0,0,2,0.1848,0.1196,0.0217,0.0,0.0,73.62,26.38,Aggressive
July 11 2026,?,2026.07.11,"Carlsen, Magnus","Tang, Andrew",0-1,,92,0.0,0.5869565217391305,0.31521739130434784,4.478260869565218,0.17391304347826086,0.5543478260869565,2.619565217391304,9.630434782608695,9.51086956521739,11.119834000540523,8.206521739130435,0.010869565217391304,8.206521739130435,0.10869565217391304,0.06521739130434782,22,20,4,0,0,0,0.2391,0.2174,0.0435,0.0,0.0,61.35,38.65,Aggressive
July 11 2026,?,2026.07.11,"Carlsen, Magnus",Srihari L R,0-1,,98,0.0,1.4285714285714286,0.9081632653061225,0.24489795918367346,3.0,1.1224489795918366,2.4489795918367347,9.204081632653061,10.551020408163266,8.47332970317664,5.5,0.05102040816326531,5.5,0.3469387755102041,0.04081632653061224,22,36,4,0,0,0,0.2245,0.3673,0.0408,0.0,0.0,68.97,31.03,Aggressive
July 30 Second 2026,?,2026.07.30,"Carlsen, Magnus","Suyarov, Mukhammadzokhid",0-1,,96,0.0,0.6666666666666666,0.5833333333333334,0.21875,0.9166666666666666,0.3645833333333333,2.71875,10.0,8.072916666666666,12.77407069203944,10.145833333333334,0.28125,10.145833333333334,0.23958333333333334,0.0,28,22,6,0,0,2,0.2917,0.2292,0.0625,0.0,0.0,63.01,36.99,Aggressive
August 04 2026,?,2026.08.04,"Carlsen, Magnus",Erigaisi Arjun,0-1,,98,0.0,0.41836734693877553,0.3163265306122449,3.86734693877551,2.622448979591837,0.3469387755102041,2.989795918367347,10.724489795918368,9.142857142857142,13.011723339019252,9.785714285714286,0.0,9.785714285714286,0.336734693877551,0.10204081632653061,24,10,0,0,0,0,0.2449,0.102,0.0,0.0,0.0,54.52,45.48,Aggressive
August 18 2026,?,2026.08.18,"Carlsen, Magnus","Henriquez Villagra, Cristobal",0-1,,130,0.0,0.8076923076923077,0.6384615384615384,1.3846153846153846,2.7615384615384615,0.7615384615384615,2.6615384615384614,10.276923076923078,10.246153846153845,12.296611209303515,7.530769230769231,0.06153846153846154,7.530769230769231,0.33076923076923076,0.007692307692307693,26,24,8,0,0,2,0.2,0.1846,0.0615,0.0,0.0,65.32,34.68,Aggressive
Main Event,?,2026.09.12,"Carlsen, Magnus","Firouzja, Alireza",0-1,,98,0.0,0.6122448979591837,0.4489795918367347,1.2755102040816326,2.642857142857143,0.5816326530612245,2.836734693877551,10.346938775510203,9.479591836734693,11.47211917900694,8.081632653061224,0.0,8.081632653061224,0.4897959183673469,0.0,28,18,10,0,0,2,0.2857,0.1837,0.102,0.0,0.0,65.42,34.58,Aggressive
Main Event,?,2026.09.13,"Carlsen, Magnus","Nepomniachtchi, Ian",0-1,,78,0.0,0.2692307692307692,0.0,3.1794871794871793,1.3717948717948718,0.2692307692307692,2.858974358974359,10.551282051282051,9.423076923076923,13.60859062589831,10.85897435897436,0.0,10.85897435897436,0.16666666666666666,0.15384615384615385,16,20,4,0,0,2,0.2051,0.2564,0.0513,0.0,0.0,53.9,46.1,Aggressive
September 19 2026,?,2026.09.19,"Carlsen, Magnus","Ohanyan, Emin",0-1,,140,0.0,0.8571428571428571,0.2357142857142857,3.8285714285714287,2.0428571428571427,0.37857142857142856,2.9,10.385714285714286,10.514285714285714,11.699512154512162,8.971428571428572,0.03571428571428571,8.971428571428572,0.36428571428571427,0.17142857142857143,26,22,6,0,0,2,0.1857,0.1571,0.0429,0.0,0.0,63.69,36.31,Aggressive
September 19 2026,?,2026.09.19,"Carlsen, Magnus","Bortnyk, Olexandr",0-1,,150,0.0,0.9333333333333333,0.64,0.66,4.786666666666667,0.7133333333333334,2.14,8.16,8.646666666666667,9.448896954896957,5.633333333333334,0.03333333333333333,5.633333333333334,0.35333333333333333,0.006666666666666667,26,30,6,0,0,2,0.1733,0.2,0.04,0.0,0.0,71.54,28.46,Aggressive
January 13 2026,?,2026.01.13,"Andreikin, Dmitry","Carlsen, Magnus",1-0,,99,0.0,0.5656565656565656,0.3939393939393939,2.888888888888889,1.5858585858585859,0.47474747474747475,2.606060606060606,9.757575757575758,8.030303030303031,11.041219106370624,7.444444444444445,0.0,7.444444444444445,0.3939393939393939,0.09090909090909091,22,22,6,0,0,4,0.2222,0.2222,0.0606,0.0,0.0,64.72,35.28,Aggressive
January 15 First 2026,?,2026.01.15,"Sanal, Vahap","Carlsen, Magnus",1-0,,159,0.0,1.4591194968553458,1.3962264150943395,0.13836477987421383,4.6918238993710695,1.1132075471698113,2.2264150943396226,9.062893081761006,9.761006289308176,8.817709229973378,4.735849056603773,0.03773584905660377,4.735849056603773,0.389937106918239,0.0,26,32,10,0,0,2,0.1635,0.2013,0.0629,0.0,0.0,73.04,26.96,Aggressive
January 15 First 2026,?,2026.01.15,"Martinez Alcantara, Jose Eduardo","Carlsen, Magnus",1-0,,111,0.0,0.8288288288288288,1.045045045045045,3.972972972972973,0.8828828828828829,0.8288288288288288,2.864864864864865,10.54054054054054,10.027027027027026,12.280688705688707,9.108108108108109,0.17117117117117117,9.108108108108109,0.17117117117117117,0.2882882882882883,24,24,8,0,0,2,0.2162,0.2162,0.0721,0.0,0.0,63.68,36.32,Aggressive
January 22 First 2026,?,2026.01.22,"Zhigalko, Sergei","Carlsen, Magnus",1-0,,105,0.0,0.2761904761904762,0.2761904761904762,1.5238095238095237,1.6857142857142857,0.26666666666666666,3.2095238095238097,10.542857142857143,8.676190476190476,13.020460544746255,10.41904761904762,0.009523809523809525,10.41904761904762,0.41904761904761906,0.009523809523809525,32,22,12,0,0,6,0.3048,0.2095,0.1143,0.0,0.0,66.84,33.16,Aggressive
January 27 2026,?,2026.01.27,"Bynum, Jacorey","Carlsen, Magnus",1-0,,71,0.0,0.30985915492957744,0.5774647887323944,2.535211267605634,1.267605633802817,0.28169014084507044,2.887323943661972,10.070422535211268,8.028169014084508,13.618538503749773,10.619718309859154,0.04225352112676056,10.619718309859154,0.36619718309859156,0.1267605633802817,22,12,0,0,0,0,0.3099,0.169,0.0,0.0,0.0,52.5,47.5,Aggressive
January 27 2026,?,2026.01.27,"Andreikin, Dmitry","Carlsen, Magnus",1-0,,157,0.0,1.0063694267515924,1.1401273885350318,0.39490445859872614,4.031847133757962,0.732484076433121,2.305732484076433,8.165605095541402,8.114649681528663,8.115004333953385,4.471337579617835,0.01910828025477707,4.471337579617835,0.535031847133758,0.025477707006369428,28,38,6,0,0,2,0.1783,0.242,0.0382,0.0,0.0,75.44,24.56,Aggressive
January 29 First 2026,?,2026.01.29,"Sarana, Alexey","Carlsen, Magnus",1-0,,107,0.0,0.6635514018691588,0.12149532710280374,1.6635514018691588,1.9439252336448598,0.5607476635514018,2.6448598130841123,9.373831775700934,8.242990654205608,11.029420657224394,8.242990654205608,0.0,8.242990654205608,0.12149532710280374,0.037383177570093455,20,22,2,0,0,2,0.1869,0.2056,0.0187,0.0,0.0,60.62,39.38,Aggressive
February 03 2026,?,2026.02.03,"Kravtsiv, Martyn","Carlsen, Magnus",1-0,,67,0.0,0.8955223880597015,0.29850746268656714,2.014925373134328,1.3432835820895523,0.8208955223880597,2.791044776119403,9.283582089552239,8.955223880597014,13.402566711895066,10.761194029850746,0.014925373134328358,10.761194029850746,0.34328358208955223,0.014925373134328358,24,6,4,2,2,0,0.3582,0.0896,0.0597,0.0299,0.0299,55.77,44.23,Aggressive
Speed Chess Championship 2025,?,2026.02.07,"Lazavik, Denis","Carlsen, Magnus",1-0,,59,0.0,0.2542372881355932,0.11864406779661017,0.8135593220338984,0.3389830508474576,0.2542372881355932,2.542372881355932,10.288135593220339,7.322033898305085,14.499764359933852,11.983050847457626,0.0,11.983050847457626,0.3389830508474576,0.0,14,10,6,0,0,4,0.2373,0.1695,0.1017,0.0,0.0,47.6,52.4,Positional
Speed Chess Championship 2025,?,2026.02.07,"Lazavik, Denis","Carlsen, Magnus",1-0,,81,0.0,0.24691358024691357,0.08641975308641975,2.111111111111111,1.3703703703703705,0.24691358024691357,2.8518518518518516,9.419753086419753,7.246913580246914,12.467396252581437,9.0,0.024691358024691357,9.0,0.2962962962962963,0.06172839506172839,18,20,8,0,0,4,0.2222,0.2469,0.0988,0.0,0.0,60.71,39.29,Aggressive
Speed Chess Championship 2025,?,2026.02.07,"Lazavik, Denis","Carlsen, Magnus",1-0,,61,0.0,0.3114754098360656,0.18032786885245902,1.5573770491803278,1.0491803278688525,0.08196721311475409,3.081967213114754,9.737704918032787,7.131147540983607,14.123035570986392,11.475409836065573,0.01639344262295082,11.475409836065573,0.0,0.0,16,8,2,0,0,0,0.2623,0.1311,0.0328,0.0,0.0,45.4,54.6,Positional
Speed Chess Championship 2025,?,2026.02.08,"Firouzja, Alireza","Carlsen, Magnus",1-0,,75,0.0,0.24,0.0,2.973333333333333,1.76,0.24,3.08,10.76,8.946666666666667,14.021111777111782,10.813333333333333,0.04,10.813333333333333,0.21333333333333335,0.05333333333333334,18,16,4,0,0,2,0.24,0.2133,0.0533,0.0,0.0,53.48,46.52,Aggressive
Speed Chess Championship 2025,?,2026.02.08,"Firouzja, Alireza","Carlsen, Magnus",1-0,,59,0.0,0.4745762711864407,0.01694915254237288,2.6440677966101696,0.864406779661017,0.4745762711864407,2.7457627118644066,9.59322033898305,8.288135593220339,14.464671204501714,11.23728813559322,0.03389830508474576,11.23728813559322,0.1864406779661017,0.3050847457627119,18,8,0,0,0,0,0.3051,0.1356,0.0,0.0,0.0,46.48,53.52,Positional
Speed Chess Championship 2025,?,2026.02.08,"Firouzja, Alireza","Carlsen, Magnus",1-0,,109,0.0,0.7155963302752294,0.12844036697247707,4.027522935779817,0.8165137614678899,0.5779816513761468,2.5688073394495414,10.100917431192661,9.908256880733944,12.043006051033577,9.174311926605505,0.09174311926605505,9.174311926605505,0.21100917431192662,0.1559633027522936,24,18,10,0,0,2,0.2202,0.1651,0.0917,0.0,0.0,63.15,36.85,Aggressive
Speed Chess Championship 2025,?,2026.02.08,"Firouzja, Alireza","Carlsen, Magnus",1-0,,97,0.0,0.3711340206185567,0.0,1.9690721649484537,1.597938144329897,0.31958762886597936,2.845360824742268,9.360824742268042,6.927835051546392,12.0412408896945,8.938144329896907,0.020618556701030927,8.938144329896907,0.16494845360824742,0.020618556701030927,32,14,6,0,0,2,0.3299,0.1443,0.0619,0.0,0.0,65.46,34.54,Aggressive
February 17 2026,?,2026.02.17,"Sevian, Samuel","Carlsen, Magnus",1-0,,111,0.0,0.7387387387387387,0.22522522522522523,2.3963963963963963,2.990990990990991,0.6576576576576577,2.5225225225225225,9.63963963963964,9.405405405405405,11.54450804450805,8.378378378378379,0.05405405405405406,8.378378378378379,0.21621621621621623,0.02702702702702703,28,26,4,0,0,2,0.2523,0.2342,0.036,0.0,0.0,66.31,33.69,Aggressive
February 17 2026,?,2026.02.17,"Pakleza, Zbigniew","Carlsen, Magnus",1-0,,79,0.0,0.379746835443038,0.02531645569620253,2.670886075949367,0.7848101265822784,0.379746835443038,3.050632911392405,10.60759493670886,7.860759493670886,14.343487244120158,11.746835443037975,0.05063291139240506,11.746835443037975,0.17721518987341772,0.06329113924050633,22,16,4,0,0,2,0.2785,0.2025,0.0506,0.0,0.0,55.61,44.39,Aggressive
February 24 2026,?,2026.02.24,"Duda, Jan-Krzysztof","Carlsen, Magnus",1-0,,71,0.0,0.5070422535211268,0.0,0.9436619718309859,1.2816901408450705,0.5070422535211268,3.492957746478873,11.28169014084507,8.830985915492958,15.122883298235413,12.507042253521126,0.09859154929577464,12.507042253521126,0.30985915492957744,0.04225352112676056,22,8,4,0,0,2,0.3099,0.1127,0.0563,0.0,0.0,49.84,50.16,Positional
March 10 2026,?,2026.03.10,"Movahed, Sina","Carlsen, Magnus",1-0,,105,0.0,0.6095238095238096,0.0,1.723809523809524,0.19047619047619047,0.3904761904761905,2.704761904761905,9.533333333333333,8.257142857142858,12.038355771212913,9.59047619047619,0.08571428571428572,9.59047619047619,0.11428571428571428,0.23809523809523808,22,16,6,0,0,2,0.2095,0.1524,0.0571,0.0,0.0,59.16,40.84,Aggressive
Playoffs,?,2026.04.24,"Lazavik, Denis","Carlsen, Magnus",1-0,,235,0.0,1.1531914893617021,0.6468085106382979,0.8042553191489362,5.787234042553192,0.7702127659574468,2.5063829787234044,8.476595744680852,11.302127659574468,10.535324380111613,5.259574468085106,0.04680851063829787,5.259574468085106,0.7361702127659574,0.00425531914893617,26,24,6,0,0,4,0.1106,0.1021,0.0255,0.0,0.0,68.58,31.42,Aggressive
Tepe Sigeman 2026,?,2026.05.04,"Van Foreest, Jorden","Carlsen, Magnus",1-0,,175,0.0,1.2914285714285714,0.7142857142857143,0.06857142857142857,4.2057142857142855,0.9885714285714285,1.9885714285714287,7.377142857142857,9.034285714285714,8.4793601160744,4.297142857142857,0.08,4.297142857142857,0.5485714285714286,0.005714285714285714,30,30,6,0,0,2,0.1714,0.1714,0.0343,0.0,0.0,74.66,25.34,Aggressive
May 19 2026,?,2026.05.19,"Sevian, Samuel","Carlsen, Magnus",1-0,,93,0.0,0.9139784946236559,0.40860215053763443,3.817204301075269,1.6666666666666667,0.7634408602150538,2.5913978494623655,10.580645161290322,9.268817204301076,12.241046886208174,9.096774193548388,0.021505376344086023,9.096774193548388,0.13978494623655913,0.0967741935483871,26,24,4,0,0,0,0.2796,0.2581,0.043,0.0,0.0,63.53,36.47,Aggressive
Norway Chess,?,2026.05.25,"Firouzja, Alireza","Carlsen, Magnus",1-0,,75,0.0,0.3333333333333333,0.0,0.96,1.08,0.29333333333333333,3.2533333333333334,10.56,8.88,13.510525363525367,10.333333333333334,0.21333333333333335,10.333333333333334,0.21333333333333335,0.0,20,14,4,0,0,0,0.2667,0.1867,0.0533,0.0,0.0,52.68,47.32,Aggressive
Norway Chess,?,2026.05.27,Praggnanandhaa R,"Carlsen, Magnus",1-0,,92,0.0,0.7065217391304348,0.3695652173913043,1.5326086956521738,1.641304347826087,0.6195652173913043,2.489130434782609,10.130434782608695,9.48913043478261,11.828645991689472,8.98913043478261,0.358695652173913,8.98913043478261,0.2391304347826087,0.10869565217391304,16,18,2,0,0,2,0.1739,0.1957,0.0217,0.0,0.0,53.92,46.08,Aggressive
Rapid,?,2026.06.18,"Sargsyan, Shant","Carlsen, Magnus",1-0,,99,0.0,0.5151515151515151,0.21212121212121213,0.5454545454545454,3.494949494949495,0.3838383838383838,2.98989898989899,10.494949494949495,8.757575757575758,11.993919436343676,8.848484848484848,0.10101010101010101,8.848484848484848,0.7070707070707071,0.010101010101010102,30,18,6,0,0,2,0.303,0.1818,0.0606,0.0,0.0,64.12,35.88,Aggressive
Olympiad,Buenos Aires (Argentina),1939.??.??,Capablanca Jose Raul (CUB),Czerniak Moshe (ISR),1-0,B22,67,0.0,0.3283582089552239,0.07462686567164178,5.029850746268656,0.6716417910447762,0.3283582089552239,2.925373134328358,10.432835820895523,9.925373134328359,13.158216576127023,9.313432835820896,0.04477611940298507,9.313432835820896,0.22388059701492538,0.1791044776119403,14,12,4,0,0,0,0.209,0.1791,0.0597,0.0,0.0,49.95,50.05,Positional
Olympiad,Buenos Aires (Argentina),1939.??.??,Capablanca Jose Raul (CUB),Grau Roberto (ARG),1/2-1/2,A25,84,0.0,0.5476190476190477,0.4642857142857143,3.8333333333333335,0.4642857142857143,0.47619047619047616,2.630952380952381,9.976190476190476,8.928571428571429,12.940478569049993,10.154761904761905,0.08333333333333333,10.154761904761905,0.023809523809523808,0.30952380952380953,14,16,6,0,0,0,0.1667,0.1905,0.0714,0.0,0.0,52.98,47.02,Aggressive
Olympiad,Buenos Aires (Argentina),1939.??.??,Capablanca Jose Raul (CUB),Mikenas Vladas I (EST),1-0,E36,51,0.0,0.45098039215686275,0.13725490196078433,1.1176470588235294,0.8431372549019608,0.4117647058823529,2.8823529411764706,9.509803921568627,6.901960784313726,13.684557980146218,11.27450980392157,0.17647058823529413,11.27450980392157,0.0784313725490196,0.0,16,8,6,0,0,4,0.3137,0.1569,0.1176,0.0,0.0,50.35,49.65,Aggressive
Olympiad,Buenos Aires (Argentina),1939.??.??,Capablanca Jose Raul (CUB),Petrov Vladimir M (LAT),1/2-1/2,D75,60,0.0,0.2,0.0,2.45,2.4166666666666665,0.18333333333333332,2.1666666666666665,8.233333333333333,7.933333333333334,12.492863617863616,8.85,0.0,8.85,0.38333333333333336,0.3333333333333333,24,18,10,0,0,4,0.4,0.3,0.1667,0.0,0.0,65.17,34.83,Aggressive
Olympiad,Buenos Aires (Argentina),1939.??.??,Capablanca Jose Raul (CUB),Stahlberg Gideon (SWE),1/2-1/2,D68,59,0.0,0.1016949152542373,0.0,1.152542372881356,1.1016949152542372,0.1016949152542373,2.8813559322033897,10.474576271186441,6.271186440677966,14.346366580688619,11.711864406779661,0.01694915254237288,11.711864406779661,0.05084745762711865,0.0,14,14,2,0,0,0,0.2373,0.2373,0.0339,0.0,0.0,46.38,53.62,Positional
Olympiad,Buenos Aires (Argentina),1939.??.??,Capablanca Jose Raul (CUB),Trompowsky Octavio,1-0,E00,71,0.0,0.4647887323943662,0.2112676056338028,0.9154929577464789,1.056338028169014,0.4507042253521127,2.492957746478873,9.56338028169014,6.859154929577465,12.268273666865213,9.43661971830986,0.09859154929577464,9.43661971830986,0.29577464788732394,0.09859154929577464,20,12,4,0,0,2,0.2817,0.169,0.0563,0.0,0.0,55.8,44.2,Aggressive
Olympiad,Buenos Aires (Argentina),1939.??.??,Capablanca Jose Raul (CUB),Van Scheltinga Theo D (NED),1-0,E32,79,0.0,0.6075949367088608,0.0,3.4430379746835444,1.3417721518987342,0.6075949367088608,2.6582278481012658,10.417721518987342,8.164556962025317,11.74582650120625,8.556962025316455,0.0,8.556962025316455,0.08860759493670886,0.13924050632911392,32,16,10,0,0,2,0.4051,0.2025,0.1266,0.0,0.0,67.31,32.69,Aggressive
Olympiad,Buenos Aires (Argentina),1939.??.??,Capablanca Jose Raul (CUB),Vassaux G,1-0,D47,59,0.0,0.6101694915254238,0.0,1.6101694915254237,0.1016949152542373,0.576271186440678,3.1016949152542375,10.64406779661017,8.932203389830509,14.55714219866762,11.76271186440678,0.559322033898305,11.76271186440678,0.0,0.0,18,8,4,0,0,0,0.3051,0.1356,0.0678,0.0,0.0,46.96,53.04,Positional
,Buenos Aires (Argentina),1939.??.??,Capablanca Jose Raul (CUB),Anonymous 1,1-0,A84,41,0.0,0.2682926829268293,0.3170731707317073,1.2439024390243902,0.14634146341463414,0.2682926829268293,3.1219512195121952,10.609756097560975,7.146341463414634,14.507364586632884,11.902439024390244,0.0,11.902439024390244,0.07317073170731707,0.21951219512195122,14,4,4,0,0,0,0.3415,0.0976,0.0976,0.0,0.0,40.66,59.34,Positional
It,Margate (England),1939.??.??,Capablanca Jose Raul (CUB),Golombek Harry (ENG),1-0,D38,57,0.0,0.3333333333333333,0.0,2.2982456140350878,0.7017543859649122,0.3333333333333333,2.8771929824561404,10.368421052631579,8.035087719298245,14.510150083834295,11.649122807017545,0.08771929824561403,11.649122807017545,0.15789473684210525,0.05263157894736842,14,12,0,0,0,0,0.2456,0.2105,0.0,0.0,0.0,43.73,56.27,Positional
It,Margate (England),1939.??.??,Capablanca Jose Raul (CUB),Menchik Vera,1-0,D34,94,0.0,0.7659574468085106,0.2872340425531915,1.7446808510638299,2.6808510638297873,0.648936170212766,2.393617021276596,9.457446808510639,8.340425531914894,11.757675332941291,8.670212765957446,0.0425531914893617,8.670212765957446,0.3723404255319149,0.0,28,16,2,0,0,2,0.2979,0.1702,0.0213,0.0,0.0,62.77,37.23,Aggressive
It,Margate (England),1939.??.??,Capablanca Jose Raul (CUB),Thomas George A (ENG),1-0,C76,77,0.0,0.23376623376623376,0.2077922077922078,0.36363636363636365,1.5584415584415585,0.18181818181818182,2.883116883116883,10.623376623376624,7.545454545454546,14.352199387913668,11.909090909090908,0.0,11.909090909090908,0.025974025974025976,0.0,18,8,2,0,0,0,0.2338,0.1039,0.026,0.0,0.0,45.77,54.23,Positional
It,Margate (England),1939.??.??,Capablanca Jose Raul (CUB),Wheatcroft Ge,1-0,B20,39,0.0,0.6410256410256411,0.23076923076923078,0.5128205128205128,1.0256410256410255,0.48717948717948717,2.58974358974359,9.41025641025641,6.846153846153846,14.389400770169999,12.153846153846153,0.05128205128205128,12.153846153846153,0.38461538461538464,0.10256410256410256,16,8,4,0,0,2,0.4103,0.2051,0.1026,0.0,0.0,47.33,52.67,Positional
Olympiad,Buenos Aires (Argentina),1941.??.??,Capablanca Jose Raul (CUB),Villegas Benito H (ARG),1-0,D04,65,0.0,0.26153846153846155,0.0,2.292307692307692,0.8461538461538461,0.26153846153846155,3.0,10.4,6.338461538461538,13.436674137827987,10.215384615384615,0.0,10.215384615384615,0.2153846153846154,0.07692307692307693,18,8,0,0,0,0,0.2769,0.1231,0.0,0.0,0.0,47.6,52.4,Positional
Simultan,Habana (Cuba),1941.??.??,Capablanca Jose Raul (CUB),Bucelo A,1/2-1/2,A20,76,0.0,0.4342105263157895,0.0,0.5263157894736842,4.2105263157894735,0.39473684210526316,2.3947368421052633,8.289473684210526,7.644736842105263,11.38227740826425,8.276315789473685,0.013157894736842105,8.276315789473685,0.40789473684210525,0.07894736842105263,26,28,6,0,0,4,0.3421,0.3684,0.0789,0.0,0.0,68.27,31.73,Aggressive
,Habana (Cuba),1941.??.??,Capablanca Jose Raul (CUB),Gelabert J A,1/2-1/2,B23,64,0.0,0.40625,0.0,1.15625,1.15625,0.34375,2.359375,9.421875,6.3125,14.269372034215786,11.6875,0.09375,11.6875,0.046875,0.015625,14,10,4,0,0,0,0.2188,0.1562,0.0625,0.0,0.0,46.88,53.12,Positional
,Habana (Cuba),1941.??.??,Capablanca Jose Raul (CUB),Gonzalez Manchon Juan Miguel (ESP),1/2-1/2,C00,135,0.0,1.1111111111111112,0.14814814814814814,0.21481481481481482,1.711111111111111,0.4,2.8740740740740742,9.511111111111111,8.62962962962963,11.503532249643357,9.022222222222222,0.007407407407407408,9.022222222222222,0.13333333333333333,0.0,26,32,4,0,0,2,0.1926,0.237,0.0296,0.0,0.0,65.92,34.08,Aggressive
Ch Manhattan Chess Club,New York (USA),1941.??.??,Capablanca Jose Raul (CUB),Forsberg H,1-0,A40,65,0.0,0.5384615384615384,0.2,1.0461538461538462,2.4615384615384617,0.5384615384615384,2.6923076923076925,9.738461538461538,7.630769230769231,13.28766767420613,10.215384615384615,0.13846153846153847,10.215384615384615,0.5692307692307692,0.23076923076923078,26,16,0,0,0,0,0.4,0.2462,0.0,0.0,0.0,57.73,42.27,Aggressive
Ch Manhattan Chess Club,New York (USA),1941.??.??,Capablanca Jose Raul (CUB),Karff May N,0-1,B24,50,0.0,0.42,0.0,2.78,0.68,0.42,2.22,8.54,6.6,12.813881895881899,10.54,0.08,10.54,0.0,0.0,20,8,2,0,0,0,0.4,0.16,0.04,0.0,0.0,52.79,47.21,Aggressive
Ch Manhattan Chess Club,New York (USA),1941.??.??,Capablanca Jose Raul (CUB),Lewis James E (DOM),0-1,B24,72,0.0,0.5416666666666666,0.0,2.3194444444444446,1.9027777777777777,0.4861111111111111,2.75,10.11111111111111,8.097222222222221,12.752616904700238,10.055555555555555,0.06944444444444445,10.055555555555555,0.19444444444444445,0.0,16,12,8,0,0,4,0.2222,0.1667,0.1111,0.0,0.0,55.28,44.72,Aggressive
,Pinar del Rio (Cuba),1941.??.??,Capablanca Jose Raul (CUB),Castillo Jose (NCA),1/2-1/2,E35,65,0.0,0.4,0.0,2.723076923076923,0.9538461538461539,0.4,2.646153846153846,10.4,8.384615384615385,13.745098107021185,10.830769230769231,0.015384615384615385,10.830769230769231,0.38461538461538464,0.09230769230769231,26,6,6,0,0,2,0.4,0.0923,0.0923,0.0,0.0,56.37,43.63,Aggressive
,Pinar del Rio (Cuba),1941.??.??,Capablanca Jose Raul (CUB),Celorio Rodriguez Mas,1-0,C00,63,0.0,1.1587301587301588,0.047619047619047616,2.4444444444444446,0.6825396825396826,0.7777777777777778,2.7301587301587302,10.34920634920635,8.015873015873016,13.603500071357221,11.0,0.25396825396825395,11.0,0.12698412698412698,0.0,24,12,8,0,0,4,0.381,0.1905,0.127,0.0,0.0,59.22,40.78,Aggressive
,Pinar del Rio (Cuba),1941.??.??,Capablanca Jose Raul (CUB),Lluis R,1-0,A16,79,0.0,0.9620253164556962,0.13924050632911392,1.139240506329114,0.6329113924050633,0.7721518987341772,3.1392405063291138,10.177215189873417,6.772151898734177,14.500002072470425,12.189873417721518,0.02531645569620253,12.189873417721518,0.11392405063291139,0.02531645569620253,26,10,8,0,0,4,0.3291,0.1266,0.1013,0.0,0.0,58.31,41.69,Aggressive
,Pinar del Rio (Cuba),1941.??.??,Capablanca Jose Raul (CUB),Rodriguez Carnero A,1-0,E20,43,0.0,0.37209302325581395,0.27906976744186046,0.3488372093023256,0.3488372093023256,0.2558139534883721,2.9302325581395348,9.790697674418604,6.232558139534884,14.95685748360167,12.511627906976743,0.046511627906976744,12.511627906976743,0.13953488372093023,0.06976744186046512,12,0,2,0,0,0,0.2791,0.0,0.0465,0.0,0.0,32.45,67.55,Positional
Margate,Margate ENG,1939.04.16,Jose Raul Capablanca,Vera Menchik,1-0,D34,93,0.0,0.7634408602150538,0.27956989247311825,1.7634408602150538,2.6021505376344085,0.6451612903225806,2.4086021505376345,9.483870967741936,8.279569892473118,11.851843884908403,8.731182795698924,0.043010752688172046,8.731182795698924,0.3655913978494624,0.0,28,16,2,0,0,2,0.3011,0.172,0.0215,0.0,0.0,62.66,37.34,Aggressive
